keyword,normalized_query,primary_intent,cluster_id,target_url,priority_tier,search_volume,kd,cpc,source_ref,observed_at,status
gói cước fpt,gói cước fpt,COMMERCIAL,PACKAGES,/goi-cuoc-fpt/,P0,UNKNOWN,UNKNOWN,UNKNOWN,https://fpt.vn/,2026-08-15,VERIFIED_INTENT
bảng giá fpt,bảng giá fpt,COMMERCIAL,PACKAGES,/goi-cuoc-fpt/,P0,UNKNOWN,UNKNOWN,UNKNOWN,https://fpt.vn/,2026-08-15,VERIFIED_INTENT
gói internet fpt,gói internet fpt,COMMERCIAL,PACKAGES,/goi-cuoc-fpt/,P0,UNKNOWN,UNKNOWN,UNKNOWN,https://fpt.vn/,2026-08-15,VERIFIED_INTENT
gói cước fpt giá,gói cước fpt giá,COMMERCIAL,PACKAGES,/goi-cuoc-fpt/,P0,UNKNOWN,UNKNOWN,UNKNOWN,https://fpt.vn/,2026-08-15,VARIANT_MAPPED
gói cước fpt đăng ký,gói cước fpt đăng ký,COMMERCIAL,PACKAGES,/goi-cuoc-fpt/,P0,UNKNOWN,UNKNOWN,UNKNOWN,https://fpt.vn/,2026-08-15,VARIANT_MAPPED
gói cước fpt tư vấn,gói cước fpt tư vấn,COMMERCIAL,PACKAGES,/goi-cuoc-fpt/,P0,UNKNOWN,UNKNOWN,UNKNOWN,https://fpt.vn/,2026-08-15,VARIANT_MAPPED
gói cước fpt mới nhất,gói cước fpt mới nhất,COMMERCIAL,PACKAGES,/goi-cuoc-fpt/,P0,UNKNOWN,UNKNOWN,UNKNOWN,https://fpt.vn/,2026-08-15,VARIANT_MAPPED
bảng giá fpt,bảng giá fpt,COMMERCIAL,PACKAGES,/bang-gia-fpt/,P0,UNKNOWN,UNKNOWN,UNKNOWN,https://fpt.vn/,2026-08-15,VERIFIED_INTENT
giá mạng fpt,giá mạng fpt,COMMERCIAL,PACKAGES,/bang-gia-fpt/,P0,UNKNOWN,UNKNOWN,UNKNOWN,https://fpt.vn/,2026-08-15,VERIFIED_INTENT
giá internet fpt,giá internet fpt,COMMERCIAL,PACKAGES,/bang-gia-fpt/,P0,UNKNOWN,UNKNOWN,UNKNOWN,https://fpt.vn/,2026-08-15,VERIFIED_INTENT
bảng giá fpt giá,bảng giá fpt giá,COMMERCIAL,PACKAGES,/bang-gia-fpt/,P0,UNKNOWN,UNKNOWN,UNKNOWN,https://fpt.vn/,2026-08-15,VARIANT_MAPPED
bảng giá fpt đăng ký,bảng giá fpt đăng ký,COMMERCIAL,PACKAGES,/bang-gia-fpt/,P0,UNKNOWN,UNKNOWN,UNKNOWN,https://fpt.vn/,2026-08-15,VARIANT_MAPPED
bảng giá fpt tư vấn,bảng giá fpt tư vấn,COMMERCIAL,PACKAGES,/bang-gia-fpt/,P0,UNKNOWN,UNKNOWN,UNKNOWN,https://fpt.vn/,2026-08-15,VARIANT_MAPPED
bảng giá fpt mới nhất,bảng giá fpt mới nhất,COMMERCIAL,PACKAGES,/bang-gia-fpt/,P0,UNKNOWN,UNKNOWN,UNKNOWN,https://fpt.vn/,2026-08-15,VARIANT_MAPPED
combo fpt,combo fpt,COMMERCIAL,COMBO,/combo-fpt/,P0,UNKNOWN,UNKNOWN,UNKNOWN,https://fpt.vn/,2026-08-15,VERIFIED_INTENT
combo internet fpt,combo internet fpt,COMMERCIAL,COMBO,/combo-fpt/,P0,UNKNOWN,UNKNOWN,UNKNOWN,https://fpt.vn/,2026-08-15,VERIFIED_INTENT
internet truyền hình fpt,internet truyền hình fpt,COMMERCIAL,COMBO,/combo-fpt/,P0,UNKNOWN,UNKNOWN,UNKNOWN,https://fpt.vn/,2026-08-15,VERIFIED_INTENT
combo fpt giá,combo fpt giá,COMMERCIAL,COMBO,/combo-fpt/,P0,UNKNOWN,UNKNOWN,UNKNOWN,https://fpt.vn/,2026-08-15,VARIANT_MAPPED
combo fpt đăng ký,combo fpt đăng ký,COMMERCIAL,COMBO,/combo-fpt/,P0,UNKNOWN,UNKNOWN,UNKNOWN,https://fpt.vn/,2026-08-15,VARIANT_MAPPED
combo fpt tư vấn,combo fpt tư vấn,COMMERCIAL,COMBO,/combo-fpt/,P0,UNKNOWN,UNKNOWN,UNKNOWN,https://fpt.vn/,2026-08-15,VARIANT_MAPPED
combo fpt mới nhất,combo fpt mới nhất,COMMERCIAL,COMBO,/combo-fpt/,P0,UNKNOWN,UNKNOWN,UNKNOWN,https://fpt.vn/,2026-08-15,VARIANT_MAPPED
internet truyền hình fpt,internet truyền hình fpt,COMMERCIAL,COMBO,/internet-truyen-hinh-fpt/,P1,UNKNOWN,UNKNOWN,UNKNOWN,https://fpt.vn/,2026-08-15,VERIFIED_INTENT
combo internet truyền hình fpt,combo internet truyền hình fpt,COMMERCIAL,COMBO,/internet-truyen-hinh-fpt/,P1,UNKNOWN,UNKNOWN,UNKNOWN,https://fpt.vn/,2026-08-15,VERIFIED_INTENT
internet + truyền hình fpt giá,internet + truyền hình fpt giá,COMMERCIAL,COMBO,/internet-truyen-hinh-fpt/,P1,UNKNOWN,UNKNOWN,UNKNOWN,https://fpt.vn/,2026-08-15,VARIANT_MAPPED
internet + truyền hình fpt đăng ký,internet + truyền hình fpt đăng ký,COMMERCIAL,COMBO,/internet-truyen-hinh-fpt/,P1,UNKNOWN,UNKNOWN,UNKNOWN,https://fpt.vn/,2026-08-15,VARIANT_MAPPED
internet + truyền hình fpt tư vấn,internet + truyền hình fpt tư vấn,COMMERCIAL,COMBO,/internet-truyen-hinh-fpt/,P1,UNKNOWN,UNKNOWN,UNKNOWN,https://fpt.vn/,2026-08-15,VARIANT_MAPPED
internet + truyền hình fpt mới nhất,internet + truyền hình fpt mới nhất,COMMERCIAL,COMBO,/internet-truyen-hinh-fpt/,P1,UNKNOWN,UNKNOWN,UNKNOWN,https://fpt.vn/,2026-08-15,VARIANT_MAPPED
f-game fpt,f-game fpt,COMMERCIAL,GAMING,/f-game-fpt/,P0,UNKNOWN,UNKNOWN,UNKNOWN,https://fpt.vn/internet/game-thu,2026-08-15,VERIFIED_INTENT
mạng fpt chơi game,mạng fpt chơi game,COMMERCIAL,GAMING,/f-game-fpt/,P0,UNKNOWN,UNKNOWN,UNKNOWN,https://fpt.vn/internet/game-thu,2026-08-15,VERIFIED_INTENT
internet game thủ fpt,internet game thủ fpt,COMMERCIAL,GAMING,/f-game-fpt/,P0,UNKNOWN,UNKNOWN,UNKNOWN,https://fpt.vn/internet/game-thu,2026-08-15,VERIFIED_INTENT
f-game fpt giá,f-game fpt giá,COMMERCIAL,GAMING,/f-game-fpt/,P0,UNKNOWN,UNKNOWN,UNKNOWN,https://fpt.vn/internet/game-thu,2026-08-15,VARIANT_MAPPED
f-game fpt đăng ký,f-game fpt đăng ký,COMMERCIAL,GAMING,/f-game-fpt/,P0,UNKNOWN,UNKNOWN,UNKNOWN,https://fpt.vn/internet/game-thu,2026-08-15,VARIANT_MAPPED
f-game fpt tư vấn,f-game fpt tư vấn,COMMERCIAL,GAMING,/f-game-fpt/,P0,UNKNOWN,UNKNOWN,UNKNOWN,https://fpt.vn/internet/game-thu,2026-08-15,VARIANT_MAPPED
f-game fpt mới nhất,f-game fpt mới nhất,COMMERCIAL,GAMING,/f-game-fpt/,P0,UNKNOWN,UNKNOWN,UNKNOWN,https://fpt.vn/internet/game-thu,2026-08-15,VARIANT_MAPPED
mesh wifi fpt,mesh wifi fpt,COMMERCIAL,WIFI,/mesh-wifi-fpt/,P1,UNKNOWN,UNKNOWN,UNKNOWN,https://fpt.vn/,2026-08-15,VERIFIED_INTENT
wifi fpt nhà nhiều tầng,wifi fpt nhà nhiều tầng,COMMERCIAL,WIFI,/mesh-wifi-fpt/,P1,UNKNOWN,UNKNOWN,UNKNOWN,https://fpt.vn/,2026-08-15,VERIFIED_INTENT
bộ phát wifi fpt,bộ phát wifi fpt,COMMERCIAL,WIFI,/mesh-wifi-fpt/,P1,UNKNOWN,UNKNOWN,UNKNOWN,https://fpt.vn/,2026-08-15,VERIFIED_INTENT
mesh wifi fpt giá,mesh wifi fpt giá,COMMERCIAL,WIFI,/mesh-wifi-fpt/,P1,UNKNOWN,UNKNOWN,UNKNOWN,https://fpt.vn/,2026-08-15,VARIANT_MAPPED
mesh wifi fpt đăng ký,mesh wifi fpt đăng ký,COMMERCIAL,WIFI,/mesh-wifi-fpt/,P1,UNKNOWN,UNKNOWN,UNKNOWN,https://fpt.vn/,2026-08-15,VARIANT_MAPPED
mesh wifi fpt tư vấn,mesh wifi fpt tư vấn,COMMERCIAL,WIFI,/mesh-wifi-fpt/,P1,UNKNOWN,UNKNOWN,UNKNOWN,https://fpt.vn/,2026-08-15,VARIANT_MAPPED
mesh wifi fpt mới nhất,mesh wifi fpt mới nhất,COMMERCIAL,WIFI,/mesh-wifi-fpt/,P1,UNKNOWN,UNKNOWN,UNKNOWN,https://fpt.vn/,2026-08-15,VARIANT_MAPPED
wifi 6 fpt,wifi 6 fpt,INFORMATIONAL,WIFI,/wifi-6-fpt/,P1,UNKNOWN,UNKNOWN,UNKNOWN,https://fpt.vn/,2026-08-15,VERIFIED_INTENT
modem wifi 6 fpt,modem wifi 6 fpt,INFORMATIONAL,WIFI,/wifi-6-fpt/,P1,UNKNOWN,UNKNOWN,UNKNOWN,https://fpt.vn/,2026-08-15,VERIFIED_INTENT
xgs-pon fpt,xgs-pon fpt,INFORMATIONAL,WIFI7,/xgs-pon-fpt/,P1,UNKNOWN,UNKNOWN,UNKNOWN,https://fpt.vn/dang-ky-nang-cap-wifi7,2026-08-15,VERIFIED_INTENT
xgspon fpt,xgspon fpt,INFORMATIONAL,WIFI7,/xgs-pon-fpt/,P1,UNKNOWN,UNKNOWN,UNKNOWN,https://fpt.vn/dang-ky-nang-cap-wifi7,2026-08-15,VERIFIED_INTENT
wifi 7 xgspon,wifi 7 xgspon,INFORMATIONAL,WIFI7,/xgs-pon-fpt/,P1,UNKNOWN,UNKNOWN,UNKNOWN,https://fpt.vn/dang-ky-nang-cap-wifi7,2026-08-15,VERIFIED_INTENT
speedx fpt,speedx fpt,COMMERCIAL,WIFI7,/speedx-fpt/,P0,UNKNOWN,UNKNOWN,UNKNOWN,https://fpt.vn/dang-ky-nang-cap-wifi7,2026-08-15,VERIFIED_INTENT
speedx2 fpt,speedx2 fpt,COMMERCIAL,WIFI7,/speedx-fpt/,P0,UNKNOWN,UNKNOWN,UNKNOWN,https://fpt.vn/dang-ky-nang-cap-wifi7,2026-08-15,VERIFIED_INTENT
speedx10 fpt,speedx10 fpt,COMMERCIAL,WIFI7,/speedx-fpt/,P0,UNKNOWN,UNKNOWN,UNKNOWN,https://fpt.vn/dang-ky-nang-cap-wifi7,2026-08-15,VERIFIED_INTENT
speedx fpt giá,speedx fpt giá,COMMERCIAL,WIFI7,/speedx-fpt/,P0,UNKNOWN,UNKNOWN,UNKNOWN,https://fpt.vn/dang-ky-nang-cap-wifi7,2026-08-15,VARIANT_MAPPED
speedx fpt đăng ký,speedx fpt đăng ký,COMMERCIAL,WIFI7,/speedx-fpt/,P0,UNKNOWN,UNKNOWN,UNKNOWN,https://fpt.vn/dang-ky-nang-cap-wifi7,2026-08-15,VARIANT_MAPPED
speedx fpt tư vấn,speedx fpt tư vấn,COMMERCIAL,WIFI7,/speedx-fpt/,P0,UNKNOWN,UNKNOWN,UNKNOWN,https://fpt.vn/dang-ky-nang-cap-wifi7,2026-08-15,VARIANT_MAPPED
speedx fpt mới nhất,speedx fpt mới nhất,COMMERCIAL,WIFI7,/speedx-fpt/,P0,UNKNOWN,UNKNOWN,UNKNOWN,https://fpt.vn/dang-ky-nang-cap-wifi7,2026-08-15,VARIANT_MAPPED
gói f-game fpt,gói f-game fpt,COMMERCIAL,PACKAGES,/goi-cuoc/f-game/,P1,UNKNOWN,UNKNOWN,UNKNOWN,https://fpt.vn/internet/game-thu,2026-08-15,VERIFIED_INTENT
gói f-game fpt giá,gói f-game fpt giá,COMMERCIAL,PACKAGES,/goi-cuoc/f-game/,P1,UNKNOWN,UNKNOWN,UNKNOWN,https://fpt.vn/internet/game-thu,2026-08-15,VARIANT_MAPPED
gói f-game fpt đăng ký,gói f-game fpt đăng ký,COMMERCIAL,PACKAGES,/goi-cuoc/f-game/,P1,UNKNOWN,UNKNOWN,UNKNOWN,https://fpt.vn/internet/game-thu,2026-08-15,VARIANT_MAPPED
gói f-game fpt tư vấn,gói f-game fpt tư vấn,COMMERCIAL,PACKAGES,/goi-cuoc/f-game/,P1,UNKNOWN,UNKNOWN,UNKNOWN,https://fpt.vn/internet/game-thu,2026-08-15,VARIANT_MAPPED
gói f-game fpt mới nhất,gói f-game fpt mới nhất,COMMERCIAL,PACKAGES,/goi-cuoc/f-game/,P1,UNKNOWN,UNKNOWN,UNKNOWN,https://fpt.vn/internet/game-thu,2026-08-15,VARIANT_MAPPED
combo giga fpt,combo giga fpt,COMMERCIAL,PACKAGES,/goi-cuoc/combo-giga/,P1,UNKNOWN,UNKNOWN,UNKNOWN,https://fpt.vn/uu-dai-internet/,2026-08-15,VERIFIED_INTENT
combo giga fpt giá,combo giga fpt giá,COMMERCIAL,PACKAGES,/goi-cuoc/combo-giga/,P1,UNKNOWN,UNKNOWN,UNKNOWN,https://fpt.vn/uu-dai-internet/,2026-08-15,VARIANT_MAPPED
combo giga fpt đăng ký,combo giga fpt đăng ký,COMMERCIAL,PACKAGES,/goi-cuoc/combo-giga/,P1,UNKNOWN,UNKNOWN,UNKNOWN,https://fpt.vn/uu-dai-internet/,2026-08-15,VARIANT_MAPPED
combo giga fpt tư vấn,combo giga fpt tư vấn,COMMERCIAL,PACKAGES,/goi-cuoc/combo-giga/,P1,UNKNOWN,UNKNOWN,UNKNOWN,https://fpt.vn/uu-dai-internet/,2026-08-15,VARIANT_MAPPED
combo giga fpt mới nhất,combo giga fpt mới nhất,COMMERCIAL,PACKAGES,/goi-cuoc/combo-giga/,P1,UNKNOWN,UNKNOWN,UNKNOWN,https://fpt.vn/uu-dai-internet/,2026-08-15,VARIANT_MAPPED
combo sky fpt,combo sky fpt,COMMERCIAL,PACKAGES,/goi-cuoc/combo-sky/,P1,UNKNOWN,UNKNOWN,UNKNOWN,https://fpt.vn/uu-dai-internet/,2026-08-15,VERIFIED_INTENT
combo sky fpt giá,combo sky fpt giá,COMMERCIAL,PACKAGES,/goi-cuoc/combo-sky/,P1,UNKNOWN,UNKNOWN,UNKNOWN,https://fpt.vn/uu-dai-internet/,2026-08-15,VARIANT_MAPPED
combo sky fpt đăng ký,combo sky fpt đăng ký,COMMERCIAL,PACKAGES,/goi-cuoc/combo-sky/,P1,UNKNOWN,UNKNOWN,UNKNOWN,https://fpt.vn/uu-dai-internet/,2026-08-15,VARIANT_MAPPED
combo sky fpt tư vấn,combo sky fpt tư vấn,COMMERCIAL,PACKAGES,/goi-cuoc/combo-sky/,P1,UNKNOWN,UNKNOWN,UNKNOWN,https://fpt.vn/uu-dai-internet/,2026-08-15,VARIANT_MAPPED
combo sky fpt mới nhất,combo sky fpt mới nhất,COMMERCIAL,PACKAGES,/goi-cuoc/combo-sky/,P1,UNKNOWN,UNKNOWN,UNKNOWN,https://fpt.vn/uu-dai-internet/,2026-08-15,VARIANT_MAPPED
combo meta fpt,combo meta fpt,COMMERCIAL,PACKAGES,/goi-cuoc/combo-meta/,P1,UNKNOWN,UNKNOWN,UNKNOWN,https://fpt.vn/uu-dai-internet/,2026-08-15,VERIFIED_INTENT
combo meta fpt giá,combo meta fpt giá,COMMERCIAL,PACKAGES,/goi-cuoc/combo-meta/,P1,UNKNOWN,UNKNOWN,UNKNOWN,https://fpt.vn/uu-dai-internet/,2026-08-15,VARIANT_MAPPED
combo meta fpt đăng ký,combo meta fpt đăng ký,COMMERCIAL,PACKAGES,/goi-cuoc/combo-meta/,P1,UNKNOWN,UNKNOWN,UNKNOWN,https://fpt.vn/uu-dai-internet/,2026-08-15,VARIANT_MAPPED
combo meta fpt tư vấn,combo meta fpt tư vấn,COMMERCIAL,PACKAGES,/goi-cuoc/combo-meta/,P1,UNKNOWN,UNKNOWN,UNKNOWN,https://fpt.vn/uu-dai-internet/,2026-08-15,VARIANT_MAPPED
combo meta fpt mới nhất,combo meta fpt mới nhất,COMMERCIAL,PACKAGES,/goi-cuoc/combo-meta/,P1,UNKNOWN,UNKNOWN,UNKNOWN,https://fpt.vn/uu-dai-internet/,2026-08-15,VARIANT_MAPPED
combo f-game fpt,combo f-game fpt,COMMERCIAL,PACKAGES,/goi-cuoc/combo-f-game/,P1,UNKNOWN,UNKNOWN,UNKNOWN,https://fpt.vn/uu-dai-internet/,2026-08-15,VERIFIED_INTENT
combo f-game fpt giá,combo f-game fpt giá,COMMERCIAL,PACKAGES,/goi-cuoc/combo-f-game/,P1,UNKNOWN,UNKNOWN,UNKNOWN,https://fpt.vn/uu-dai-internet/,2026-08-15,VARIANT_MAPPED
combo f-game fpt đăng ký,combo f-game fpt đăng ký,COMMERCIAL,PACKAGES,/goi-cuoc/combo-f-game/,P1,UNKNOWN,UNKNOWN,UNKNOWN,https://fpt.vn/uu-dai-internet/,2026-08-15,VARIANT_MAPPED
combo f-game fpt tư vấn,combo f-game fpt tư vấn,COMMERCIAL,PACKAGES,/goi-cuoc/combo-f-game/,P1,UNKNOWN,UNKNOWN,UNKNOWN,https://fpt.vn/uu-dai-internet/,2026-08-15,VARIANT_MAPPED
combo f-game fpt mới nhất,combo f-game fpt mới nhất,COMMERCIAL,PACKAGES,/goi-cuoc/combo-f-game/,P1,UNKNOWN,UNKNOWN,UNKNOWN,https://fpt.vn/uu-dai-internet/,2026-08-15,VARIANT_MAPPED
speedx2 fpt,speedx2 fpt,COMMERCIAL,PACKAGES,/goi-cuoc/speedx2/,P1,UNKNOWN,UNKNOWN,UNKNOWN,https://fpt.vn/dang-ky-nang-cap-wifi7,2026-08-15,VERIFIED_INTENT
speedx2 fpt giá,speedx2 fpt giá,COMMERCIAL,PACKAGES,/goi-cuoc/speedx2/,P1,UNKNOWN,UNKNOWN,UNKNOWN,https://fpt.vn/dang-ky-nang-cap-wifi7,2026-08-15,VARIANT_MAPPED
speedx2 fpt đăng ký,speedx2 fpt đăng ký,COMMERCIAL,PACKAGES,/goi-cuoc/speedx2/,P1,UNKNOWN,UNKNOWN,UNKNOWN,https://fpt.vn/dang-ky-nang-cap-wifi7,2026-08-15,VARIANT_MAPPED
speedx2 fpt tư vấn,speedx2 fpt tư vấn,COMMERCIAL,PACKAGES,/goi-cuoc/speedx2/,P1,UNKNOWN,UNKNOWN,UNKNOWN,https://fpt.vn/dang-ky-nang-cap-wifi7,2026-08-15,VARIANT_MAPPED
speedx2 fpt mới nhất,speedx2 fpt mới nhất,COMMERCIAL,PACKAGES,/goi-cuoc/speedx2/,P1,UNKNOWN,UNKNOWN,UNKNOWN,https://fpt.vn/dang-ky-nang-cap-wifi7,2026-08-15,VARIANT_MAPPED
speedx2 pro fpt,speedx2 pro fpt,COMMERCIAL,PACKAGES,/goi-cuoc/speedx2-pro/,P1,UNKNOWN,UNKNOWN,UNKNOWN,https://fpt.vn/lap-internet-wifi-hcm,2026-08-15,VERIFIED_INTENT
speedx2 pro fpt giá,speedx2 pro fpt giá,COMMERCIAL,PACKAGES,/goi-cuoc/speedx2-pro/,P1,UNKNOWN,UNKNOWN,UNKNOWN,https://fpt.vn/lap-internet-wifi-hcm,2026-08-15,VARIANT_MAPPED
speedx2 pro fpt đăng ký,speedx2 pro fpt đăng ký,COMMERCIAL,PACKAGES,/goi-cuoc/speedx2-pro/,P1,UNKNOWN,UNKNOWN,UNKNOWN,https://fpt.vn/lap-internet-wifi-hcm,2026-08-15,VARIANT_MAPPED
speedx2 pro fpt tư vấn,speedx2 pro fpt tư vấn,COMMERCIAL,PACKAGES,/goi-cuoc/speedx2-pro/,P1,UNKNOWN,UNKNOWN,UNKNOWN,https://fpt.vn/lap-internet-wifi-hcm,2026-08-15,VARIANT_MAPPED
speedx2 pro fpt mới nhất,speedx2 pro fpt mới nhất,COMMERCIAL,PACKAGES,/goi-cuoc/speedx2-pro/,P1,UNKNOWN,UNKNOWN,UNKNOWN,https://fpt.vn/lap-internet-wifi-hcm,2026-08-15,VARIANT_MAPPED
speedx10 fpt,speedx10 fpt,COMMERCIAL,PACKAGES,/goi-cuoc/speedx10/,P1,UNKNOWN,UNKNOWN,UNKNOWN,https://fpt.vn/dang-ky-nang-cap-wifi7,2026-08-15,VERIFIED_INTENT
speedx10 fpt giá,speedx10 fpt giá,COMMERCIAL,PACKAGES,/goi-cuoc/speedx10/,P1,UNKNOWN,UNKNOWN,UNKNOWN,https://fpt.vn/dang-ky-nang-cap-wifi7,2026-08-15,VARIANT_MAPPED
speedx10 fpt đăng ký,speedx10 fpt đăng ký,COMMERCIAL,PACKAGES,/goi-cuoc/speedx10/,P1,UNKNOWN,UNKNOWN,UNKNOWN,https://fpt.vn/dang-ky-nang-cap-wifi7,2026-08-15,VARIANT_MAPPED
speedx10 fpt tư vấn,speedx10 fpt tư vấn,COMMERCIAL,PACKAGES,/goi-cuoc/speedx10/,P1,UNKNOWN,UNKNOWN,UNKNOWN,https://fpt.vn/dang-ky-nang-cap-wifi7,2026-08-15,VARIANT_MAPPED
speedx10 fpt mới nhất,speedx10 fpt mới nhất,COMMERCIAL,PACKAGES,/goi-cuoc/speedx10/,P1,UNKNOWN,UNKNOWN,UNKNOWN,https://fpt.vn/dang-ky-nang-cap-wifi7,2026-08-15,VARIANT_MAPPED
speedx10 pro fpt,speedx10 pro fpt,COMMERCIAL,PACKAGES,/goi-cuoc/speedx10-pro/,P1,UNKNOWN,UNKNOWN,UNKNOWN,https://fpt.vn/lap-internet-wifi-hcm,2026-08-15,VERIFIED_INTENT
speedx10 pro fpt giá,speedx10 pro fpt giá,COMMERCIAL,PACKAGES,/goi-cuoc/speedx10-pro/,P1,UNKNOWN,UNKNOWN,UNKNOWN,https://fpt.vn/lap-internet-wifi-hcm,2026-08-15,VARIANT_MAPPED
speedx10 pro fpt đăng ký,speedx10 pro fpt đăng ký,COMMERCIAL,PACKAGES,/goi-cuoc/speedx10-pro/,P1,UNKNOWN,UNKNOWN,UNKNOWN,https://fpt.vn/lap-internet-wifi-hcm,2026-08-15,VARIANT_MAPPED
speedx10 pro fpt tư vấn,speedx10 pro fpt tư vấn,COMMERCIAL,PACKAGES,/goi-cuoc/speedx10-pro/,P1,UNKNOWN,UNKNOWN,UNKNOWN,https://fpt.vn/lap-internet-wifi-hcm,2026-08-15,VARIANT_MAPPED
speedx10 pro fpt mới nhất,speedx10 pro fpt mới nhất,COMMERCIAL,PACKAGES,/goi-cuoc/speedx10-pro/,P1,UNKNOWN,UNKNOWN,UNKNOWN,https://fpt.vn/lap-internet-wifi-hcm,2026-08-15,VARIANT_MAPPED
camera play 3 fpt,camera play 3 fpt,COMMERCIAL,CAMERA,/camera-fpt/play-3/,P1,UNKNOWN,UNKNOWN,UNKNOWN,https://www.fpt.vn/camera/camera-play-3/,2026-08-15,VERIFIED_INTENT
camera play 3 fpt giá,camera play 3 fpt giá,COMMERCIAL,CAMERA,/camera-fpt/play-3/,P1,UNKNOWN,UNKNOWN,UNKNOWN,https://www.fpt.vn/camera/camera-play-3/,2026-08-15,VARIANT_MAPPED
camera play 3 fpt đăng ký,camera play 3 fpt đăng ký,COMMERCIAL,CAMERA,/camera-fpt/play-3/,P1,UNKNOWN,UNKNOWN,UNKNOWN,https://www.fpt.vn/camera/camera-play-3/,2026-08-15,VARIANT_MAPPED
camera play 3 fpt tư vấn,camera play 3 fpt tư vấn,COMMERCIAL,CAMERA,/camera-fpt/play-3/,P1,UNKNOWN,UNKNOWN,UNKNOWN,https://www.fpt.vn/camera/camera-play-3/,2026-08-15,VARIANT_MAPPED
camera play 3 fpt mới nhất,camera play 3 fpt mới nhất,COMMERCIAL,CAMERA,/camera-fpt/play-3/,P1,UNKNOWN,UNKNOWN,UNKNOWN,https://www.fpt.vn/camera/camera-play-3/,2026-08-15,VARIANT_MAPPED
camera play 4 fpt,camera play 4 fpt,COMMERCIAL,CAMERA,/camera-fpt/play-4/,P1,UNKNOWN,UNKNOWN,UNKNOWN,https://fpt.vn/camera/camera-play-4,2026-08-15,VERIFIED_INTENT
camera play 4 fpt giá,camera play 4 fpt giá,COMMERCIAL,CAMERA,/camera-fpt/play-4/,P1,UNKNOWN,UNKNOWN,UNKNOWN,https://fpt.vn/camera/camera-play-4,2026-08-15,VARIANT_MAPPED
camera play 4 fpt đăng ký,camera play 4 fpt đăng ký,COMMERCIAL,CAMERA,/camera-fpt/play-4/,P1,UNKNOWN,UNKNOWN,UNKNOWN,https://fpt.vn/camera/camera-play-4,2026-08-15,VARIANT_MAPPED
camera play 4 fpt tư vấn,camera play 4 fpt tư vấn,COMMERCIAL,CAMERA,/camera-fpt/play-4/,P1,UNKNOWN,UNKNOWN,UNKNOWN,https://fpt.vn/camera/camera-play-4,2026-08-15,VARIANT_MAPPED
camera play 4 fpt mới nhất,camera play 4 fpt mới nhất,COMMERCIAL,CAMERA,/camera-fpt/play-4/,P1,UNKNOWN,UNKNOWN,UNKNOWN,https://fpt.vn/camera/camera-play-4,2026-08-15,VARIANT_MAPPED
mạng fpt cho gia đình,mạng fpt cho gia đình,COMMERCIAL,USE_FAMILY,/giai-phap/gia-dinh/,P1,UNKNOWN,UNKNOWN,UNKNOWN,https://fpt.vn/,2026-08-15,VERIFIED_INTENT
wifi fpt gia đình,wifi fpt gia đình,COMMERCIAL,USE_FAMILY,/giai-phap/gia-dinh/,P1,UNKNOWN,UNKNOWN,UNKNOWN,https://fpt.vn/,2026-08-15,VERIFIED_INTENT
mạng fpt cho gia đình giá,mạng fpt cho gia đình giá,COMMERCIAL,USE_FAMILY,/giai-phap/gia-dinh/,P1,UNKNOWN,UNKNOWN,UNKNOWN,https://fpt.vn/,2026-08-15,VARIANT_MAPPED
mạng fpt cho gia đình đăng ký,mạng fpt cho gia đình đăng ký,COMMERCIAL,USE_FAMILY,/giai-phap/gia-dinh/,P1,UNKNOWN,UNKNOWN,UNKNOWN,https://fpt.vn/,2026-08-15,VARIANT_MAPPED
mạng fpt cho gia đình tư vấn,mạng fpt cho gia đình tư vấn,COMMERCIAL,USE_FAMILY,/giai-phap/gia-dinh/,P1,UNKNOWN,UNKNOWN,UNKNOWN,https://fpt.vn/,2026-08-15,VARIANT_MAPPED
mạng fpt cho gia đình mới nhất,mạng fpt cho gia đình mới nhất,COMMERCIAL,USE_FAMILY,/giai-phap/gia-dinh/,P1,UNKNOWN,UNKNOWN,UNKNOWN,https://fpt.vn/,2026-08-15,VARIANT_MAPPED
wifi fpt nhà nhiều tầng,wifi fpt nhà nhiều tầng,COMMERCIAL,USE_MULTIFLOOR,/giai-phap/nha-nhieu-tang/,P1,UNKNOWN,UNKNOWN,UNKNOWN,https://fpt.vn/,2026-08-15,VERIFIED_INTENT
mạng fpt nhà 3 tầng,mạng fpt nhà 3 tầng,COMMERCIAL,USE_MULTIFLOOR,/giai-phap/nha-nhieu-tang/,P1,UNKNOWN,UNKNOWN,UNKNOWN,https://fpt.vn/,2026-08-15,VERIFIED_INTENT
wifi fpt cho nhà nhiều tầng giá,wifi fpt cho nhà nhiều tầng giá,COMMERCIAL,USE_MULTIFLOOR,/giai-phap/nha-nhieu-tang/,P1,UNKNOWN,UNKNOWN,UNKNOWN,https://fpt.vn/,2026-08-15,VARIANT_MAPPED
wifi fpt cho nhà nhiều tầng đăng ký,wifi fpt cho nhà nhiều tầng đăng ký,COMMERCIAL,USE_MULTIFLOOR,/giai-phap/nha-nhieu-tang/,P1,UNKNOWN,UNKNOWN,UNKNOWN,https://fpt.vn/,2026-08-15,VARIANT_MAPPED
wifi fpt cho nhà nhiều tầng tư vấn,wifi fpt cho nhà nhiều tầng tư vấn,COMMERCIAL,USE_MULTIFLOOR,/giai-phap/nha-nhieu-tang/,P1,UNKNOWN,UNKNOWN,UNKNOWN,https://fpt.vn/,2026-08-15,VARIANT_MAPPED
wifi fpt cho nhà nhiều tầng mới nhất,wifi fpt cho nhà nhiều tầng mới nhất,COMMERCIAL,USE_MULTIFLOOR,/giai-phap/nha-nhieu-tang/,P1,UNKNOWN,UNKNOWN,UNKNOWN,https://fpt.vn/,2026-08-15,VARIANT_MAPPED
mạng fpt chung cư,mạng fpt chung cư,COMMERCIAL,USE_APARTMENT,/giai-phap/chung-cu/,P1,UNKNOWN,UNKNOWN,UNKNOWN,https://fpt.vn/,2026-08-15,VERIFIED_INTENT
internet fpt căn hộ,internet fpt căn hộ,COMMERCIAL,USE_APARTMENT,/giai-phap/chung-cu/,P1,UNKNOWN,UNKNOWN,UNKNOWN,https://fpt.vn/,2026-08-15,VERIFIED_INTENT
mạng fpt cho chung cư giá,mạng fpt cho chung cư giá,COMMERCIAL,USE_APARTMENT,/giai-phap/chung-cu/,P1,UNKNOWN,UNKNOWN,UNKNOWN,https://fpt.vn/,2026-08-15,VARIANT_MAPPED
mạng fpt cho chung cư đăng ký,mạng fpt cho chung cư đăng ký,COMMERCIAL,USE_APARTMENT,/giai-phap/chung-cu/,P1,UNKNOWN,UNKNOWN,UNKNOWN,https://fpt.vn/,2026-08-15,VARIANT_MAPPED
mạng fpt cho chung cư tư vấn,mạng fpt cho chung cư tư vấn,COMMERCIAL,USE_APARTMENT,/giai-phap/chung-cu/,P1,UNKNOWN,UNKNOWN,UNKNOWN,https://fpt.vn/,2026-08-15,VARIANT_MAPPED
mạng fpt cho chung cư mới nhất,mạng fpt cho chung cư mới nhất,COMMERCIAL,USE_APARTMENT,/giai-phap/chung-cu/,P1,UNKNOWN,UNKNOWN,UNKNOWN,https://fpt.vn/,2026-08-15,VARIANT_MAPPED
mạng fpt chơi game,mạng fpt chơi game,COMMERCIAL,USE_GAME,/giai-phap/game-thu/,P1,UNKNOWN,UNKNOWN,UNKNOWN,https://fpt.vn/,2026-08-15,VERIFIED_INTENT
internet fpt game thủ,internet fpt game thủ,COMMERCIAL,USE_GAME,/giai-phap/game-thu/,P1,UNKNOWN,UNKNOWN,UNKNOWN,https://fpt.vn/,2026-08-15,VERIFIED_INTENT
mạng fpt cho game thủ giá,mạng fpt cho game thủ giá,COMMERCIAL,USE_GAME,/giai-phap/game-thu/,P1,UNKNOWN,UNKNOWN,UNKNOWN,https://fpt.vn/,2026-08-15,VARIANT_MAPPED
mạng fpt cho game thủ đăng ký,mạng fpt cho game thủ đăng ký,COMMERCIAL,USE_GAME,/giai-phap/game-thu/,P1,UNKNOWN,UNKNOWN,UNKNOWN,https://fpt.vn/,2026-08-15,VARIANT_MAPPED
mạng fpt cho game thủ tư vấn,mạng fpt cho game thủ tư vấn,COMMERCIAL,USE_GAME,/giai-phap/game-thu/,P1,UNKNOWN,UNKNOWN,UNKNOWN,https://fpt.vn/,2026-08-15,VARIANT_MAPPED
mạng fpt cho game thủ mới nhất,mạng fpt cho game thủ mới nhất,COMMERCIAL,USE_GAME,/giai-phap/game-thu/,P1,UNKNOWN,UNKNOWN,UNKNOWN,https://fpt.vn/,2026-08-15,VARIANT_MAPPED
mạng fpt livestream,mạng fpt livestream,COMMERCIAL,USE_STREAM,/giai-phap/livestream/,P1,UNKNOWN,UNKNOWN,UNKNOWN,https://fpt.vn/,2026-08-15,VERIFIED_INTENT
internet upload cao fpt,internet upload cao fpt,COMMERCIAL,USE_STREAM,/giai-phap/livestream/,P1,UNKNOWN,UNKNOWN,UNKNOWN,https://fpt.vn/,2026-08-15,VERIFIED_INTENT
mạng fpt cho livestream giá,mạng fpt cho livestream giá,COMMERCIAL,USE_STREAM,/giai-phap/livestream/,P1,UNKNOWN,UNKNOWN,UNKNOWN,https://fpt.vn/,2026-08-15,VARIANT_MAPPED
mạng fpt cho livestream đăng ký,mạng fpt cho livestream đăng ký,COMMERCIAL,USE_STREAM,/giai-phap/livestream/,P1,UNKNOWN,UNKNOWN,UNKNOWN,https://fpt.vn/,2026-08-15,VARIANT_MAPPED
mạng fpt cho livestream tư vấn,mạng fpt cho livestream tư vấn,COMMERCIAL,USE_STREAM,/giai-phap/livestream/,P1,UNKNOWN,UNKNOWN,UNKNOWN,https://fpt.vn/,2026-08-15,VARIANT_MAPPED
mạng fpt cho livestream mới nhất,mạng fpt cho livestream mới nhất,COMMERCIAL,USE_STREAM,/giai-phap/livestream/,P1,UNKNOWN,UNKNOWN,UNKNOWN,https://fpt.vn/,2026-08-15,VARIANT_MAPPED
mạng fpt cho camera,mạng fpt cho camera,COMMERCIAL,USE_CAMERA,/giai-phap/camera/,P1,UNKNOWN,UNKNOWN,UNKNOWN,https://fpt.vn/,2026-08-15,VERIFIED_INTENT
wifi cho camera,wifi cho camera,COMMERCIAL,USE_CAMERA,/giai-phap/camera/,P1,UNKNOWN,UNKNOWN,UNKNOWN,https://fpt.vn/,2026-08-15,VERIFIED_INTENT
mạng fpt cho camera giá,mạng fpt cho camera giá,COMMERCIAL,USE_CAMERA,/giai-phap/camera/,P1,UNKNOWN,UNKNOWN,UNKNOWN,https://fpt.vn/,2026-08-15,VARIANT_MAPPED
mạng fpt cho camera đăng ký,mạng fpt cho camera đăng ký,COMMERCIAL,USE_CAMERA,/giai-phap/camera/,P1,UNKNOWN,UNKNOWN,UNKNOWN,https://fpt.vn/,2026-08-15,VARIANT_MAPPED
mạng fpt cho camera tư vấn,mạng fpt cho camera tư vấn,COMMERCIAL,USE_CAMERA,/giai-phap/camera/,P1,UNKNOWN,UNKNOWN,UNKNOWN,https://fpt.vn/,2026-08-15,VARIANT_MAPPED
mạng fpt cho camera mới nhất,mạng fpt cho camera mới nhất,COMMERCIAL,USE_CAMERA,/giai-phap/camera/,P1,UNKNOWN,UNKNOWN,UNKNOWN,https://fpt.vn/,2026-08-15,VARIANT_MAPPED
internet fpt smart home,internet fpt smart home,COMMERCIAL,USE_SMARTHOME,/giai-phap/smart-home/,P1,UNKNOWN,UNKNOWN,UNKNOWN,https://fpt.vn/,2026-08-15,VERIFIED_INTENT
wifi fpt nhiều thiết bị,wifi fpt nhiều thiết bị,COMMERCIAL,USE_SMARTHOME,/giai-phap/smart-home/,P1,UNKNOWN,UNKNOWN,UNKNOWN,https://fpt.vn/,2026-08-15,VERIFIED_INTENT
internet fpt cho smart home giá,internet fpt cho smart home giá,COMMERCIAL,USE_SMARTHOME,/giai-phap/smart-home/,P1,UNKNOWN,UNKNOWN,UNKNOWN,https://fpt.vn/,2026-08-15,VARIANT_MAPPED
internet fpt cho smart home đăng ký,internet fpt cho smart home đăng ký,COMMERCIAL,USE_SMARTHOME,/giai-phap/smart-home/,P1,UNKNOWN,UNKNOWN,UNKNOWN,https://fpt.vn/,2026-08-15,VARIANT_MAPPED
internet fpt cho smart home tư vấn,internet fpt cho smart home tư vấn,COMMERCIAL,USE_SMARTHOME,/giai-phap/smart-home/,P1,UNKNOWN,UNKNOWN,UNKNOWN,https://fpt.vn/,2026-08-15,VARIANT_MAPPED
internet fpt cho smart home mới nhất,internet fpt cho smart home mới nhất,COMMERCIAL,USE_SMARTHOME,/giai-phap/smart-home/,P1,UNKNOWN,UNKNOWN,UNKNOWN,https://fpt.vn/,2026-08-15,VARIANT_MAPPED
mạng fpt văn phòng,mạng fpt văn phòng,COMMERCIAL,USE_OFFICE,/giai-phap/van-phong/,P1,UNKNOWN,UNKNOWN,UNKNOWN,https://fpt.vn/,2026-08-15,VERIFIED_INTENT
internet fpt văn phòng,internet fpt văn phòng,COMMERCIAL,USE_OFFICE,/giai-phap/van-phong/,P1,UNKNOWN,UNKNOWN,UNKNOWN,https://fpt.vn/,2026-08-15,VERIFIED_INTENT
mạng fpt cho văn phòng giá,mạng fpt cho văn phòng giá,COMMERCIAL,USE_OFFICE,/giai-phap/van-phong/,P1,UNKNOWN,UNKNOWN,UNKNOWN,https://fpt.vn/,2026-08-15,VARIANT_MAPPED
mạng fpt cho văn phòng đăng ký,mạng fpt cho văn phòng đăng ký,COMMERCIAL,USE_OFFICE,/giai-phap/van-phong/,P1,UNKNOWN,UNKNOWN,UNKNOWN,https://fpt.vn/,2026-08-15,VARIANT_MAPPED
mạng fpt cho văn phòng tư vấn,mạng fpt cho văn phòng tư vấn,COMMERCIAL,USE_OFFICE,/giai-phap/van-phong/,P1,UNKNOWN,UNKNOWN,UNKNOWN,https://fpt.vn/,2026-08-15,VARIANT_MAPPED
mạng fpt cho văn phòng mới nhất,mạng fpt cho văn phòng mới nhất,COMMERCIAL,USE_OFFICE,/giai-phap/van-phong/,P1,UNKNOWN,UNKNOWN,UNKNOWN,https://fpt.vn/,2026-08-15,VARIANT_MAPPED
internet fpt doanh nghiệp nhỏ,internet fpt doanh nghiệp nhỏ,COMMERCIAL,USE_SME,/giai-phap/doanh-nghiep-nho/,P1,UNKNOWN,UNKNOWN,UNKNOWN,https://fpt.vn/,2026-08-15,VERIFIED_INTENT
mạng fpt công ty,mạng fpt công ty,COMMERCIAL,USE_SME,/giai-phap/doanh-nghiep-nho/,P1,UNKNOWN,UNKNOWN,UNKNOWN,https://fpt.vn/,2026-08-15,VERIFIED_INTENT
mạng fpt cho doanh nghiệp nhỏ giá,mạng fpt cho doanh nghiệp nhỏ giá,COMMERCIAL,USE_SME,/giai-phap/doanh-nghiep-nho/,P1,UNKNOWN,UNKNOWN,UNKNOWN,https://fpt.vn/,2026-08-15,VARIANT_MAPPED
mạng fpt cho doanh nghiệp nhỏ đăng ký,mạng fpt cho doanh nghiệp nhỏ đăng ký,COMMERCIAL,USE_SME,/giai-phap/doanh-nghiep-nho/,P1,UNKNOWN,UNKNOWN,UNKNOWN,https://fpt.vn/,2026-08-15,VARIANT_MAPPED
mạng fpt cho doanh nghiệp nhỏ tư vấn,mạng fpt cho doanh nghiệp nhỏ tư vấn,COMMERCIAL,USE_SME,/giai-phap/doanh-nghiep-nho/,P1,UNKNOWN,UNKNOWN,UNKNOWN,https://fpt.vn/,2026-08-15,VARIANT_MAPPED
mạng fpt cho doanh nghiệp nhỏ mới nhất,mạng fpt cho doanh nghiệp nhỏ mới nhất,COMMERCIAL,USE_SME,/giai-phap/doanh-nghiep-nho/,P1,UNKNOWN,UNKNOWN,UNKNOWN,https://fpt.vn/,2026-08-15,VARIANT_MAPPED
mạng fpt quán cafe,mạng fpt quán cafe,COMMERCIAL,USE_CAFE,/giai-phap/quan-cafe/,P1,UNKNOWN,UNKNOWN,UNKNOWN,https://fpt.vn/,2026-08-15,VERIFIED_INTENT
wifi quán cafe fpt,wifi quán cafe fpt,COMMERCIAL,USE_CAFE,/giai-phap/quan-cafe/,P1,UNKNOWN,UNKNOWN,UNKNOWN,https://fpt.vn/,2026-08-15,VERIFIED_INTENT
mạng fpt cho quán cafe giá,mạng fpt cho quán cafe giá,COMMERCIAL,USE_CAFE,/giai-phap/quan-cafe/,P1,UNKNOWN,UNKNOWN,UNKNOWN,https://fpt.vn/,2026-08-15,VARIANT_MAPPED
mạng fpt cho quán cafe đăng ký,mạng fpt cho quán cafe đăng ký,COMMERCIAL,USE_CAFE,/giai-phap/quan-cafe/,P1,UNKNOWN,UNKNOWN,UNKNOWN,https://fpt.vn/,2026-08-15,VARIANT_MAPPED
mạng fpt cho quán cafe tư vấn,mạng fpt cho quán cafe tư vấn,COMMERCIAL,USE_CAFE,/giai-phap/quan-cafe/,P1,UNKNOWN,UNKNOWN,UNKNOWN,https://fpt.vn/,2026-08-15,VARIANT_MAPPED
mạng fpt cho quán cafe mới nhất,mạng fpt cho quán cafe mới nhất,COMMERCIAL,USE_CAFE,/giai-phap/quan-cafe/,P1,UNKNOWN,UNKNOWN,UNKNOWN,https://fpt.vn/,2026-08-15,VARIANT_MAPPED
wifi fpt homestay,wifi fpt homestay,COMMERCIAL,USE_HOMESTAY,/giai-phap/homestay/,P1,UNKNOWN,UNKNOWN,UNKNOWN,https://fpt.vn/,2026-08-15,VERIFIED_INTENT
mạng fpt nhà nghỉ,mạng fpt nhà nghỉ,COMMERCIAL,USE_HOMESTAY,/giai-phap/homestay/,P1,UNKNOWN,UNKNOWN,UNKNOWN,https://fpt.vn/,2026-08-15,VERIFIED_INTENT
mạng fpt cho homestay giá,mạng fpt cho homestay giá,COMMERCIAL,USE_HOMESTAY,/giai-phap/homestay/,P1,UNKNOWN,UNKNOWN,UNKNOWN,https://fpt.vn/,2026-08-15,VARIANT_MAPPED
mạng fpt cho homestay đăng ký,mạng fpt cho homestay đăng ký,COMMERCIAL,USE_HOMESTAY,/giai-phap/homestay/,P1,UNKNOWN,UNKNOWN,UNKNOWN,https://fpt.vn/,2026-08-15,VARIANT_MAPPED
mạng fpt cho homestay tư vấn,mạng fpt cho homestay tư vấn,COMMERCIAL,USE_HOMESTAY,/giai-phap/homestay/,P1,UNKNOWN,UNKNOWN,UNKNOWN,https://fpt.vn/,2026-08-15,VARIANT_MAPPED
mạng fpt cho homestay mới nhất,mạng fpt cho homestay mới nhất,COMMERCIAL,USE_HOMESTAY,/giai-phap/homestay/,P1,UNKNOWN,UNKNOWN,UNKNOWN,https://fpt.vn/,2026-08-15,VARIANT_MAPPED
mạng fpt cửa hàng,mạng fpt cửa hàng,COMMERCIAL,USE_RETAIL,/giai-phap/cua-hang/,P1,UNKNOWN,UNKNOWN,UNKNOWN,https://fpt.vn/,2026-08-15,VERIFIED_INTENT
internet fpt shop,internet fpt shop,COMMERCIAL,USE_RETAIL,/giai-phap/cua-hang/,P1,UNKNOWN,UNKNOWN,UNKNOWN,https://fpt.vn/,2026-08-15,VERIFIED_INTENT
mạng fpt cho cửa hàng giá,mạng fpt cho cửa hàng giá,COMMERCIAL,USE_RETAIL,/giai-phap/cua-hang/,P1,UNKNOWN,UNKNOWN,UNKNOWN,https://fpt.vn/,2026-08-15,VARIANT_MAPPED
mạng fpt cho cửa hàng đăng ký,mạng fpt cho cửa hàng đăng ký,COMMERCIAL,USE_RETAIL,/giai-phap/cua-hang/,P1,UNKNOWN,UNKNOWN,UNKNOWN,https://fpt.vn/,2026-08-15,VARIANT_MAPPED
mạng fpt cho cửa hàng tư vấn,mạng fpt cho cửa hàng tư vấn,COMMERCIAL,USE_RETAIL,/giai-phap/cua-hang/,P1,UNKNOWN,UNKNOWN,UNKNOWN,https://fpt.vn/,2026-08-15,VARIANT_MAPPED
mạng fpt cho cửa hàng mới nhất,mạng fpt cho cửa hàng mới nhất,COMMERCIAL,USE_RETAIL,/giai-phap/cua-hang/,P1,UNKNOWN,UNKNOWN,UNKNOWN,https://fpt.vn/,2026-08-15,VARIANT_MAPPED
fpt vs viettel,fpt vs viettel,COMPARISON,COMPARE,/so-sanh/fpt-vs-viettel/,P1,UNKNOWN,UNKNOWN,UNKNOWN,https://fpt.vn/,2026-08-15,VERIFIED_INTENT
mạng fpt hay viettel,mạng fpt hay viettel,COMPARISON,COMPARE,/so-sanh/fpt-vs-viettel/,P1,UNKNOWN,UNKNOWN,UNKNOWN,https://fpt.vn/,2026-08-15,VERIFIED_INTENT
fpt vs vnpt,fpt vs vnpt,COMPARISON,COMPARE,/so-sanh/fpt-vs-vnpt/,P1,UNKNOWN,UNKNOWN,UNKNOWN,https://fpt.vn/,2026-08-15,VERIFIED_INTENT
mạng fpt hay vnpt,mạng fpt hay vnpt,COMPARISON,COMPARE,/so-sanh/fpt-vs-vnpt/,P1,UNKNOWN,UNKNOWN,UNKNOWN,https://fpt.vn/,2026-08-15,VERIFIED_INTENT
wifi 6 vs wifi 7,wifi 6 vs wifi 7,COMPARISON,COMPARE,/so-sanh/wifi-6-vs-wifi-7/,P1,UNKNOWN,UNKNOWN,UNKNOWN,https://fpt.vn/,2026-08-15,VERIFIED_INTENT
wifi 7 khác wifi 6,wifi 7 khác wifi 6,COMPARISON,COMPARE,/so-sanh/wifi-6-vs-wifi-7/,P1,UNKNOWN,UNKNOWN,UNKNOWN,https://fpt.vn/,2026-08-15,VERIFIED_INTENT
giga vs sky fpt,giga vs sky fpt,COMPARISON,COMPARE,/so-sanh/giga-vs-sky/,P1,UNKNOWN,UNKNOWN,UNKNOWN,https://fpt.vn/,2026-08-15,VERIFIED_INTENT
so sánh giga sky,so sánh giga sky,COMPARISON,COMPARE,/so-sanh/giga-vs-sky/,P1,UNKNOWN,UNKNOWN,UNKNOWN,https://fpt.vn/,2026-08-15,VERIFIED_INTENT
sky vs meta fpt,sky vs meta fpt,COMPARISON,COMPARE,/so-sanh/sky-vs-meta/,P1,UNKNOWN,UNKNOWN,UNKNOWN,https://fpt.vn/,2026-08-15,VERIFIED_INTENT
so sánh sky meta,so sánh sky meta,COMPARISON,COMPARE,/so-sanh/sky-vs-meta/,P1,UNKNOWN,UNKNOWN,UNKNOWN,https://fpt.vn/,2026-08-15,VERIFIED_INTENT
f-game vs meta,f-game vs meta,COMPARISON,COMPARE,/so-sanh/f-game-vs-meta/,P1,UNKNOWN,UNKNOWN,UNKNOWN,https://fpt.vn/,2026-08-15,VERIFIED_INTENT
so sánh fgame meta,so sánh fgame meta,COMPARISON,COMPARE,/so-sanh/f-game-vs-meta/,P1,UNKNOWN,UNKNOWN,UNKNOWN,https://fpt.vn/,2026-08-15,VERIFIED_INTENT
lắp mạng fpt mất bao lâu,lắp mạng fpt mất bao lâu,INFORMATIONAL,SUPPORT,/ho-tro/lap-mang-fpt-mat-bao-lau/,P2,UNKNOWN,UNKNOWN,UNKNOWN,https://fpt.vn/,2026-08-15,VERIFIED_INTENT
phí lắp đặt fpt,phí lắp đặt fpt,INFORMATIONAL,SUPPORT,/ho-tro/phi-lap-dat-fpt/,P2,UNKNOWN,UNKNOWN,UNKNOWN,https://fpt.vn/,2026-08-15,VERIFIED_INTENT
lắp fpt có mất phí không,lắp fpt có mất phí không,INFORMATIONAL,SUPPORT,/ho-tro/phi-lap-dat-fpt/,P2,UNKNOWN,UNKNOWN,UNKNOWN,https://fpt.vn/,2026-08-15,VERIFIED_INTENT
đổi mật khẩu wifi fpt,đổi mật khẩu wifi fpt,INFORMATIONAL,SUPPORT,/ho-tro/doi-mat-khau-wifi-fpt/,P2,UNKNOWN,UNKNOWN,UNKNOWN,https://fpt.vn/,2026-08-15,VERIFIED_INTENT
cách đổi pass wifi fpt,cách đổi pass wifi fpt,INFORMATIONAL,SUPPORT,/ho-tro/doi-mat-khau-wifi-fpt/,P2,UNKNOWN,UNKNOWN,UNKNOWN,https://fpt.vn/,2026-08-15,VERIFIED_INTENT
wifi fpt yếu,wifi fpt yếu,INFORMATIONAL,SUPPORT,/ho-tro/wifi-fpt-yeu/,P2,UNKNOWN,UNKNOWN,UNKNOWN,https://fpt.vn/,2026-08-15,VERIFIED_INTENT
wifi fpt chậm,wifi fpt chậm,INFORMATIONAL,SUPPORT,/ho-tro/wifi-fpt-yeu/,P2,UNKNOWN,UNKNOWN,UNKNOWN,https://fpt.vn/,2026-08-15,VERIFIED_INTENT
mạng fpt chậm,mạng fpt chậm,INFORMATIONAL,SUPPORT,/ho-tro/mang-fpt-cham/,P2,UNKNOWN,UNKNOWN,UNKNOWN,https://fpt.vn/,2026-08-15,VERIFIED_INTENT
internet fpt chậm,internet fpt chậm,INFORMATIONAL,SUPPORT,/ho-tro/mang-fpt-cham/,P2,UNKNOWN,UNKNOWN,UNKNOWN,https://fpt.vn/,2026-08-15,VERIFIED_INTENT
mất mạng fpt,mất mạng fpt,INFORMATIONAL,SUPPORT,/ho-tro/mat-mang-fpt/,P2,UNKNOWN,UNKNOWN,UNKNOWN,https://fpt.vn/,2026-08-15,VERIFIED_INTENT
fpt mất mạng,fpt mất mạng,INFORMATIONAL,SUPPORT,/ho-tro/mat-mang-fpt/,P2,UNKNOWN,UNKNOWN,UNKNOWN,https://fpt.vn/,2026-08-15,VERIFIED_INTENT
chuyển địa điểm fpt,chuyển địa điểm fpt,INFORMATIONAL,SUPPORT,/ho-tro/chuyen-dia-diem-fpt/,P2,UNKNOWN,UNKNOWN,UNKNOWN,https://fpt.vn/,2026-08-15,VERIFIED_INTENT
chuyển mạng fpt,chuyển mạng fpt,INFORMATIONAL,SUPPORT,/ho-tro/chuyen-dia-diem-fpt/,P2,UNKNOWN,UNKNOWN,UNKNOWN,https://fpt.vn/,2026-08-15,VERIFIED_INTENT
nâng cấp gói fpt,nâng cấp gói fpt,INFORMATIONAL,SUPPORT,/ho-tro/nang-cap-goi-fpt/,P2,UNKNOWN,UNKNOWN,UNKNOWN,https://fpt.vn/,2026-08-15,VERIFIED_INTENT
nâng cấp wifi fpt,nâng cấp wifi fpt,INFORMATIONAL,SUPPORT,/ho-tro/nang-cap-goi-fpt/,P2,UNKNOWN,UNKNOWN,UNKNOWN,https://fpt.vn/,2026-08-15,VERIFIED_INTENT
hủy mạng fpt,hủy mạng fpt,INFORMATIONAL,SUPPORT,/ho-tro/huy-goi-fpt/,P2,UNKNOWN,UNKNOWN,UNKNOWN,https://fpt.vn/,2026-08-15,VERIFIED_INTENT
hủy dịch vụ fpt,hủy dịch vụ fpt,INFORMATIONAL,SUPPORT,/ho-tro/huy-goi-fpt/,P2,UNKNOWN,UNKNOWN,UNKNOWN,https://fpt.vn/,2026-08-15,VERIFIED_INTENT
kiểm tra tốc độ mạng fpt,kiểm tra tốc độ mạng fpt,INFORMATIONAL,SUPPORT,/ho-tro/kiem-tra-toc-do-mang-fpt/,P2,UNKNOWN,UNKNOWN,UNKNOWN,https://fpt.vn/,2026-08-15,VERIFIED_INTENT
speedtest fpt,speedtest fpt,INFORMATIONAL,SUPPORT,/ho-tro/kiem-tra-toc-do-mang-fpt/,P2,UNKNOWN,UNKNOWN,UNKNOWN,https://fpt.vn/,2026-08-15,VERIFIED_INTENT
modem wifi 6 fpt,modem wifi 6 fpt,INFORMATIONAL,SUPPORT,/kien-thuc/modem-wifi-6-fpt/,P2,UNKNOWN,UNKNOWN,UNKNOWN,https://fpt.vn/,2026-08-15,VERIFIED_INTENT
mesh wifi là gì,mesh wifi là gì,INFORMATIONAL,SUPPORT,/kien-thuc/mesh-wifi-la-gi/,P2,UNKNOWN,UNKNOWN,UNKNOWN,https://fpt.vn/,2026-08-15,VERIFIED_INTENT
mesh fpt là gì,mesh fpt là gì,INFORMATIONAL,SUPPORT,/kien-thuc/mesh-wifi-la-gi/,P2,UNKNOWN,UNKNOWN,UNKNOWN,https://fpt.vn/,2026-08-15,VERIFIED_INTENT
300mbps đủ không,300mbps đủ không,INFORMATIONAL,SUPPORT,/kien-thuc/300mbps-du-khong/,P2,UNKNOWN,UNKNOWN,UNKNOWN,https://fpt.vn/,2026-08-15,VERIFIED_INTENT
300 mbps dùng được bao nhiêu thiết bị,300 mbps dùng được bao nhiêu thiết bị,INFORMATIONAL,SUPPORT,/kien-thuc/300mbps-du-khong/,P2,UNKNOWN,UNKNOWN,UNKNOWN,https://fpt.vn/,2026-08-15,VERIFIED_INTENT
1gbps bao nhiêu thiết bị,1gbps bao nhiêu thiết bị,INFORMATIONAL,SUPPORT,/kien-thuc/1gbps-bao-nhieu-thiet-bi/,P2,UNKNOWN,UNKNOWN,UNKNOWN,https://fpt.vn/,2026-08-15,VERIFIED_INTENT
1 gbps đủ không,1 gbps đủ không,INFORMATIONAL,SUPPORT,/kien-thuc/1gbps-bao-nhieu-thiet-bi/,P2,UNKNOWN,UNKNOWN,UNKNOWN,https://fpt.vn/,2026-08-15,VERIFIED_INTENT
ftth là gì,ftth là gì,INFORMATIONAL,SUPPORT,/kien-thuc/ftth-la-gi/,P2,UNKNOWN,UNKNOWN,UNKNOWN,https://fpt.vn/,2026-08-15,VERIFIED_INTENT
cáp quang ftth,cáp quang ftth,INFORMATIONAL,SUPPORT,/kien-thuc/ftth-la-gi/,P2,UNKNOWN,UNKNOWN,UNKNOWN,https://fpt.vn/,2026-08-15,VERIFIED_INTENT
xgs-pon là gì,xgs-pon là gì,INFORMATIONAL,SUPPORT,/kien-thuc/xgs-pon-la-gi/,P2,UNKNOWN,UNKNOWN,UNKNOWN,https://fpt.vn/,2026-08-15,VERIFIED_INTENT
xgspon là gì,xgspon là gì,INFORMATIONAL,SUPPORT,/kien-thuc/xgs-pon-la-gi/,P2,UNKNOWN,UNKNOWN,UNKNOWN,https://fpt.vn/,2026-08-15,VERIFIED_INTENT
giải pháp internet fpt,giải pháp internet fpt,COMMERCIAL,USE_CASE,/giai-phap/,P1,UNKNOWN,UNKNOWN,UNKNOWN,https://fpt.vn/,2026-08-15,VERIFIED_INTENT
mạng fpt theo nhu cầu,mạng fpt theo nhu cầu,COMMERCIAL,USE_CASE,/giai-phap/,P1,UNKNOWN,UNKNOWN,UNKNOWN,https://fpt.vn/,2026-08-15,VERIFIED_INTENT
giải pháp internet fpt giá,giải pháp internet fpt giá,COMMERCIAL,USE_CASE,/giai-phap/,P1,UNKNOWN,UNKNOWN,UNKNOWN,https://fpt.vn/,2026-08-15,VARIANT_MAPPED
giải pháp internet fpt đăng ký,giải pháp internet fpt đăng ký,COMMERCIAL,USE_CASE,/giai-phap/,P1,UNKNOWN,UNKNOWN,UNKNOWN,https://fpt.vn/,2026-08-15,VARIANT_MAPPED
giải pháp internet fpt tư vấn,giải pháp internet fpt tư vấn,COMMERCIAL,USE_CASE,/giai-phap/,P1,UNKNOWN,UNKNOWN,UNKNOWN,https://fpt.vn/,2026-08-15,VARIANT_MAPPED
giải pháp internet fpt mới nhất,giải pháp internet fpt mới nhất,COMMERCIAL,USE_CASE,/giai-phap/,P1,UNKNOWN,UNKNOWN,UNKNOWN,https://fpt.vn/,2026-08-15,VARIANT_MAPPED
so sánh mạng fpt,so sánh mạng fpt,COMPARISON,COMPARE,/so-sanh/,P1,UNKNOWN,UNKNOWN,UNKNOWN,https://fpt.vn/,2026-08-15,VERIFIED_INTENT
so sánh gói fpt,so sánh gói fpt,COMPARISON,COMPARE,/so-sanh/,P1,UNKNOWN,UNKNOWN,UNKNOWN,https://fpt.vn/,2026-08-15,VERIFIED_INTENT
hỗ trợ fpt,hỗ trợ fpt,SUPPORT,SUPPORT,/ho-tro/,P1,UNKNOWN,UNKNOWN,UNKNOWN,https://fpt.vn/,2026-08-15,VERIFIED_INTENT
hướng dẫn fpt,hướng dẫn fpt,SUPPORT,SUPPORT,/ho-tro/,P1,UNKNOWN,UNKNOWN,UNKNOWN,https://fpt.vn/,2026-08-15,VERIFIED_INTENT
kiến thức internet fpt,kiến thức internet fpt,INFORMATIONAL,KNOWLEDGE,/kien-thuc/,P2,UNKNOWN,UNKNOWN,UNKNOWN,https://fpt.vn/,2026-08-15,VERIFIED_INTENT
wifi fpt là gì,wifi fpt là gì,INFORMATIONAL,KNOWLEDGE,/kien-thuc/,P2,UNKNOWN,UNKNOWN,UNKNOWN,https://fpt.vn/,2026-08-15,VERIFIED_INTENT
lắp mạng fpt theo khu vực,lắp mạng fpt theo khu vực,LOCAL_TRANSACTIONAL,LOCAL,/khu-vuc/,P1,UNKNOWN,UNKNOWN,UNKNOWN,https://fpt.vn/,2026-08-15,VERIFIED_INTENT
fpt gần đây,fpt gần đây,LOCAL_TRANSACTIONAL,LOCAL,/khu-vuc/,P1,UNKNOWN,UNKNOWN,UNKNOWN,https://fpt.vn/,2026-08-15,VERIFIED_INTENT
gói cước fpt review,gói cước fpt review,COMMERCIAL,PACKAGES,/goi-cuoc-fpt/,P0,UNKNOWN,UNKNOWN,UNKNOWN,MAPPED_FROM_OWNER,2026-08-15,VARIANT_MAPPED
gói cước fpt có tốt không,gói cước fpt có tốt không,COMMERCIAL,PACKAGES,/goi-cuoc-fpt/,P0,UNKNOWN,UNKNOWN,UNKNOWN,MAPPED_FROM_OWNER,2026-08-15,VARIANT_MAPPED
gói cước fpt phù hợp ai,gói cước fpt phù hợp ai,COMMERCIAL,PACKAGES,/goi-cuoc-fpt/,P0,UNKNOWN,UNKNOWN,UNKNOWN,MAPPED_FROM_OWNER,2026-08-15,VARIANT_MAPPED
gói cước fpt nên dùng không,gói cước fpt nên dùng không,COMMERCIAL,PACKAGES,/goi-cuoc-fpt/,P0,UNKNOWN,UNKNOWN,UNKNOWN,MAPPED_FROM_OWNER,2026-08-15,VARIANT_MAPPED
gói cước fpt so sánh,gói cước fpt so sánh,COMMERCIAL,PACKAGES,/goi-cuoc-fpt/,P0,UNKNOWN,UNKNOWN,UNKNOWN,MAPPED_FROM_OWNER,2026-08-15,VARIANT_MAPPED
gói cước fpt mới nhất 2026,gói cước fpt mới nhất 2026,COMMERCIAL,PACKAGES,/goi-cuoc-fpt/,P0,UNKNOWN,UNKNOWN,UNKNOWN,MAPPED_FROM_OWNER,2026-08-15,VARIANT_MAPPED
gói cước fpt bao nhiêu tiền,gói cước fpt bao nhiêu tiền,COMMERCIAL,PACKAGES,/goi-cuoc-fpt/,P0,UNKNOWN,UNKNOWN,UNKNOWN,MAPPED_FROM_OWNER,2026-08-15,VARIANT_MAPPED
bảng giá fpt giá,bảng giá fpt giá,COMMERCIAL,PACKAGES,/goi-cuoc-fpt/,P0,UNKNOWN,UNKNOWN,UNKNOWN,MAPPED_FROM_OWNER,2026-08-15,VARIANT_MAPPED
bảng giá fpt review,bảng giá fpt review,COMMERCIAL,PACKAGES,/goi-cuoc-fpt/,P0,UNKNOWN,UNKNOWN,UNKNOWN,MAPPED_FROM_OWNER,2026-08-15,VARIANT_MAPPED
bảng giá fpt có tốt không,bảng giá fpt có tốt không,COMMERCIAL,PACKAGES,/goi-cuoc-fpt/,P0,UNKNOWN,UNKNOWN,UNKNOWN,MAPPED_FROM_OWNER,2026-08-15,VARIANT_MAPPED
bảng giá fpt phù hợp ai,bảng giá fpt phù hợp ai,COMMERCIAL,PACKAGES,/goi-cuoc-fpt/,P0,UNKNOWN,UNKNOWN,UNKNOWN,MAPPED_FROM_OWNER,2026-08-15,VARIANT_MAPPED
bảng giá fpt nên dùng không,bảng giá fpt nên dùng không,COMMERCIAL,PACKAGES,/goi-cuoc-fpt/,P0,UNKNOWN,UNKNOWN,UNKNOWN,MAPPED_FROM_OWNER,2026-08-15,VARIANT_MAPPED
bảng giá fpt so sánh,bảng giá fpt so sánh,COMMERCIAL,PACKAGES,/goi-cuoc-fpt/,P0,UNKNOWN,UNKNOWN,UNKNOWN,MAPPED_FROM_OWNER,2026-08-15,VARIANT_MAPPED
bảng giá fpt đăng ký,bảng giá fpt đăng ký,COMMERCIAL,PACKAGES,/goi-cuoc-fpt/,P0,UNKNOWN,UNKNOWN,UNKNOWN,MAPPED_FROM_OWNER,2026-08-15,VARIANT_MAPPED
bảng giá fpt mới nhất 2026,bảng giá fpt mới nhất 2026,COMMERCIAL,PACKAGES,/goi-cuoc-fpt/,P0,UNKNOWN,UNKNOWN,UNKNOWN,MAPPED_FROM_OWNER,2026-08-15,VARIANT_MAPPED
bảng giá fpt bao nhiêu tiền,bảng giá fpt bao nhiêu tiền,COMMERCIAL,PACKAGES,/goi-cuoc-fpt/,P0,UNKNOWN,UNKNOWN,UNKNOWN,MAPPED_FROM_OWNER,2026-08-15,VARIANT_MAPPED
gói internet fpt giá,gói internet fpt giá,COMMERCIAL,PACKAGES,/goi-cuoc-fpt/,P0,UNKNOWN,UNKNOWN,UNKNOWN,MAPPED_FROM_OWNER,2026-08-15,VARIANT_MAPPED
gói internet fpt review,gói internet fpt review,COMMERCIAL,PACKAGES,/goi-cuoc-fpt/,P0,UNKNOWN,UNKNOWN,UNKNOWN,MAPPED_FROM_OWNER,2026-08-15,VARIANT_MAPPED
gói internet fpt có tốt không,gói internet fpt có tốt không,COMMERCIAL,PACKAGES,/goi-cuoc-fpt/,P0,UNKNOWN,UNKNOWN,UNKNOWN,MAPPED_FROM_OWNER,2026-08-15,VARIANT_MAPPED
gói internet fpt phù hợp ai,gói internet fpt phù hợp ai,COMMERCIAL,PACKAGES,/goi-cuoc-fpt/,P0,UNKNOWN,UNKNOWN,UNKNOWN,MAPPED_FROM_OWNER,2026-08-15,VARIANT_MAPPED
gói internet fpt nên dùng không,gói internet fpt nên dùng không,COMMERCIAL,PACKAGES,/goi-cuoc-fpt/,P0,UNKNOWN,UNKNOWN,UNKNOWN,MAPPED_FROM_OWNER,2026-08-15,VARIANT_MAPPED
gói internet fpt so sánh,gói internet fpt so sánh,COMMERCIAL,PACKAGES,/goi-cuoc-fpt/,P0,UNKNOWN,UNKNOWN,UNKNOWN,MAPPED_FROM_OWNER,2026-08-15,VARIANT_MAPPED
gói internet fpt đăng ký,gói internet fpt đăng ký,COMMERCIAL,PACKAGES,/goi-cuoc-fpt/,P0,UNKNOWN,UNKNOWN,UNKNOWN,MAPPED_FROM_OWNER,2026-08-15,VARIANT_MAPPED
gói internet fpt mới nhất 2026,gói internet fpt mới nhất 2026,COMMERCIAL,PACKAGES,/goi-cuoc-fpt/,P0,UNKNOWN,UNKNOWN,UNKNOWN,MAPPED_FROM_OWNER,2026-08-15,VARIANT_MAPPED
gói internet fpt bao nhiêu tiền,gói internet fpt bao nhiêu tiền,COMMERCIAL,PACKAGES,/goi-cuoc-fpt/,P0,UNKNOWN,UNKNOWN,UNKNOWN,MAPPED_FROM_OWNER,2026-08-15,VARIANT_MAPPED
bảng giá fpt review,bảng giá fpt review,COMMERCIAL,PACKAGES,/bang-gia-fpt/,P0,UNKNOWN,UNKNOWN,UNKNOWN,MAPPED_FROM_OWNER,2026-08-15,VARIANT_MAPPED
bảng giá fpt có tốt không,bảng giá fpt có tốt không,COMMERCIAL,PACKAGES,/bang-gia-fpt/,P0,UNKNOWN,UNKNOWN,UNKNOWN,MAPPED_FROM_OWNER,2026-08-15,VARIANT_MAPPED
bảng giá fpt phù hợp ai,bảng giá fpt phù hợp ai,COMMERCIAL,PACKAGES,/bang-gia-fpt/,P0,UNKNOWN,UNKNOWN,UNKNOWN,MAPPED_FROM_OWNER,2026-08-15,VARIANT_MAPPED
bảng giá fpt nên dùng không,bảng giá fpt nên dùng không,COMMERCIAL,PACKAGES,/bang-gia-fpt/,P0,UNKNOWN,UNKNOWN,UNKNOWN,MAPPED_FROM_OWNER,2026-08-15,VARIANT_MAPPED
bảng giá fpt so sánh,bảng giá fpt so sánh,COMMERCIAL,PACKAGES,/bang-gia-fpt/,P0,UNKNOWN,UNKNOWN,UNKNOWN,MAPPED_FROM_OWNER,2026-08-15,VARIANT_MAPPED
bảng giá fpt mới nhất 2026,bảng giá fpt mới nhất 2026,COMMERCIAL,PACKAGES,/bang-gia-fpt/,P0,UNKNOWN,UNKNOWN,UNKNOWN,MAPPED_FROM_OWNER,2026-08-15,VARIANT_MAPPED
bảng giá fpt bao nhiêu tiền,bảng giá fpt bao nhiêu tiền,COMMERCIAL,PACKAGES,/bang-gia-fpt/,P0,UNKNOWN,UNKNOWN,UNKNOWN,MAPPED_FROM_OWNER,2026-08-15,VARIANT_MAPPED
giá mạng fpt giá,giá mạng fpt giá,COMMERCIAL,PACKAGES,/bang-gia-fpt/,P0,UNKNOWN,UNKNOWN,UNKNOWN,MAPPED_FROM_OWNER,2026-08-15,VARIANT_MAPPED
giá mạng fpt review,giá mạng fpt review,COMMERCIAL,PACKAGES,/bang-gia-fpt/,P0,UNKNOWN,UNKNOWN,UNKNOWN,MAPPED_FROM_OWNER,2026-08-15,VARIANT_MAPPED
giá mạng fpt có tốt không,giá mạng fpt có tốt không,COMMERCIAL,PACKAGES,/bang-gia-fpt/,P0,UNKNOWN,UNKNOWN,UNKNOWN,MAPPED_FROM_OWNER,2026-08-15,VARIANT_MAPPED
giá mạng fpt phù hợp ai,giá mạng fpt phù hợp ai,COMMERCIAL,PACKAGES,/bang-gia-fpt/,P0,UNKNOWN,UNKNOWN,UNKNOWN,MAPPED_FROM_OWNER,2026-08-15,VARIANT_MAPPED
giá mạng fpt nên dùng không,giá mạng fpt nên dùng không,COMMERCIAL,PACKAGES,/bang-gia-fpt/,P0,UNKNOWN,UNKNOWN,UNKNOWN,MAPPED_FROM_OWNER,2026-08-15,VARIANT_MAPPED
giá mạng fpt so sánh,giá mạng fpt so sánh,COMMERCIAL,PACKAGES,/bang-gia-fpt/,P0,UNKNOWN,UNKNOWN,UNKNOWN,MAPPED_FROM_OWNER,2026-08-15,VARIANT_MAPPED
giá mạng fpt đăng ký,giá mạng fpt đăng ký,COMMERCIAL,PACKAGES,/bang-gia-fpt/,P0,UNKNOWN,UNKNOWN,UNKNOWN,MAPPED_FROM_OWNER,2026-08-15,VARIANT_MAPPED
giá mạng fpt mới nhất 2026,giá mạng fpt mới nhất 2026,COMMERCIAL,PACKAGES,/bang-gia-fpt/,P0,UNKNOWN,UNKNOWN,UNKNOWN,MAPPED_FROM_OWNER,2026-08-15,VARIANT_MAPPED
giá mạng fpt bao nhiêu tiền,giá mạng fpt bao nhiêu tiền,COMMERCIAL,PACKAGES,/bang-gia-fpt/,P0,UNKNOWN,UNKNOWN,UNKNOWN,MAPPED_FROM_OWNER,2026-08-15,VARIANT_MAPPED
giá internet fpt giá,giá internet fpt giá,COMMERCIAL,PACKAGES,/bang-gia-fpt/,P0,UNKNOWN,UNKNOWN,UNKNOWN,MAPPED_FROM_OWNER,2026-08-15,VARIANT_MAPPED
giá internet fpt review,giá internet fpt review,COMMERCIAL,PACKAGES,/bang-gia-fpt/,P0,UNKNOWN,UNKNOWN,UNKNOWN,MAPPED_FROM_OWNER,2026-08-15,VARIANT_MAPPED
giá internet fpt có tốt không,giá internet fpt có tốt không,COMMERCIAL,PACKAGES,/bang-gia-fpt/,P0,UNKNOWN,UNKNOWN,UNKNOWN,MAPPED_FROM_OWNER,2026-08-15,VARIANT_MAPPED
giá internet fpt phù hợp ai,giá internet fpt phù hợp ai,COMMERCIAL,PACKAGES,/bang-gia-fpt/,P0,UNKNOWN,UNKNOWN,UNKNOWN,MAPPED_FROM_OWNER,2026-08-15,VARIANT_MAPPED
giá internet fpt nên dùng không,giá internet fpt nên dùng không,COMMERCIAL,PACKAGES,/bang-gia-fpt/,P0,UNKNOWN,UNKNOWN,UNKNOWN,MAPPED_FROM_OWNER,2026-08-15,VARIANT_MAPPED
giá internet fpt so sánh,giá internet fpt so sánh,COMMERCIAL,PACKAGES,/bang-gia-fpt/,P0,UNKNOWN,UNKNOWN,UNKNOWN,MAPPED_FROM_OWNER,2026-08-15,VARIANT_MAPPED
giá internet fpt đăng ký,giá internet fpt đăng ký,COMMERCIAL,PACKAGES,/bang-gia-fpt/,P0,UNKNOWN,UNKNOWN,UNKNOWN,MAPPED_FROM_OWNER,2026-08-15,VARIANT_MAPPED
giá internet fpt mới nhất 2026,giá internet fpt mới nhất 2026,COMMERCIAL,PACKAGES,/bang-gia-fpt/,P0,UNKNOWN,UNKNOWN,UNKNOWN,MAPPED_FROM_OWNER,2026-08-15,VARIANT_MAPPED
giá internet fpt bao nhiêu tiền,giá internet fpt bao nhiêu tiền,COMMERCIAL,PACKAGES,/bang-gia-fpt/,P0,UNKNOWN,UNKNOWN,UNKNOWN,MAPPED_FROM_OWNER,2026-08-15,VARIANT_MAPPED
combo fpt review,combo fpt review,COMMERCIAL,COMBO,/combo-fpt/,P0,UNKNOWN,UNKNOWN,UNKNOWN,MAPPED_FROM_OWNER,2026-08-15,VARIANT_MAPPED
combo fpt có tốt không,combo fpt có tốt không,COMMERCIAL,COMBO,/combo-fpt/,P0,UNKNOWN,UNKNOWN,UNKNOWN,MAPPED_FROM_OWNER,2026-08-15,VARIANT_MAPPED
combo fpt phù hợp ai,combo fpt phù hợp ai,COMMERCIAL,COMBO,/combo-fpt/,P0,UNKNOWN,UNKNOWN,UNKNOWN,MAPPED_FROM_OWNER,2026-08-15,VARIANT_MAPPED
combo fpt nên dùng không,combo fpt nên dùng không,COMMERCIAL,COMBO,/combo-fpt/,P0,UNKNOWN,UNKNOWN,UNKNOWN,MAPPED_FROM_OWNER,2026-08-15,VARIANT_MAPPED
combo fpt so sánh,combo fpt so sánh,COMMERCIAL,COMBO,/combo-fpt/,P0,UNKNOWN,UNKNOWN,UNKNOWN,MAPPED_FROM_OWNER,2026-08-15,VARIANT_MAPPED
combo fpt mới nhất 2026,combo fpt mới nhất 2026,COMMERCIAL,COMBO,/combo-fpt/,P0,UNKNOWN,UNKNOWN,UNKNOWN,MAPPED_FROM_OWNER,2026-08-15,VARIANT_MAPPED
combo fpt bao nhiêu tiền,combo fpt bao nhiêu tiền,COMMERCIAL,COMBO,/combo-fpt/,P0,UNKNOWN,UNKNOWN,UNKNOWN,MAPPED_FROM_OWNER,2026-08-15,VARIANT_MAPPED
combo internet fpt giá,combo internet fpt giá,COMMERCIAL,COMBO,/combo-fpt/,P0,UNKNOWN,UNKNOWN,UNKNOWN,MAPPED_FROM_OWNER,2026-08-15,VARIANT_MAPPED
combo internet fpt review,combo internet fpt review,COMMERCIAL,COMBO,/combo-fpt/,P0,UNKNOWN,UNKNOWN,UNKNOWN,MAPPED_FROM_OWNER,2026-08-15,VARIANT_MAPPED
combo internet fpt có tốt không,combo internet fpt có tốt không,COMMERCIAL,COMBO,/combo-fpt/,P0,UNKNOWN,UNKNOWN,UNKNOWN,MAPPED_FROM_OWNER,2026-08-15,VARIANT_MAPPED
combo internet fpt phù hợp ai,combo internet fpt phù hợp ai,COMMERCIAL,COMBO,/combo-fpt/,P0,UNKNOWN,UNKNOWN,UNKNOWN,MAPPED_FROM_OWNER,2026-08-15,VARIANT_MAPPED
combo internet fpt nên dùng không,combo internet fpt nên dùng không,COMMERCIAL,COMBO,/combo-fpt/,P0,UNKNOWN,UNKNOWN,UNKNOWN,MAPPED_FROM_OWNER,2026-08-15,VARIANT_MAPPED
combo internet fpt so sánh,combo internet fpt so sánh,COMMERCIAL,COMBO,/combo-fpt/,P0,UNKNOWN,UNKNOWN,UNKNOWN,MAPPED_FROM_OWNER,2026-08-15,VARIANT_MAPPED
combo internet fpt đăng ký,combo internet fpt đăng ký,COMMERCIAL,COMBO,/combo-fpt/,P0,UNKNOWN,UNKNOWN,UNKNOWN,MAPPED_FROM_OWNER,2026-08-15,VARIANT_MAPPED
combo internet fpt mới nhất 2026,combo internet fpt mới nhất 2026,COMMERCIAL,COMBO,/combo-fpt/,P0,UNKNOWN,UNKNOWN,UNKNOWN,MAPPED_FROM_OWNER,2026-08-15,VARIANT_MAPPED
combo internet fpt bao nhiêu tiền,combo internet fpt bao nhiêu tiền,COMMERCIAL,COMBO,/combo-fpt/,P0,UNKNOWN,UNKNOWN,UNKNOWN,MAPPED_FROM_OWNER,2026-08-15,VARIANT_MAPPED
internet truyền hình fpt giá,internet truyền hình fpt giá,COMMERCIAL,COMBO,/combo-fpt/,P0,UNKNOWN,UNKNOWN,UNKNOWN,MAPPED_FROM_OWNER,2026-08-15,VARIANT_MAPPED
internet truyền hình fpt review,internet truyền hình fpt review,COMMERCIAL,COMBO,/combo-fpt/,P0,UNKNOWN,UNKNOWN,UNKNOWN,MAPPED_FROM_OWNER,2026-08-15,VARIANT_MAPPED
internet truyền hình fpt có tốt không,internet truyền hình fpt có tốt không,COMMERCIAL,COMBO,/combo-fpt/,P0,UNKNOWN,UNKNOWN,UNKNOWN,MAPPED_FROM_OWNER,2026-08-15,VARIANT_MAPPED
internet truyền hình fpt phù hợp ai,internet truyền hình fpt phù hợp ai,COMMERCIAL,COMBO,/combo-fpt/,P0,UNKNOWN,UNKNOWN,UNKNOWN,MAPPED_FROM_OWNER,2026-08-15,VARIANT_MAPPED
internet truyền hình fpt nên dùng không,internet truyền hình fpt nên dùng không,COMMERCIAL,COMBO,/combo-fpt/,P0,UNKNOWN,UNKNOWN,UNKNOWN,MAPPED_FROM_OWNER,2026-08-15,VARIANT_MAPPED
internet truyền hình fpt so sánh,internet truyền hình fpt so sánh,COMMERCIAL,COMBO,/combo-fpt/,P0,UNKNOWN,UNKNOWN,UNKNOWN,MAPPED_FROM_OWNER,2026-08-15,VARIANT_MAPPED
internet truyền hình fpt đăng ký,internet truyền hình fpt đăng ký,COMMERCIAL,COMBO,/combo-fpt/,P0,UNKNOWN,UNKNOWN,UNKNOWN,MAPPED_FROM_OWNER,2026-08-15,VARIANT_MAPPED
internet truyền hình fpt mới nhất 2026,internet truyền hình fpt mới nhất 2026,COMMERCIAL,COMBO,/combo-fpt/,P0,UNKNOWN,UNKNOWN,UNKNOWN,MAPPED_FROM_OWNER,2026-08-15,VARIANT_MAPPED
internet truyền hình fpt bao nhiêu tiền,internet truyền hình fpt bao nhiêu tiền,COMMERCIAL,COMBO,/combo-fpt/,P0,UNKNOWN,UNKNOWN,UNKNOWN,MAPPED_FROM_OWNER,2026-08-15,VARIANT_MAPPED
internet + truyền hình fpt review,internet + truyền hình fpt review,COMMERCIAL,COMBO,/internet-truyen-hinh-fpt/,P1,UNKNOWN,UNKNOWN,UNKNOWN,MAPPED_FROM_OWNER,2026-08-15,VARIANT_MAPPED
internet + truyền hình fpt có tốt không,internet + truyền hình fpt có tốt không,COMMERCIAL,COMBO,/internet-truyen-hinh-fpt/,P1,UNKNOWN,UNKNOWN,UNKNOWN,MAPPED_FROM_OWNER,2026-08-15,VARIANT_MAPPED
internet + truyền hình fpt phù hợp ai,internet + truyền hình fpt phù hợp ai,COMMERCIAL,COMBO,/internet-truyen-hinh-fpt/,P1,UNKNOWN,UNKNOWN,UNKNOWN,MAPPED_FROM_OWNER,2026-08-15,VARIANT_MAPPED
internet + truyền hình fpt nên dùng không,internet + truyền hình fpt nên dùng không,COMMERCIAL,COMBO,/internet-truyen-hinh-fpt/,P1,UNKNOWN,UNKNOWN,UNKNOWN,MAPPED_FROM_OWNER,2026-08-15,VARIANT_MAPPED
internet + truyền hình fpt so sánh,internet + truyền hình fpt so sánh,COMMERCIAL,COMBO,/internet-truyen-hinh-fpt/,P1,UNKNOWN,UNKNOWN,UNKNOWN,MAPPED_FROM_OWNER,2026-08-15,VARIANT_MAPPED
internet + truyền hình fpt mới nhất 2026,internet + truyền hình fpt mới nhất 2026,COMMERCIAL,COMBO,/internet-truyen-hinh-fpt/,P1,UNKNOWN,UNKNOWN,UNKNOWN,MAPPED_FROM_OWNER,2026-08-15,VARIANT_MAPPED
internet + truyền hình fpt bao nhiêu tiền,internet + truyền hình fpt bao nhiêu tiền,COMMERCIAL,COMBO,/internet-truyen-hinh-fpt/,P1,UNKNOWN,UNKNOWN,UNKNOWN,MAPPED_FROM_OWNER,2026-08-15,VARIANT_MAPPED
internet truyền hình fpt giá,internet truyền hình fpt giá,COMMERCIAL,COMBO,/internet-truyen-hinh-fpt/,P1,UNKNOWN,UNKNOWN,UNKNOWN,MAPPED_FROM_OWNER,2026-08-15,VARIANT_MAPPED
internet truyền hình fpt review,internet truyền hình fpt review,COMMERCIAL,COMBO,/internet-truyen-hinh-fpt/,P1,UNKNOWN,UNKNOWN,UNKNOWN,MAPPED_FROM_OWNER,2026-08-15,VARIANT_MAPPED
internet truyền hình fpt có tốt không,internet truyền hình fpt có tốt không,COMMERCIAL,COMBO,/internet-truyen-hinh-fpt/,P1,UNKNOWN,UNKNOWN,UNKNOWN,MAPPED_FROM_OWNER,2026-08-15,VARIANT_MAPPED
internet truyền hình fpt phù hợp ai,internet truyền hình fpt phù hợp ai,COMMERCIAL,COMBO,/internet-truyen-hinh-fpt/,P1,UNKNOWN,UNKNOWN,UNKNOWN,MAPPED_FROM_OWNER,2026-08-15,VARIANT_MAPPED
internet truyền hình fpt nên dùng không,internet truyền hình fpt nên dùng không,COMMERCIAL,COMBO,/internet-truyen-hinh-fpt/,P1,UNKNOWN,UNKNOWN,UNKNOWN,MAPPED_FROM_OWNER,2026-08-15,VARIANT_MAPPED
internet truyền hình fpt so sánh,internet truyền hình fpt so sánh,COMMERCIAL,COMBO,/internet-truyen-hinh-fpt/,P1,UNKNOWN,UNKNOWN,UNKNOWN,MAPPED_FROM_OWNER,2026-08-15,VARIANT_MAPPED
internet truyền hình fpt đăng ký,internet truyền hình fpt đăng ký,COMMERCIAL,COMBO,/internet-truyen-hinh-fpt/,P1,UNKNOWN,UNKNOWN,UNKNOWN,MAPPED_FROM_OWNER,2026-08-15,VARIANT_MAPPED
internet truyền hình fpt mới nhất 2026,internet truyền hình fpt mới nhất 2026,COMMERCIAL,COMBO,/internet-truyen-hinh-fpt/,P1,UNKNOWN,UNKNOWN,UNKNOWN,MAPPED_FROM_OWNER,2026-08-15,VARIANT_MAPPED
internet truyền hình fpt bao nhiêu tiền,internet truyền hình fpt bao nhiêu tiền,COMMERCIAL,COMBO,/internet-truyen-hinh-fpt/,P1,UNKNOWN,UNKNOWN,UNKNOWN,MAPPED_FROM_OWNER,2026-08-15,VARIANT_MAPPED
combo internet truyền hình fpt giá,combo internet truyền hình fpt giá,COMMERCIAL,COMBO,/internet-truyen-hinh-fpt/,P1,UNKNOWN,UNKNOWN,UNKNOWN,MAPPED_FROM_OWNER,2026-08-15,VARIANT_MAPPED
combo internet truyền hình fpt review,combo internet truyền hình fpt review,COMMERCIAL,COMBO,/internet-truyen-hinh-fpt/,P1,UNKNOWN,UNKNOWN,UNKNOWN,MAPPED_FROM_OWNER,2026-08-15,VARIANT_MAPPED
combo internet truyền hình fpt có tốt không,combo internet truyền hình fpt có tốt không,COMMERCIAL,COMBO,/internet-truyen-hinh-fpt/,P1,UNKNOWN,UNKNOWN,UNKNOWN,MAPPED_FROM_OWNER,2026-08-15,VARIANT_MAPPED
combo internet truyền hình fpt phù hợp ai,combo internet truyền hình fpt phù hợp ai,COMMERCIAL,COMBO,/internet-truyen-hinh-fpt/,P1,UNKNOWN,UNKNOWN,UNKNOWN,MAPPED_FROM_OWNER,2026-08-15,VARIANT_MAPPED
combo internet truyền hình fpt nên dùng không,combo internet truyền hình fpt nên dùng không,COMMERCIAL,COMBO,/internet-truyen-hinh-fpt/,P1,UNKNOWN,UNKNOWN,UNKNOWN,MAPPED_FROM_OWNER,2026-08-15,VARIANT_MAPPED
combo internet truyền hình fpt so sánh,combo internet truyền hình fpt so sánh,COMMERCIAL,COMBO,/internet-truyen-hinh-fpt/,P1,UNKNOWN,UNKNOWN,UNKNOWN,MAPPED_FROM_OWNER,2026-08-15,VARIANT_MAPPED
combo internet truyền hình fpt đăng ký,combo internet truyền hình fpt đăng ký,COMMERCIAL,COMBO,/internet-truyen-hinh-fpt/,P1,UNKNOWN,UNKNOWN,UNKNOWN,MAPPED_FROM_OWNER,2026-08-15,VARIANT_MAPPED
combo internet truyền hình fpt mới nhất 2026,combo internet truyền hình fpt mới nhất 2026,COMMERCIAL,COMBO,/internet-truyen-hinh-fpt/,P1,UNKNOWN,UNKNOWN,UNKNOWN,MAPPED_FROM_OWNER,2026-08-15,VARIANT_MAPPED
combo internet truyền hình fpt bao nhiêu tiền,combo internet truyền hình fpt bao nhiêu tiền,COMMERCIAL,COMBO,/internet-truyen-hinh-fpt/,P1,UNKNOWN,UNKNOWN,UNKNOWN,MAPPED_FROM_OWNER,2026-08-15,VARIANT_MAPPED
f-game fpt review,f-game fpt review,COMMERCIAL,GAMING,/f-game-fpt/,P0,UNKNOWN,UNKNOWN,UNKNOWN,MAPPED_FROM_OWNER,2026-08-15,VARIANT_MAPPED
f-game fpt có tốt không,f-game fpt có tốt không,COMMERCIAL,GAMING,/f-game-fpt/,P0,UNKNOWN,UNKNOWN,UNKNOWN,MAPPED_FROM_OWNER,2026-08-15,VARIANT_MAPPED
f-game fpt phù hợp ai,f-game fpt phù hợp ai,COMMERCIAL,GAMING,/f-game-fpt/,P0,UNKNOWN,UNKNOWN,UNKNOWN,MAPPED_FROM_OWNER,2026-08-15,VARIANT_MAPPED
f-game fpt nên dùng không,f-game fpt nên dùng không,COMMERCIAL,GAMING,/f-game-fpt/,P0,UNKNOWN,UNKNOWN,UNKNOWN,MAPPED_FROM_OWNER,2026-08-15,VARIANT_MAPPED
f-game fpt so sánh,f-game fpt so sánh,COMMERCIAL,GAMING,/f-game-fpt/,P0,UNKNOWN,UNKNOWN,UNKNOWN,MAPPED_FROM_OWNER,2026-08-15,VARIANT_MAPPED
f-game fpt mới nhất 2026,f-game fpt mới nhất 2026,COMMERCIAL,GAMING,/f-game-fpt/,P0,UNKNOWN,UNKNOWN,UNKNOWN,MAPPED_FROM_OWNER,2026-08-15,VARIANT_MAPPED
f-game fpt bao nhiêu tiền,f-game fpt bao nhiêu tiền,COMMERCIAL,GAMING,/f-game-fpt/,P0,UNKNOWN,UNKNOWN,UNKNOWN,MAPPED_FROM_OWNER,2026-08-15,VARIANT_MAPPED
mạng fpt chơi game giá,mạng fpt chơi game giá,COMMERCIAL,GAMING,/f-game-fpt/,P0,UNKNOWN,UNKNOWN,UNKNOWN,MAPPED_FROM_OWNER,2026-08-15,VARIANT_MAPPED
mạng fpt chơi game review,mạng fpt chơi game review,COMMERCIAL,GAMING,/f-game-fpt/,P0,UNKNOWN,UNKNOWN,UNKNOWN,MAPPED_FROM_OWNER,2026-08-15,VARIANT_MAPPED
mạng fpt chơi game có tốt không,mạng fpt chơi game có tốt không,COMMERCIAL,GAMING,/f-game-fpt/,P0,UNKNOWN,UNKNOWN,UNKNOWN,MAPPED_FROM_OWNER,2026-08-15,VARIANT_MAPPED
mạng fpt chơi game phù hợp ai,mạng fpt chơi game phù hợp ai,COMMERCIAL,GAMING,/f-game-fpt/,P0,UNKNOWN,UNKNOWN,UNKNOWN,MAPPED_FROM_OWNER,2026-08-15,VARIANT_MAPPED
mạng fpt chơi game nên dùng không,mạng fpt chơi game nên dùng không,COMMERCIAL,GAMING,/f-game-fpt/,P0,UNKNOWN,UNKNOWN,UNKNOWN,MAPPED_FROM_OWNER,2026-08-15,VARIANT_MAPPED
mạng fpt chơi game so sánh,mạng fpt chơi game so sánh,COMMERCIAL,GAMING,/f-game-fpt/,P0,UNKNOWN,UNKNOWN,UNKNOWN,MAPPED_FROM_OWNER,2026-08-15,VARIANT_MAPPED
mạng fpt chơi game đăng ký,mạng fpt chơi game đăng ký,COMMERCIAL,GAMING,/f-game-fpt/,P0,UNKNOWN,UNKNOWN,UNKNOWN,MAPPED_FROM_OWNER,2026-08-15,VARIANT_MAPPED
mạng fpt chơi game mới nhất 2026,mạng fpt chơi game mới nhất 2026,COMMERCIAL,GAMING,/f-game-fpt/,P0,UNKNOWN,UNKNOWN,UNKNOWN,MAPPED_FROM_OWNER,2026-08-15,VARIANT_MAPPED
mạng fpt chơi game bao nhiêu tiền,mạng fpt chơi game bao nhiêu tiền,COMMERCIAL,GAMING,/f-game-fpt/,P0,UNKNOWN,UNKNOWN,UNKNOWN,MAPPED_FROM_OWNER,2026-08-15,VARIANT_MAPPED
internet game thủ fpt giá,internet game thủ fpt giá,COMMERCIAL,GAMING,/f-game-fpt/,P0,UNKNOWN,UNKNOWN,UNKNOWN,MAPPED_FROM_OWNER,2026-08-15,VARIANT_MAPPED
internet game thủ fpt review,internet game thủ fpt review,COMMERCIAL,GAMING,/f-game-fpt/,P0,UNKNOWN,UNKNOWN,UNKNOWN,MAPPED_FROM_OWNER,2026-08-15,VARIANT_MAPPED
internet game thủ fpt có tốt không,internet game thủ fpt có tốt không,COMMERCIAL,GAMING,/f-game-fpt/,P0,UNKNOWN,UNKNOWN,UNKNOWN,MAPPED_FROM_OWNER,2026-08-15,VARIANT_MAPPED
internet game thủ fpt phù hợp ai,internet game thủ fpt phù hợp ai,COMMERCIAL,GAMING,/f-game-fpt/,P0,UNKNOWN,UNKNOWN,UNKNOWN,MAPPED_FROM_OWNER,2026-08-15,VARIANT_MAPPED
internet game thủ fpt nên dùng không,internet game thủ fpt nên dùng không,COMMERCIAL,GAMING,/f-game-fpt/,P0,UNKNOWN,UNKNOWN,UNKNOWN,MAPPED_FROM_OWNER,2026-08-15,VARIANT_MAPPED
internet game thủ fpt so sánh,internet game thủ fpt so sánh,COMMERCIAL,GAMING,/f-game-fpt/,P0,UNKNOWN,UNKNOWN,UNKNOWN,MAPPED_FROM_OWNER,2026-08-15,VARIANT_MAPPED
internet game thủ fpt đăng ký,internet game thủ fpt đăng ký,COMMERCIAL,GAMING,/f-game-fpt/,P0,UNKNOWN,UNKNOWN,UNKNOWN,MAPPED_FROM_OWNER,2026-08-15,VARIANT_MAPPED
internet game thủ fpt mới nhất 2026,internet game thủ fpt mới nhất 2026,COMMERCIAL,GAMING,/f-game-fpt/,P0,UNKNOWN,UNKNOWN,UNKNOWN,MAPPED_FROM_OWNER,2026-08-15,VARIANT_MAPPED
internet game thủ fpt bao nhiêu tiền,internet game thủ fpt bao nhiêu tiền,COMMERCIAL,GAMING,/f-game-fpt/,P0,UNKNOWN,UNKNOWN,UNKNOWN,MAPPED_FROM_OWNER,2026-08-15,VARIANT_MAPPED
mesh wifi fpt review,mesh wifi fpt review,COMMERCIAL,WIFI,/mesh-wifi-fpt/,P1,UNKNOWN,UNKNOWN,UNKNOWN,MAPPED_FROM_OWNER,2026-08-15,VARIANT_MAPPED
mesh wifi fpt có tốt không,mesh wifi fpt có tốt không,COMMERCIAL,WIFI,/mesh-wifi-fpt/,P1,UNKNOWN,UNKNOWN,UNKNOWN,MAPPED_FROM_OWNER,2026-08-15,VARIANT_MAPPED
mesh wifi fpt phù hợp ai,mesh wifi fpt phù hợp ai,COMMERCIAL,WIFI,/mesh-wifi-fpt/,P1,UNKNOWN,UNKNOWN,UNKNOWN,MAPPED_FROM_OWNER,2026-08-15,VARIANT_MAPPED
mesh wifi fpt nên dùng không,mesh wifi fpt nên dùng không,COMMERCIAL,WIFI,/mesh-wifi-fpt/,P1,UNKNOWN,UNKNOWN,UNKNOWN,MAPPED_FROM_OWNER,2026-08-15,VARIANT_MAPPED
mesh wifi fpt so sánh,mesh wifi fpt so sánh,COMMERCIAL,WIFI,/mesh-wifi-fpt/,P1,UNKNOWN,UNKNOWN,UNKNOWN,MAPPED_FROM_OWNER,2026-08-15,VARIANT_MAPPED
mesh wifi fpt mới nhất 2026,mesh wifi fpt mới nhất 2026,COMMERCIAL,WIFI,/mesh-wifi-fpt/,P1,UNKNOWN,UNKNOWN,UNKNOWN,MAPPED_FROM_OWNER,2026-08-15,VARIANT_MAPPED
mesh wifi fpt bao nhiêu tiền,mesh wifi fpt bao nhiêu tiền,COMMERCIAL,WIFI,/mesh-wifi-fpt/,P1,UNKNOWN,UNKNOWN,UNKNOWN,MAPPED_FROM_OWNER,2026-08-15,VARIANT_MAPPED
wifi fpt nhà nhiều tầng giá,wifi fpt nhà nhiều tầng giá,COMMERCIAL,WIFI,/mesh-wifi-fpt/,P1,UNKNOWN,UNKNOWN,UNKNOWN,MAPPED_FROM_OWNER,2026-08-15,VARIANT_MAPPED
wifi fpt nhà nhiều tầng review,wifi fpt nhà nhiều tầng review,COMMERCIAL,WIFI,/mesh-wifi-fpt/,P1,UNKNOWN,UNKNOWN,UNKNOWN,MAPPED_FROM_OWNER,2026-08-15,VARIANT_MAPPED
wifi fpt nhà nhiều tầng có tốt không,wifi fpt nhà nhiều tầng có tốt không,COMMERCIAL,WIFI,/mesh-wifi-fpt/,P1,UNKNOWN,UNKNOWN,UNKNOWN,MAPPED_FROM_OWNER,2026-08-15,VARIANT_MAPPED
wifi fpt nhà nhiều tầng phù hợp ai,wifi fpt nhà nhiều tầng phù hợp ai,COMMERCIAL,WIFI,/mesh-wifi-fpt/,P1,UNKNOWN,UNKNOWN,UNKNOWN,MAPPED_FROM_OWNER,2026-08-15,VARIANT_MAPPED
wifi fpt nhà nhiều tầng nên dùng không,wifi fpt nhà nhiều tầng nên dùng không,COMMERCIAL,WIFI,/mesh-wifi-fpt/,P1,UNKNOWN,UNKNOWN,UNKNOWN,MAPPED_FROM_OWNER,2026-08-15,VARIANT_MAPPED
wifi fpt nhà nhiều tầng so sánh,wifi fpt nhà nhiều tầng so sánh,COMMERCIAL,WIFI,/mesh-wifi-fpt/,P1,UNKNOWN,UNKNOWN,UNKNOWN,MAPPED_FROM_OWNER,2026-08-15,VARIANT_MAPPED
wifi fpt nhà nhiều tầng đăng ký,wifi fpt nhà nhiều tầng đăng ký,COMMERCIAL,WIFI,/mesh-wifi-fpt/,P1,UNKNOWN,UNKNOWN,UNKNOWN,MAPPED_FROM_OWNER,2026-08-15,VARIANT_MAPPED
wifi fpt nhà nhiều tầng mới nhất 2026,wifi fpt nhà nhiều tầng mới nhất 2026,COMMERCIAL,WIFI,/mesh-wifi-fpt/,P1,UNKNOWN,UNKNOWN,UNKNOWN,MAPPED_FROM_OWNER,2026-08-15,VARIANT_MAPPED
wifi fpt nhà nhiều tầng bao nhiêu tiền,wifi fpt nhà nhiều tầng bao nhiêu tiền,COMMERCIAL,WIFI,/mesh-wifi-fpt/,P1,UNKNOWN,UNKNOWN,UNKNOWN,MAPPED_FROM_OWNER,2026-08-15,VARIANT_MAPPED
bộ phát wifi fpt giá,bộ phát wifi fpt giá,COMMERCIAL,WIFI,/mesh-wifi-fpt/,P1,UNKNOWN,UNKNOWN,UNKNOWN,MAPPED_FROM_OWNER,2026-08-15,VARIANT_MAPPED
bộ phát wifi fpt review,bộ phát wifi fpt review,COMMERCIAL,WIFI,/mesh-wifi-fpt/,P1,UNKNOWN,UNKNOWN,UNKNOWN,MAPPED_FROM_OWNER,2026-08-15,VARIANT_MAPPED
bộ phát wifi fpt có tốt không,bộ phát wifi fpt có tốt không,COMMERCIAL,WIFI,/mesh-wifi-fpt/,P1,UNKNOWN,UNKNOWN,UNKNOWN,MAPPED_FROM_OWNER,2026-08-15,VARIANT_MAPPED
bộ phát wifi fpt phù hợp ai,bộ phát wifi fpt phù hợp ai,COMMERCIAL,WIFI,/mesh-wifi-fpt/,P1,UNKNOWN,UNKNOWN,UNKNOWN,MAPPED_FROM_OWNER,2026-08-15,VARIANT_MAPPED
bộ phát wifi fpt nên dùng không,bộ phát wifi fpt nên dùng không,COMMERCIAL,WIFI,/mesh-wifi-fpt/,P1,UNKNOWN,UNKNOWN,UNKNOWN,MAPPED_FROM_OWNER,2026-08-15,VARIANT_MAPPED
bộ phát wifi fpt so sánh,bộ phát wifi fpt so sánh,COMMERCIAL,WIFI,/mesh-wifi-fpt/,P1,UNKNOWN,UNKNOWN,UNKNOWN,MAPPED_FROM_OWNER,2026-08-15,VARIANT_MAPPED
bộ phát wifi fpt đăng ký,bộ phát wifi fpt đăng ký,COMMERCIAL,WIFI,/mesh-wifi-fpt/,P1,UNKNOWN,UNKNOWN,UNKNOWN,MAPPED_FROM_OWNER,2026-08-15,VARIANT_MAPPED
bộ phát wifi fpt mới nhất 2026,bộ phát wifi fpt mới nhất 2026,COMMERCIAL,WIFI,/mesh-wifi-fpt/,P1,UNKNOWN,UNKNOWN,UNKNOWN,MAPPED_FROM_OWNER,2026-08-15,VARIANT_MAPPED
bộ phát wifi fpt bao nhiêu tiền,bộ phát wifi fpt bao nhiêu tiền,COMMERCIAL,WIFI,/mesh-wifi-fpt/,P1,UNKNOWN,UNKNOWN,UNKNOWN,MAPPED_FROM_OWNER,2026-08-15,VARIANT_MAPPED
wifi 6 fpt là gì,wifi 6 fpt là gì,INFORMATIONAL,WIFI,/wifi-6-fpt/,P1,UNKNOWN,UNKNOWN,UNKNOWN,MAPPED_FROM_OWNER,2026-08-15,VARIANT_MAPPED
wifi 6 fpt hoạt động thế nào,wifi 6 fpt hoạt động thế nào,INFORMATIONAL,WIFI,/wifi-6-fpt/,P1,UNKNOWN,UNKNOWN,UNKNOWN,MAPPED_FROM_OWNER,2026-08-15,VARIANT_MAPPED
wifi 6 fpt có gì mới,wifi 6 fpt có gì mới,INFORMATIONAL,WIFI,/wifi-6-fpt/,P1,UNKNOWN,UNKNOWN,UNKNOWN,MAPPED_FROM_OWNER,2026-08-15,VARIANT_MAPPED
wifi 6 fpt hướng dẫn,wifi 6 fpt hướng dẫn,INFORMATIONAL,WIFI,/wifi-6-fpt/,P1,UNKNOWN,UNKNOWN,UNKNOWN,MAPPED_FROM_OWNER,2026-08-15,VARIANT_MAPPED
wifi 6 fpt có nên dùng,wifi 6 fpt có nên dùng,INFORMATIONAL,WIFI,/wifi-6-fpt/,P1,UNKNOWN,UNKNOWN,UNKNOWN,MAPPED_FROM_OWNER,2026-08-15,VARIANT_MAPPED
wifi 6 fpt ưu nhược điểm,wifi 6 fpt ưu nhược điểm,INFORMATIONAL,WIFI,/wifi-6-fpt/,P1,UNKNOWN,UNKNOWN,UNKNOWN,MAPPED_FROM_OWNER,2026-08-15,VARIANT_MAPPED
wifi 6 fpt 2026,wifi 6 fpt 2026,INFORMATIONAL,WIFI,/wifi-6-fpt/,P1,UNKNOWN,UNKNOWN,UNKNOWN,MAPPED_FROM_OWNER,2026-08-15,VARIANT_MAPPED
modem wifi 6 fpt là gì,modem wifi 6 fpt là gì,INFORMATIONAL,WIFI,/wifi-6-fpt/,P1,UNKNOWN,UNKNOWN,UNKNOWN,MAPPED_FROM_OWNER,2026-08-15,VARIANT_MAPPED
modem wifi 6 fpt hoạt động thế nào,modem wifi 6 fpt hoạt động thế nào,INFORMATIONAL,WIFI,/wifi-6-fpt/,P1,UNKNOWN,UNKNOWN,UNKNOWN,MAPPED_FROM_OWNER,2026-08-15,VARIANT_MAPPED
modem wifi 6 fpt có gì mới,modem wifi 6 fpt có gì mới,INFORMATIONAL,WIFI,/wifi-6-fpt/,P1,UNKNOWN,UNKNOWN,UNKNOWN,MAPPED_FROM_OWNER,2026-08-15,VARIANT_MAPPED
modem wifi 6 fpt hướng dẫn,modem wifi 6 fpt hướng dẫn,INFORMATIONAL,WIFI,/wifi-6-fpt/,P1,UNKNOWN,UNKNOWN,UNKNOWN,MAPPED_FROM_OWNER,2026-08-15,VARIANT_MAPPED
modem wifi 6 fpt có nên dùng,modem wifi 6 fpt có nên dùng,INFORMATIONAL,WIFI,/wifi-6-fpt/,P1,UNKNOWN,UNKNOWN,UNKNOWN,MAPPED_FROM_OWNER,2026-08-15,VARIANT_MAPPED
modem wifi 6 fpt ưu nhược điểm,modem wifi 6 fpt ưu nhược điểm,INFORMATIONAL,WIFI,/wifi-6-fpt/,P1,UNKNOWN,UNKNOWN,UNKNOWN,MAPPED_FROM_OWNER,2026-08-15,VARIANT_MAPPED
modem wifi 6 fpt 2026,modem wifi 6 fpt 2026,INFORMATIONAL,WIFI,/wifi-6-fpt/,P1,UNKNOWN,UNKNOWN,UNKNOWN,MAPPED_FROM_OWNER,2026-08-15,VARIANT_MAPPED
xgs-pon fpt là gì,xgs-pon fpt là gì,INFORMATIONAL,WIFI7,/xgs-pon-fpt/,P1,UNKNOWN,UNKNOWN,UNKNOWN,MAPPED_FROM_OWNER,2026-08-15,VARIANT_MAPPED
xgs-pon fpt hoạt động thế nào,xgs-pon fpt hoạt động thế nào,INFORMATIONAL,WIFI7,/xgs-pon-fpt/,P1,UNKNOWN,UNKNOWN,UNKNOWN,MAPPED_FROM_OWNER,2026-08-15,VARIANT_MAPPED
xgs-pon fpt có gì mới,xgs-pon fpt có gì mới,INFORMATIONAL,WIFI7,/xgs-pon-fpt/,P1,UNKNOWN,UNKNOWN,UNKNOWN,MAPPED_FROM_OWNER,2026-08-15,VARIANT_MAPPED
xgs-pon fpt hướng dẫn,xgs-pon fpt hướng dẫn,INFORMATIONAL,WIFI7,/xgs-pon-fpt/,P1,UNKNOWN,UNKNOWN,UNKNOWN,MAPPED_FROM_OWNER,2026-08-15,VARIANT_MAPPED
xgs-pon fpt có nên dùng,xgs-pon fpt có nên dùng,INFORMATIONAL,WIFI7,/xgs-pon-fpt/,P1,UNKNOWN,UNKNOWN,UNKNOWN,MAPPED_FROM_OWNER,2026-08-15,VARIANT_MAPPED
xgs-pon fpt ưu nhược điểm,xgs-pon fpt ưu nhược điểm,INFORMATIONAL,WIFI7,/xgs-pon-fpt/,P1,UNKNOWN,UNKNOWN,UNKNOWN,MAPPED_FROM_OWNER,2026-08-15,VARIANT_MAPPED
xgs-pon fpt 2026,xgs-pon fpt 2026,INFORMATIONAL,WIFI7,/xgs-pon-fpt/,P1,UNKNOWN,UNKNOWN,UNKNOWN,MAPPED_FROM_OWNER,2026-08-15,VARIANT_MAPPED
xgspon fpt là gì,xgspon fpt là gì,INFORMATIONAL,WIFI7,/xgs-pon-fpt/,P1,UNKNOWN,UNKNOWN,UNKNOWN,MAPPED_FROM_OWNER,2026-08-15,VARIANT_MAPPED
xgspon fpt hoạt động thế nào,xgspon fpt hoạt động thế nào,INFORMATIONAL,WIFI7,/xgs-pon-fpt/,P1,UNKNOWN,UNKNOWN,UNKNOWN,MAPPED_FROM_OWNER,2026-08-15,VARIANT_MAPPED
xgspon fpt có gì mới,xgspon fpt có gì mới,INFORMATIONAL,WIFI7,/xgs-pon-fpt/,P1,UNKNOWN,UNKNOWN,UNKNOWN,MAPPED_FROM_OWNER,2026-08-15,VARIANT_MAPPED
xgspon fpt hướng dẫn,xgspon fpt hướng dẫn,INFORMATIONAL,WIFI7,/xgs-pon-fpt/,P1,UNKNOWN,UNKNOWN,UNKNOWN,MAPPED_FROM_OWNER,2026-08-15,VARIANT_MAPPED
xgspon fpt có nên dùng,xgspon fpt có nên dùng,INFORMATIONAL,WIFI7,/xgs-pon-fpt/,P1,UNKNOWN,UNKNOWN,UNKNOWN,MAPPED_FROM_OWNER,2026-08-15,VARIANT_MAPPED
xgspon fpt ưu nhược điểm,xgspon fpt ưu nhược điểm,INFORMATIONAL,WIFI7,/xgs-pon-fpt/,P1,UNKNOWN,UNKNOWN,UNKNOWN,MAPPED_FROM_OWNER,2026-08-15,VARIANT_MAPPED
xgspon fpt 2026,xgspon fpt 2026,INFORMATIONAL,WIFI7,/xgs-pon-fpt/,P1,UNKNOWN,UNKNOWN,UNKNOWN,MAPPED_FROM_OWNER,2026-08-15,VARIANT_MAPPED
wifi 7 xgspon là gì,wifi 7 xgspon là gì,INFORMATIONAL,WIFI7,/xgs-pon-fpt/,P1,UNKNOWN,UNKNOWN,UNKNOWN,MAPPED_FROM_OWNER,2026-08-15,VARIANT_MAPPED
wifi 7 xgspon hoạt động thế nào,wifi 7 xgspon hoạt động thế nào,INFORMATIONAL,WIFI7,/xgs-pon-fpt/,P1,UNKNOWN,UNKNOWN,UNKNOWN,MAPPED_FROM_OWNER,2026-08-15,VARIANT_MAPPED
wifi 7 xgspon có gì mới,wifi 7 xgspon có gì mới,INFORMATIONAL,WIFI7,/xgs-pon-fpt/,P1,UNKNOWN,UNKNOWN,UNKNOWN,MAPPED_FROM_OWNER,2026-08-15,VARIANT_MAPPED
wifi 7 xgspon hướng dẫn,wifi 7 xgspon hướng dẫn,INFORMATIONAL,WIFI7,/xgs-pon-fpt/,P1,UNKNOWN,UNKNOWN,UNKNOWN,MAPPED_FROM_OWNER,2026-08-15,VARIANT_MAPPED
wifi 7 xgspon có nên dùng,wifi 7 xgspon có nên dùng,INFORMATIONAL,WIFI7,/xgs-pon-fpt/,P1,UNKNOWN,UNKNOWN,UNKNOWN,MAPPED_FROM_OWNER,2026-08-15,VARIANT_MAPPED
wifi 7 xgspon ưu nhược điểm,wifi 7 xgspon ưu nhược điểm,INFORMATIONAL,WIFI7,/xgs-pon-fpt/,P1,UNKNOWN,UNKNOWN,UNKNOWN,MAPPED_FROM_OWNER,2026-08-15,VARIANT_MAPPED
wifi 7 xgspon 2026,wifi 7 xgspon 2026,INFORMATIONAL,WIFI7,/xgs-pon-fpt/,P1,UNKNOWN,UNKNOWN,UNKNOWN,MAPPED_FROM_OWNER,2026-08-15,VARIANT_MAPPED
speedx fpt review,speedx fpt review,COMMERCIAL,WIFI7,/speedx-fpt/,P0,UNKNOWN,UNKNOWN,UNKNOWN,MAPPED_FROM_OWNER,2026-08-15,VARIANT_MAPPED
speedx fpt có tốt không,speedx fpt có tốt không,COMMERCIAL,WIFI7,/speedx-fpt/,P0,UNKNOWN,UNKNOWN,UNKNOWN,MAPPED_FROM_OWNER,2026-08-15,VARIANT_MAPPED
speedx fpt phù hợp ai,speedx fpt phù hợp ai,COMMERCIAL,WIFI7,/speedx-fpt/,P0,UNKNOWN,UNKNOWN,UNKNOWN,MAPPED_FROM_OWNER,2026-08-15,VARIANT_MAPPED
speedx fpt nên dùng không,speedx fpt nên dùng không,COMMERCIAL,WIFI7,/speedx-fpt/,P0,UNKNOWN,UNKNOWN,UNKNOWN,MAPPED_FROM_OWNER,2026-08-15,VARIANT_MAPPED
speedx fpt so sánh,speedx fpt so sánh,COMMERCIAL,WIFI7,/speedx-fpt/,P0,UNKNOWN,UNKNOWN,UNKNOWN,MAPPED_FROM_OWNER,2026-08-15,VARIANT_MAPPED
speedx fpt mới nhất 2026,speedx fpt mới nhất 2026,COMMERCIAL,WIFI7,/speedx-fpt/,P0,UNKNOWN,UNKNOWN,UNKNOWN,MAPPED_FROM_OWNER,2026-08-15,VARIANT_MAPPED
speedx fpt bao nhiêu tiền,speedx fpt bao nhiêu tiền,COMMERCIAL,WIFI7,/speedx-fpt/,P0,UNKNOWN,UNKNOWN,UNKNOWN,MAPPED_FROM_OWNER,2026-08-15,VARIANT_MAPPED
speedx2 fpt giá,speedx2 fpt giá,COMMERCIAL,WIFI7,/speedx-fpt/,P0,UNKNOWN,UNKNOWN,UNKNOWN,MAPPED_FROM_OWNER,2026-08-15,VARIANT_MAPPED
speedx2 fpt review,speedx2 fpt review,COMMERCIAL,WIFI7,/speedx-fpt/,P0,UNKNOWN,UNKNOWN,UNKNOWN,MAPPED_FROM_OWNER,2026-08-15,VARIANT_MAPPED
speedx2 fpt có tốt không,speedx2 fpt có tốt không,COMMERCIAL,WIFI7,/speedx-fpt/,P0,UNKNOWN,UNKNOWN,UNKNOWN,MAPPED_FROM_OWNER,2026-08-15,VARIANT_MAPPED
speedx2 fpt phù hợp ai,speedx2 fpt phù hợp ai,COMMERCIAL,WIFI7,/speedx-fpt/,P0,UNKNOWN,UNKNOWN,UNKNOWN,MAPPED_FROM_OWNER,2026-08-15,VARIANT_MAPPED
speedx2 fpt nên dùng không,speedx2 fpt nên dùng không,COMMERCIAL,WIFI7,/speedx-fpt/,P0,UNKNOWN,UNKNOWN,UNKNOWN,MAPPED_FROM_OWNER,2026-08-15,VARIANT_MAPPED
speedx2 fpt so sánh,speedx2 fpt so sánh,COMMERCIAL,WIFI7,/speedx-fpt/,P0,UNKNOWN,UNKNOWN,UNKNOWN,MAPPED_FROM_OWNER,2026-08-15,VARIANT_MAPPED
speedx2 fpt đăng ký,speedx2 fpt đăng ký,COMMERCIAL,WIFI7,/speedx-fpt/,P0,UNKNOWN,UNKNOWN,UNKNOWN,MAPPED_FROM_OWNER,2026-08-15,VARIANT_MAPPED
speedx2 fpt mới nhất 2026,speedx2 fpt mới nhất 2026,COMMERCIAL,WIFI7,/speedx-fpt/,P0,UNKNOWN,UNKNOWN,UNKNOWN,MAPPED_FROM_OWNER,2026-08-15,VARIANT_MAPPED
speedx2 fpt bao nhiêu tiền,speedx2 fpt bao nhiêu tiền,COMMERCIAL,WIFI7,/speedx-fpt/,P0,UNKNOWN,UNKNOWN,UNKNOWN,MAPPED_FROM_OWNER,2026-08-15,VARIANT_MAPPED
speedx10 fpt giá,speedx10 fpt giá,COMMERCIAL,WIFI7,/speedx-fpt/,P0,UNKNOWN,UNKNOWN,UNKNOWN,MAPPED_FROM_OWNER,2026-08-15,VARIANT_MAPPED
speedx10 fpt review,speedx10 fpt review,COMMERCIAL,WIFI7,/speedx-fpt/,P0,UNKNOWN,UNKNOWN,UNKNOWN,MAPPED_FROM_OWNER,2026-08-15,VARIANT_MAPPED
speedx10 fpt có tốt không,speedx10 fpt có tốt không,COMMERCIAL,WIFI7,/speedx-fpt/,P0,UNKNOWN,UNKNOWN,UNKNOWN,MAPPED_FROM_OWNER,2026-08-15,VARIANT_MAPPED
speedx10 fpt phù hợp ai,speedx10 fpt phù hợp ai,COMMERCIAL,WIFI7,/speedx-fpt/,P0,UNKNOWN,UNKNOWN,UNKNOWN,MAPPED_FROM_OWNER,2026-08-15,VARIANT_MAPPED
speedx10 fpt nên dùng không,speedx10 fpt nên dùng không,COMMERCIAL,WIFI7,/speedx-fpt/,P0,UNKNOWN,UNKNOWN,UNKNOWN,MAPPED_FROM_OWNER,2026-08-15,VARIANT_MAPPED
speedx10 fpt so sánh,speedx10 fpt so sánh,COMMERCIAL,WIFI7,/speedx-fpt/,P0,UNKNOWN,UNKNOWN,UNKNOWN,MAPPED_FROM_OWNER,2026-08-15,VARIANT_MAPPED
speedx10 fpt đăng ký,speedx10 fpt đăng ký,COMMERCIAL,WIFI7,/speedx-fpt/,P0,UNKNOWN,UNKNOWN,UNKNOWN,MAPPED_FROM_OWNER,2026-08-15,VARIANT_MAPPED
speedx10 fpt mới nhất 2026,speedx10 fpt mới nhất 2026,COMMERCIAL,WIFI7,/speedx-fpt/,P0,UNKNOWN,UNKNOWN,UNKNOWN,MAPPED_FROM_OWNER,2026-08-15,VARIANT_MAPPED
speedx10 fpt bao nhiêu tiền,speedx10 fpt bao nhiêu tiền,COMMERCIAL,WIFI7,/speedx-fpt/,P0,UNKNOWN,UNKNOWN,UNKNOWN,MAPPED_FROM_OWNER,2026-08-15,VARIANT_MAPPED
gói f-game fpt review,gói f-game fpt review,COMMERCIAL,PACKAGES,/goi-cuoc/f-game/,P1,UNKNOWN,UNKNOWN,UNKNOWN,MAPPED_FROM_OWNER,2026-08-15,VARIANT_MAPPED
gói f-game fpt có tốt không,gói f-game fpt có tốt không,COMMERCIAL,PACKAGES,/goi-cuoc/f-game/,P1,UNKNOWN,UNKNOWN,UNKNOWN,MAPPED_FROM_OWNER,2026-08-15,VARIANT_MAPPED
gói f-game fpt phù hợp ai,gói f-game fpt phù hợp ai,COMMERCIAL,PACKAGES,/goi-cuoc/f-game/,P1,UNKNOWN,UNKNOWN,UNKNOWN,MAPPED_FROM_OWNER,2026-08-15,VARIANT_MAPPED
gói f-game fpt nên dùng không,gói f-game fpt nên dùng không,COMMERCIAL,PACKAGES,/goi-cuoc/f-game/,P1,UNKNOWN,UNKNOWN,UNKNOWN,MAPPED_FROM_OWNER,2026-08-15,VARIANT_MAPPED
gói f-game fpt so sánh,gói f-game fpt so sánh,COMMERCIAL,PACKAGES,/goi-cuoc/f-game/,P1,UNKNOWN,UNKNOWN,UNKNOWN,MAPPED_FROM_OWNER,2026-08-15,VARIANT_MAPPED
gói f-game fpt mới nhất 2026,gói f-game fpt mới nhất 2026,COMMERCIAL,PACKAGES,/goi-cuoc/f-game/,P1,UNKNOWN,UNKNOWN,UNKNOWN,MAPPED_FROM_OWNER,2026-08-15,VARIANT_MAPPED
gói f-game fpt bao nhiêu tiền,gói f-game fpt bao nhiêu tiền,COMMERCIAL,PACKAGES,/goi-cuoc/f-game/,P1,UNKNOWN,UNKNOWN,UNKNOWN,MAPPED_FROM_OWNER,2026-08-15,VARIANT_MAPPED
gói f-game fpt giá giá,gói f-game fpt giá giá,COMMERCIAL,PACKAGES,/goi-cuoc/f-game/,P1,UNKNOWN,UNKNOWN,UNKNOWN,MAPPED_FROM_OWNER,2026-08-15,VARIANT_MAPPED
gói f-game fpt giá review,gói f-game fpt giá review,COMMERCIAL,PACKAGES,/goi-cuoc/f-game/,P1,UNKNOWN,UNKNOWN,UNKNOWN,MAPPED_FROM_OWNER,2026-08-15,VARIANT_MAPPED
gói f-game fpt giá có tốt không,gói f-game fpt giá có tốt không,COMMERCIAL,PACKAGES,/goi-cuoc/f-game/,P1,UNKNOWN,UNKNOWN,UNKNOWN,MAPPED_FROM_OWNER,2026-08-15,VARIANT_MAPPED
gói f-game fpt giá phù hợp ai,gói f-game fpt giá phù hợp ai,COMMERCIAL,PACKAGES,/goi-cuoc/f-game/,P1,UNKNOWN,UNKNOWN,UNKNOWN,MAPPED_FROM_OWNER,2026-08-15,VARIANT_MAPPED
gói f-game fpt giá nên dùng không,gói f-game fpt giá nên dùng không,COMMERCIAL,PACKAGES,/goi-cuoc/f-game/,P1,UNKNOWN,UNKNOWN,UNKNOWN,MAPPED_FROM_OWNER,2026-08-15,VARIANT_MAPPED
gói f-game fpt giá so sánh,gói f-game fpt giá so sánh,COMMERCIAL,PACKAGES,/goi-cuoc/f-game/,P1,UNKNOWN,UNKNOWN,UNKNOWN,MAPPED_FROM_OWNER,2026-08-15,VARIANT_MAPPED
gói f-game fpt giá đăng ký,gói f-game fpt giá đăng ký,COMMERCIAL,PACKAGES,/goi-cuoc/f-game/,P1,UNKNOWN,UNKNOWN,UNKNOWN,MAPPED_FROM_OWNER,2026-08-15,VARIANT_MAPPED
gói f-game fpt giá mới nhất 2026,gói f-game fpt giá mới nhất 2026,COMMERCIAL,PACKAGES,/goi-cuoc/f-game/,P1,UNKNOWN,UNKNOWN,UNKNOWN,MAPPED_FROM_OWNER,2026-08-15,VARIANT_MAPPED
gói f-game fpt giá bao nhiêu tiền,gói f-game fpt giá bao nhiêu tiền,COMMERCIAL,PACKAGES,/goi-cuoc/f-game/,P1,UNKNOWN,UNKNOWN,UNKNOWN,MAPPED_FROM_OWNER,2026-08-15,VARIANT_MAPPED
gói f-game fpt đăng ký giá,gói f-game fpt đăng ký giá,COMMERCIAL,PACKAGES,/goi-cuoc/f-game/,P1,UNKNOWN,UNKNOWN,UNKNOWN,MAPPED_FROM_OWNER,2026-08-15,VARIANT_MAPPED
gói f-game fpt đăng ký review,gói f-game fpt đăng ký review,COMMERCIAL,PACKAGES,/goi-cuoc/f-game/,P1,UNKNOWN,UNKNOWN,UNKNOWN,MAPPED_FROM_OWNER,2026-08-15,VARIANT_MAPPED
gói f-game fpt đăng ký có tốt không,gói f-game fpt đăng ký có tốt không,COMMERCIAL,PACKAGES,/goi-cuoc/f-game/,P1,UNKNOWN,UNKNOWN,UNKNOWN,MAPPED_FROM_OWNER,2026-08-15,VARIANT_MAPPED
gói f-game fpt đăng ký phù hợp ai,gói f-game fpt đăng ký phù hợp ai,COMMERCIAL,PACKAGES,/goi-cuoc/f-game/,P1,UNKNOWN,UNKNOWN,UNKNOWN,MAPPED_FROM_OWNER,2026-08-15,VARIANT_MAPPED
gói f-game fpt đăng ký nên dùng không,gói f-game fpt đăng ký nên dùng không,COMMERCIAL,PACKAGES,/goi-cuoc/f-game/,P1,UNKNOWN,UNKNOWN,UNKNOWN,MAPPED_FROM_OWNER,2026-08-15,VARIANT_MAPPED
gói f-game fpt đăng ký so sánh,gói f-game fpt đăng ký so sánh,COMMERCIAL,PACKAGES,/goi-cuoc/f-game/,P1,UNKNOWN,UNKNOWN,UNKNOWN,MAPPED_FROM_OWNER,2026-08-15,VARIANT_MAPPED
gói f-game fpt đăng ký đăng ký,gói f-game fpt đăng ký đăng ký,COMMERCIAL,PACKAGES,/goi-cuoc/f-game/,P1,UNKNOWN,UNKNOWN,UNKNOWN,MAPPED_FROM_OWNER,2026-08-15,VARIANT_MAPPED
gói f-game fpt đăng ký mới nhất 2026,gói f-game fpt đăng ký mới nhất 2026,COMMERCIAL,PACKAGES,/goi-cuoc/f-game/,P1,UNKNOWN,UNKNOWN,UNKNOWN,MAPPED_FROM_OWNER,2026-08-15,VARIANT_MAPPED
gói f-game fpt đăng ký bao nhiêu tiền,gói f-game fpt đăng ký bao nhiêu tiền,COMMERCIAL,PACKAGES,/goi-cuoc/f-game/,P1,UNKNOWN,UNKNOWN,UNKNOWN,MAPPED_FROM_OWNER,2026-08-15,VARIANT_MAPPED
combo giga fpt review,combo giga fpt review,COMMERCIAL,PACKAGES,/goi-cuoc/combo-giga/,P1,UNKNOWN,UNKNOWN,UNKNOWN,MAPPED_FROM_OWNER,2026-08-15,VARIANT_MAPPED
combo giga fpt có tốt không,combo giga fpt có tốt không,COMMERCIAL,PACKAGES,/goi-cuoc/combo-giga/,P1,UNKNOWN,UNKNOWN,UNKNOWN,MAPPED_FROM_OWNER,2026-08-15,VARIANT_MAPPED
combo giga fpt phù hợp ai,combo giga fpt phù hợp ai,COMMERCIAL,PACKAGES,/goi-cuoc/combo-giga/,P1,UNKNOWN,UNKNOWN,UNKNOWN,MAPPED_FROM_OWNER,2026-08-15,VARIANT_MAPPED
combo giga fpt nên dùng không,combo giga fpt nên dùng không,COMMERCIAL,PACKAGES,/goi-cuoc/combo-giga/,P1,UNKNOWN,UNKNOWN,UNKNOWN,MAPPED_FROM_OWNER,2026-08-15,VARIANT_MAPPED
combo giga fpt so sánh,combo giga fpt so sánh,COMMERCIAL,PACKAGES,/goi-cuoc/combo-giga/,P1,UNKNOWN,UNKNOWN,UNKNOWN,MAPPED_FROM_OWNER,2026-08-15,VARIANT_MAPPED
combo giga fpt mới nhất 2026,combo giga fpt mới nhất 2026,COMMERCIAL,PACKAGES,/goi-cuoc/combo-giga/,P1,UNKNOWN,UNKNOWN,UNKNOWN,MAPPED_FROM_OWNER,2026-08-15,VARIANT_MAPPED
combo giga fpt bao nhiêu tiền,combo giga fpt bao nhiêu tiền,COMMERCIAL,PACKAGES,/goi-cuoc/combo-giga/,P1,UNKNOWN,UNKNOWN,UNKNOWN,MAPPED_FROM_OWNER,2026-08-15,VARIANT_MAPPED
combo giga fpt giá giá,combo giga fpt giá giá,COMMERCIAL,PACKAGES,/goi-cuoc/combo-giga/,P1,UNKNOWN,UNKNOWN,UNKNOWN,MAPPED_FROM_OWNER,2026-08-15,VARIANT_MAPPED
combo giga fpt giá review,combo giga fpt giá review,COMMERCIAL,PACKAGES,/goi-cuoc/combo-giga/,P1,UNKNOWN,UNKNOWN,UNKNOWN,MAPPED_FROM_OWNER,2026-08-15,VARIANT_MAPPED
combo giga fpt giá có tốt không,combo giga fpt giá có tốt không,COMMERCIAL,PACKAGES,/goi-cuoc/combo-giga/,P1,UNKNOWN,UNKNOWN,UNKNOWN,MAPPED_FROM_OWNER,2026-08-15,VARIANT_MAPPED
combo giga fpt giá phù hợp ai,combo giga fpt giá phù hợp ai,COMMERCIAL,PACKAGES,/goi-cuoc/combo-giga/,P1,UNKNOWN,UNKNOWN,UNKNOWN,MAPPED_FROM_OWNER,2026-08-15,VARIANT_MAPPED
combo giga fpt giá nên dùng không,combo giga fpt giá nên dùng không,COMMERCIAL,PACKAGES,/goi-cuoc/combo-giga/,P1,UNKNOWN,UNKNOWN,UNKNOWN,MAPPED_FROM_OWNER,2026-08-15,VARIANT_MAPPED
combo giga fpt giá so sánh,combo giga fpt giá so sánh,COMMERCIAL,PACKAGES,/goi-cuoc/combo-giga/,P1,UNKNOWN,UNKNOWN,UNKNOWN,MAPPED_FROM_OWNER,2026-08-15,VARIANT_MAPPED
combo giga fpt giá đăng ký,combo giga fpt giá đăng ký,COMMERCIAL,PACKAGES,/goi-cuoc/combo-giga/,P1,UNKNOWN,UNKNOWN,UNKNOWN,MAPPED_FROM_OWNER,2026-08-15,VARIANT_MAPPED
combo giga fpt giá mới nhất 2026,combo giga fpt giá mới nhất 2026,COMMERCIAL,PACKAGES,/goi-cuoc/combo-giga/,P1,UNKNOWN,UNKNOWN,UNKNOWN,MAPPED_FROM_OWNER,2026-08-15,VARIANT_MAPPED
combo giga fpt giá bao nhiêu tiền,combo giga fpt giá bao nhiêu tiền,COMMERCIAL,PACKAGES,/goi-cuoc/combo-giga/,P1,UNKNOWN,UNKNOWN,UNKNOWN,MAPPED_FROM_OWNER,2026-08-15,VARIANT_MAPPED
combo giga fpt đăng ký giá,combo giga fpt đăng ký giá,COMMERCIAL,PACKAGES,/goi-cuoc/combo-giga/,P1,UNKNOWN,UNKNOWN,UNKNOWN,MAPPED_FROM_OWNER,2026-08-15,VARIANT_MAPPED
combo giga fpt đăng ký review,combo giga fpt đăng ký review,COMMERCIAL,PACKAGES,/goi-cuoc/combo-giga/,P1,UNKNOWN,UNKNOWN,UNKNOWN,MAPPED_FROM_OWNER,2026-08-15,VARIANT_MAPPED
combo giga fpt đăng ký có tốt không,combo giga fpt đăng ký có tốt không,COMMERCIAL,PACKAGES,/goi-cuoc/combo-giga/,P1,UNKNOWN,UNKNOWN,UNKNOWN,MAPPED_FROM_OWNER,2026-08-15,VARIANT_MAPPED
combo giga fpt đăng ký phù hợp ai,combo giga fpt đăng ký phù hợp ai,COMMERCIAL,PACKAGES,/goi-cuoc/combo-giga/,P1,UNKNOWN,UNKNOWN,UNKNOWN,MAPPED_FROM_OWNER,2026-08-15,VARIANT_MAPPED
combo giga fpt đăng ký nên dùng không,combo giga fpt đăng ký nên dùng không,COMMERCIAL,PACKAGES,/goi-cuoc/combo-giga/,P1,UNKNOWN,UNKNOWN,UNKNOWN,MAPPED_FROM_OWNER,2026-08-15,VARIANT_MAPPED
combo giga fpt đăng ký so sánh,combo giga fpt đăng ký so sánh,COMMERCIAL,PACKAGES,/goi-cuoc/combo-giga/,P1,UNKNOWN,UNKNOWN,UNKNOWN,MAPPED_FROM_OWNER,2026-08-15,VARIANT_MAPPED
combo giga fpt đăng ký đăng ký,combo giga fpt đăng ký đăng ký,COMMERCIAL,PACKAGES,/goi-cuoc/combo-giga/,P1,UNKNOWN,UNKNOWN,UNKNOWN,MAPPED_FROM_OWNER,2026-08-15,VARIANT_MAPPED
combo giga fpt đăng ký mới nhất 2026,combo giga fpt đăng ký mới nhất 2026,COMMERCIAL,PACKAGES,/goi-cuoc/combo-giga/,P1,UNKNOWN,UNKNOWN,UNKNOWN,MAPPED_FROM_OWNER,2026-08-15,VARIANT_MAPPED
combo giga fpt đăng ký bao nhiêu tiền,combo giga fpt đăng ký bao nhiêu tiền,COMMERCIAL,PACKAGES,/goi-cuoc/combo-giga/,P1,UNKNOWN,UNKNOWN,UNKNOWN,MAPPED_FROM_OWNER,2026-08-15,VARIANT_MAPPED
combo sky fpt review,combo sky fpt review,COMMERCIAL,PACKAGES,/goi-cuoc/combo-sky/,P1,UNKNOWN,UNKNOWN,UNKNOWN,MAPPED_FROM_OWNER,2026-08-15,VARIANT_MAPPED
combo sky fpt có tốt không,combo sky fpt có tốt không,COMMERCIAL,PACKAGES,/goi-cuoc/combo-sky/,P1,UNKNOWN,UNKNOWN,UNKNOWN,MAPPED_FROM_OWNER,2026-08-15,VARIANT_MAPPED
combo sky fpt phù hợp ai,combo sky fpt phù hợp ai,COMMERCIAL,PACKAGES,/goi-cuoc/combo-sky/,P1,UNKNOWN,UNKNOWN,UNKNOWN,MAPPED_FROM_OWNER,2026-08-15,VARIANT_MAPPED
combo sky fpt nên dùng không,combo sky fpt nên dùng không,COMMERCIAL,PACKAGES,/goi-cuoc/combo-sky/,P1,UNKNOWN,UNKNOWN,UNKNOWN,MAPPED_FROM_OWNER,2026-08-15,VARIANT_MAPPED
combo sky fpt so sánh,combo sky fpt so sánh,COMMERCIAL,PACKAGES,/goi-cuoc/combo-sky/,P1,UNKNOWN,UNKNOWN,UNKNOWN,MAPPED_FROM_OWNER,2026-08-15,VARIANT_MAPPED
combo sky fpt mới nhất 2026,combo sky fpt mới nhất 2026,COMMERCIAL,PACKAGES,/goi-cuoc/combo-sky/,P1,UNKNOWN,UNKNOWN,UNKNOWN,MAPPED_FROM_OWNER,2026-08-15,VARIANT_MAPPED
combo sky fpt bao nhiêu tiền,combo sky fpt bao nhiêu tiền,COMMERCIAL,PACKAGES,/goi-cuoc/combo-sky/,P1,UNKNOWN,UNKNOWN,UNKNOWN,MAPPED_FROM_OWNER,2026-08-15,VARIANT_MAPPED
combo sky fpt giá giá,combo sky fpt giá giá,COMMERCIAL,PACKAGES,/goi-cuoc/combo-sky/,P1,UNKNOWN,UNKNOWN,UNKNOWN,MAPPED_FROM_OWNER,2026-08-15,VARIANT_MAPPED
combo sky fpt giá review,combo sky fpt giá review,COMMERCIAL,PACKAGES,/goi-cuoc/combo-sky/,P1,UNKNOWN,UNKNOWN,UNKNOWN,MAPPED_FROM_OWNER,2026-08-15,VARIANT_MAPPED
combo sky fpt giá có tốt không,combo sky fpt giá có tốt không,COMMERCIAL,PACKAGES,/goi-cuoc/combo-sky/,P1,UNKNOWN,UNKNOWN,UNKNOWN,MAPPED_FROM_OWNER,2026-08-15,VARIANT_MAPPED
combo sky fpt giá phù hợp ai,combo sky fpt giá phù hợp ai,COMMERCIAL,PACKAGES,/goi-cuoc/combo-sky/,P1,UNKNOWN,UNKNOWN,UNKNOWN,MAPPED_FROM_OWNER,2026-08-15,VARIANT_MAPPED
combo sky fpt giá nên dùng không,combo sky fpt giá nên dùng không,COMMERCIAL,PACKAGES,/goi-cuoc/combo-sky/,P1,UNKNOWN,UNKNOWN,UNKNOWN,MAPPED_FROM_OWNER,2026-08-15,VARIANT_MAPPED
combo sky fpt giá so sánh,combo sky fpt giá so sánh,COMMERCIAL,PACKAGES,/goi-cuoc/combo-sky/,P1,UNKNOWN,UNKNOWN,UNKNOWN,MAPPED_FROM_OWNER,2026-08-15,VARIANT_MAPPED
combo sky fpt giá đăng ký,combo sky fpt giá đăng ký,COMMERCIAL,PACKAGES,/goi-cuoc/combo-sky/,P1,UNKNOWN,UNKNOWN,UNKNOWN,MAPPED_FROM_OWNER,2026-08-15,VARIANT_MAPPED
combo sky fpt giá mới nhất 2026,combo sky fpt giá mới nhất 2026,COMMERCIAL,PACKAGES,/goi-cuoc/combo-sky/,P1,UNKNOWN,UNKNOWN,UNKNOWN,MAPPED_FROM_OWNER,2026-08-15,VARIANT_MAPPED
combo sky fpt giá bao nhiêu tiền,combo sky fpt giá bao nhiêu tiền,COMMERCIAL,PACKAGES,/goi-cuoc/combo-sky/,P1,UNKNOWN,UNKNOWN,UNKNOWN,MAPPED_FROM_OWNER,2026-08-15,VARIANT_MAPPED
combo sky fpt đăng ký giá,combo sky fpt đăng ký giá,COMMERCIAL,PACKAGES,/goi-cuoc/combo-sky/,P1,UNKNOWN,UNKNOWN,UNKNOWN,MAPPED_FROM_OWNER,2026-08-15,VARIANT_MAPPED
combo sky fpt đăng ký review,combo sky fpt đăng ký review,COMMERCIAL,PACKAGES,/goi-cuoc/combo-sky/,P1,UNKNOWN,UNKNOWN,UNKNOWN,MAPPED_FROM_OWNER,2026-08-15,VARIANT_MAPPED
combo sky fpt đăng ký có tốt không,combo sky fpt đăng ký có tốt không,COMMERCIAL,PACKAGES,/goi-cuoc/combo-sky/,P1,UNKNOWN,UNKNOWN,UNKNOWN,MAPPED_FROM_OWNER,2026-08-15,VARIANT_MAPPED
combo sky fpt đăng ký phù hợp ai,combo sky fpt đăng ký phù hợp ai,COMMERCIAL,PACKAGES,/goi-cuoc/combo-sky/,P1,UNKNOWN,UNKNOWN,UNKNOWN,MAPPED_FROM_OWNER,2026-08-15,VARIANT_MAPPED
combo sky fpt đăng ký nên dùng không,combo sky fpt đăng ký nên dùng không,COMMERCIAL,PACKAGES,/goi-cuoc/combo-sky/,P1,UNKNOWN,UNKNOWN,UNKNOWN,MAPPED_FROM_OWNER,2026-08-15,VARIANT_MAPPED
combo sky fpt đăng ký so sánh,combo sky fpt đăng ký so sánh,COMMERCIAL,PACKAGES,/goi-cuoc/combo-sky/,P1,UNKNOWN,UNKNOWN,UNKNOWN,MAPPED_FROM_OWNER,2026-08-15,VARIANT_MAPPED
combo sky fpt đăng ký đăng ký,combo sky fpt đăng ký đăng ký,COMMERCIAL,PACKAGES,/goi-cuoc/combo-sky/,P1,UNKNOWN,UNKNOWN,UNKNOWN,MAPPED_FROM_OWNER,2026-08-15,VARIANT_MAPPED
combo sky fpt đăng ký mới nhất 2026,combo sky fpt đăng ký mới nhất 2026,COMMERCIAL,PACKAGES,/goi-cuoc/combo-sky/,P1,UNKNOWN,UNKNOWN,UNKNOWN,MAPPED_FROM_OWNER,2026-08-15,VARIANT_MAPPED
combo sky fpt đăng ký bao nhiêu tiền,combo sky fpt đăng ký bao nhiêu tiền,COMMERCIAL,PACKAGES,/goi-cuoc/combo-sky/,P1,UNKNOWN,UNKNOWN,UNKNOWN,MAPPED_FROM_OWNER,2026-08-15,VARIANT_MAPPED
combo meta fpt review,combo meta fpt review,COMMERCIAL,PACKAGES,/goi-cuoc/combo-meta/,P1,UNKNOWN,UNKNOWN,UNKNOWN,MAPPED_FROM_OWNER,2026-08-15,VARIANT_MAPPED
combo meta fpt có tốt không,combo meta fpt có tốt không,COMMERCIAL,PACKAGES,/goi-cuoc/combo-meta/,P1,UNKNOWN,UNKNOWN,UNKNOWN,MAPPED_FROM_OWNER,2026-08-15,VARIANT_MAPPED
combo meta fpt phù hợp ai,combo meta fpt phù hợp ai,COMMERCIAL,PACKAGES,/goi-cuoc/combo-meta/,P1,UNKNOWN,UNKNOWN,UNKNOWN,MAPPED_FROM_OWNER,2026-08-15,VARIANT_MAPPED
combo meta fpt nên dùng không,combo meta fpt nên dùng không,COMMERCIAL,PACKAGES,/goi-cuoc/combo-meta/,P1,UNKNOWN,UNKNOWN,UNKNOWN,MAPPED_FROM_OWNER,2026-08-15,VARIANT_MAPPED
combo meta fpt so sánh,combo meta fpt so sánh,COMMERCIAL,PACKAGES,/goi-cuoc/combo-meta/,P1,UNKNOWN,UNKNOWN,UNKNOWN,MAPPED_FROM_OWNER,2026-08-15,VARIANT_MAPPED
combo meta fpt mới nhất 2026,combo meta fpt mới nhất 2026,COMMERCIAL,PACKAGES,/goi-cuoc/combo-meta/,P1,UNKNOWN,UNKNOWN,UNKNOWN,MAPPED_FROM_OWNER,2026-08-15,VARIANT_MAPPED
combo meta fpt bao nhiêu tiền,combo meta fpt bao nhiêu tiền,COMMERCIAL,PACKAGES,/goi-cuoc/combo-meta/,P1,UNKNOWN,UNKNOWN,UNKNOWN,MAPPED_FROM_OWNER,2026-08-15,VARIANT_MAPPED
combo meta fpt giá giá,combo meta fpt giá giá,COMMERCIAL,PACKAGES,/goi-cuoc/combo-meta/,P1,UNKNOWN,UNKNOWN,UNKNOWN,MAPPED_FROM_OWNER,2026-08-15,VARIANT_MAPPED
combo meta fpt giá review,combo meta fpt giá review,COMMERCIAL,PACKAGES,/goi-cuoc/combo-meta/,P1,UNKNOWN,UNKNOWN,UNKNOWN,MAPPED_FROM_OWNER,2026-08-15,VARIANT_MAPPED
combo meta fpt giá có tốt không,combo meta fpt giá có tốt không,COMMERCIAL,PACKAGES,/goi-cuoc/combo-meta/,P1,UNKNOWN,UNKNOWN,UNKNOWN,MAPPED_FROM_OWNER,2026-08-15,VARIANT_MAPPED
combo meta fpt giá phù hợp ai,combo meta fpt giá phù hợp ai,COMMERCIAL,PACKAGES,/goi-cuoc/combo-meta/,P1,UNKNOWN,UNKNOWN,UNKNOWN,MAPPED_FROM_OWNER,2026-08-15,VARIANT_MAPPED
combo meta fpt giá nên dùng không,combo meta fpt giá nên dùng không,COMMERCIAL,PACKAGES,/goi-cuoc/combo-meta/,P1,UNKNOWN,UNKNOWN,UNKNOWN,MAPPED_FROM_OWNER,2026-08-15,VARIANT_MAPPED
combo meta fpt giá so sánh,combo meta fpt giá so sánh,COMMERCIAL,PACKAGES,/goi-cuoc/combo-meta/,P1,UNKNOWN,UNKNOWN,UNKNOWN,MAPPED_FROM_OWNER,2026-08-15,VARIANT_MAPPED
combo meta fpt giá đăng ký,combo meta fpt giá đăng ký,COMMERCIAL,PACKAGES,/goi-cuoc/combo-meta/,P1,UNKNOWN,UNKNOWN,UNKNOWN,MAPPED_FROM_OWNER,2026-08-15,VARIANT_MAPPED
combo meta fpt giá mới nhất 2026,combo meta fpt giá mới nhất 2026,COMMERCIAL,PACKAGES,/goi-cuoc/combo-meta/,P1,UNKNOWN,UNKNOWN,UNKNOWN,MAPPED_FROM_OWNER,2026-08-15,VARIANT_MAPPED
combo meta fpt giá bao nhiêu tiền,combo meta fpt giá bao nhiêu tiền,COMMERCIAL,PACKAGES,/goi-cuoc/combo-meta/,P1,UNKNOWN,UNKNOWN,UNKNOWN,MAPPED_FROM_OWNER,2026-08-15,VARIANT_MAPPED
combo meta fpt đăng ký giá,combo meta fpt đăng ký giá,COMMERCIAL,PACKAGES,/goi-cuoc/combo-meta/,P1,UNKNOWN,UNKNOWN,UNKNOWN,MAPPED_FROM_OWNER,2026-08-15,VARIANT_MAPPED
combo meta fpt đăng ký review,combo meta fpt đăng ký review,COMMERCIAL,PACKAGES,/goi-cuoc/combo-meta/,P1,UNKNOWN,UNKNOWN,UNKNOWN,MAPPED_FROM_OWNER,2026-08-15,VARIANT_MAPPED
combo meta fpt đăng ký có tốt không,combo meta fpt đăng ký có tốt không,COMMERCIAL,PACKAGES,/goi-cuoc/combo-meta/,P1,UNKNOWN,UNKNOWN,UNKNOWN,MAPPED_FROM_OWNER,2026-08-15,VARIANT_MAPPED
combo meta fpt đăng ký phù hợp ai,combo meta fpt đăng ký phù hợp ai,COMMERCIAL,PACKAGES,/goi-cuoc/combo-meta/,P1,UNKNOWN,UNKNOWN,UNKNOWN,MAPPED_FROM_OWNER,2026-08-15,VARIANT_MAPPED
combo meta fpt đăng ký nên dùng không,combo meta fpt đăng ký nên dùng không,COMMERCIAL,PACKAGES,/goi-cuoc/combo-meta/,P1,UNKNOWN,UNKNOWN,UNKNOWN,MAPPED_FROM_OWNER,2026-08-15,VARIANT_MAPPED
combo meta fpt đăng ký so sánh,combo meta fpt đăng ký so sánh,COMMERCIAL,PACKAGES,/goi-cuoc/combo-meta/,P1,UNKNOWN,UNKNOWN,UNKNOWN,MAPPED_FROM_OWNER,2026-08-15,VARIANT_MAPPED
combo meta fpt đăng ký đăng ký,combo meta fpt đăng ký đăng ký,COMMERCIAL,PACKAGES,/goi-cuoc/combo-meta/,P1,UNKNOWN,UNKNOWN,UNKNOWN,MAPPED_FROM_OWNER,2026-08-15,VARIANT_MAPPED
combo meta fpt đăng ký mới nhất 2026,combo meta fpt đăng ký mới nhất 2026,COMMERCIAL,PACKAGES,/goi-cuoc/combo-meta/,P1,UNKNOWN,UNKNOWN,UNKNOWN,MAPPED_FROM_OWNER,2026-08-15,VARIANT_MAPPED
combo meta fpt đăng ký bao nhiêu tiền,combo meta fpt đăng ký bao nhiêu tiền,COMMERCIAL,PACKAGES,/goi-cuoc/combo-meta/,P1,UNKNOWN,UNKNOWN,UNKNOWN,MAPPED_FROM_OWNER,2026-08-15,VARIANT_MAPPED
combo f-game fpt review,combo f-game fpt review,COMMERCIAL,PACKAGES,/goi-cuoc/combo-f-game/,P1,UNKNOWN,UNKNOWN,UNKNOWN,MAPPED_FROM_OWNER,2026-08-15,VARIANT_MAPPED
combo f-game fpt có tốt không,combo f-game fpt có tốt không,COMMERCIAL,PACKAGES,/goi-cuoc/combo-f-game/,P1,UNKNOWN,UNKNOWN,UNKNOWN,MAPPED_FROM_OWNER,2026-08-15,VARIANT_MAPPED
combo f-game fpt phù hợp ai,combo f-game fpt phù hợp ai,COMMERCIAL,PACKAGES,/goi-cuoc/combo-f-game/,P1,UNKNOWN,UNKNOWN,UNKNOWN,MAPPED_FROM_OWNER,2026-08-15,VARIANT_MAPPED
combo f-game fpt nên dùng không,combo f-game fpt nên dùng không,COMMERCIAL,PACKAGES,/goi-cuoc/combo-f-game/,P1,UNKNOWN,UNKNOWN,UNKNOWN,MAPPED_FROM_OWNER,2026-08-15,VARIANT_MAPPED
combo f-game fpt so sánh,combo f-game fpt so sánh,COMMERCIAL,PACKAGES,/goi-cuoc/combo-f-game/,P1,UNKNOWN,UNKNOWN,UNKNOWN,MAPPED_FROM_OWNER,2026-08-15,VARIANT_MAPPED
combo f-game fpt mới nhất 2026,combo f-game fpt mới nhất 2026,COMMERCIAL,PACKAGES,/goi-cuoc/combo-f-game/,P1,UNKNOWN,UNKNOWN,UNKNOWN,MAPPED_FROM_OWNER,2026-08-15,VARIANT_MAPPED
combo f-game fpt bao nhiêu tiền,combo f-game fpt bao nhiêu tiền,COMMERCIAL,PACKAGES,/goi-cuoc/combo-f-game/,P1,UNKNOWN,UNKNOWN,UNKNOWN,MAPPED_FROM_OWNER,2026-08-15,VARIANT_MAPPED
combo f-game fpt giá giá,combo f-game fpt giá giá,COMMERCIAL,PACKAGES,/goi-cuoc/combo-f-game/,P1,UNKNOWN,UNKNOWN,UNKNOWN,MAPPED_FROM_OWNER,2026-08-15,VARIANT_MAPPED
combo f-game fpt giá review,combo f-game fpt giá review,COMMERCIAL,PACKAGES,/goi-cuoc/combo-f-game/,P1,UNKNOWN,UNKNOWN,UNKNOWN,MAPPED_FROM_OWNER,2026-08-15,VARIANT_MAPPED
combo f-game fpt giá có tốt không,combo f-game fpt giá có tốt không,COMMERCIAL,PACKAGES,/goi-cuoc/combo-f-game/,P1,UNKNOWN,UNKNOWN,UNKNOWN,MAPPED_FROM_OWNER,2026-08-15,VARIANT_MAPPED
combo f-game fpt giá phù hợp ai,combo f-game fpt giá phù hợp ai,COMMERCIAL,PACKAGES,/goi-cuoc/combo-f-game/,P1,UNKNOWN,UNKNOWN,UNKNOWN,MAPPED_FROM_OWNER,2026-08-15,VARIANT_MAPPED
combo f-game fpt giá nên dùng không,combo f-game fpt giá nên dùng không,COMMERCIAL,PACKAGES,/goi-cuoc/combo-f-game/,P1,UNKNOWN,UNKNOWN,UNKNOWN,MAPPED_FROM_OWNER,2026-08-15,VARIANT_MAPPED
combo f-game fpt giá so sánh,combo f-game fpt giá so sánh,COMMERCIAL,PACKAGES,/goi-cuoc/combo-f-game/,P1,UNKNOWN,UNKNOWN,UNKNOWN,MAPPED_FROM_OWNER,2026-08-15,VARIANT_MAPPED
combo f-game fpt giá đăng ký,combo f-game fpt giá đăng ký,COMMERCIAL,PACKAGES,/goi-cuoc/combo-f-game/,P1,UNKNOWN,UNKNOWN,UNKNOWN,MAPPED_FROM_OWNER,2026-08-15,VARIANT_MAPPED
combo f-game fpt giá mới nhất 2026,combo f-game fpt giá mới nhất 2026,COMMERCIAL,PACKAGES,/goi-cuoc/combo-f-game/,P1,UNKNOWN,UNKNOWN,UNKNOWN,MAPPED_FROM_OWNER,2026-08-15,VARIANT_MAPPED
combo f-game fpt giá bao nhiêu tiền,combo f-game fpt giá bao nhiêu tiền,COMMERCIAL,PACKAGES,/goi-cuoc/combo-f-game/,P1,UNKNOWN,UNKNOWN,UNKNOWN,MAPPED_FROM_OWNER,2026-08-15,VARIANT_MAPPED
combo f-game fpt đăng ký giá,combo f-game fpt đăng ký giá,COMMERCIAL,PACKAGES,/goi-cuoc/combo-f-game/,P1,UNKNOWN,UNKNOWN,UNKNOWN,MAPPED_FROM_OWNER,2026-08-15,VARIANT_MAPPED
combo f-game fpt đăng ký review,combo f-game fpt đăng ký review,COMMERCIAL,PACKAGES,/goi-cuoc/combo-f-game/,P1,UNKNOWN,UNKNOWN,UNKNOWN,MAPPED_FROM_OWNER,2026-08-15,VARIANT_MAPPED
combo f-game fpt đăng ký có tốt không,combo f-game fpt đăng ký có tốt không,COMMERCIAL,PACKAGES,/goi-cuoc/combo-f-game/,P1,UNKNOWN,UNKNOWN,UNKNOWN,MAPPED_FROM_OWNER,2026-08-15,VARIANT_MAPPED
combo f-game fpt đăng ký phù hợp ai,combo f-game fpt đăng ký phù hợp ai,COMMERCIAL,PACKAGES,/goi-cuoc/combo-f-game/,P1,UNKNOWN,UNKNOWN,UNKNOWN,MAPPED_FROM_OWNER,2026-08-15,VARIANT_MAPPED
combo f-game fpt đăng ký nên dùng không,combo f-game fpt đăng ký nên dùng không,COMMERCIAL,PACKAGES,/goi-cuoc/combo-f-game/,P1,UNKNOWN,UNKNOWN,UNKNOWN,MAPPED_FROM_OWNER,2026-08-15,VARIANT_MAPPED
combo f-game fpt đăng ký so sánh,combo f-game fpt đăng ký so sánh,COMMERCIAL,PACKAGES,/goi-cuoc/combo-f-game/,P1,UNKNOWN,UNKNOWN,UNKNOWN,MAPPED_FROM_OWNER,2026-08-15,VARIANT_MAPPED
combo f-game fpt đăng ký đăng ký,combo f-game fpt đăng ký đăng ký,COMMERCIAL,PACKAGES,/goi-cuoc/combo-f-game/,P1,UNKNOWN,UNKNOWN,UNKNOWN,MAPPED_FROM_OWNER,2026-08-15,VARIANT_MAPPED
combo f-game fpt đăng ký mới nhất 2026,combo f-game fpt đăng ký mới nhất 2026,COMMERCIAL,PACKAGES,/goi-cuoc/combo-f-game/,P1,UNKNOWN,UNKNOWN,UNKNOWN,MAPPED_FROM_OWNER,2026-08-15,VARIANT_MAPPED
combo f-game fpt đăng ký bao nhiêu tiền,combo f-game fpt đăng ký bao nhiêu tiền,COMMERCIAL,PACKAGES,/goi-cuoc/combo-f-game/,P1,UNKNOWN,UNKNOWN,UNKNOWN,MAPPED_FROM_OWNER,2026-08-15,VARIANT_MAPPED
speedx2 fpt review,speedx2 fpt review,COMMERCIAL,PACKAGES,/goi-cuoc/speedx2/,P1,UNKNOWN,UNKNOWN,UNKNOWN,MAPPED_FROM_OWNER,2026-08-15,VARIANT_MAPPED
speedx2 fpt có tốt không,speedx2 fpt có tốt không,COMMERCIAL,PACKAGES,/goi-cuoc/speedx2/,P1,UNKNOWN,UNKNOWN,UNKNOWN,MAPPED_FROM_OWNER,2026-08-15,VARIANT_MAPPED
speedx2 fpt phù hợp ai,speedx2 fpt phù hợp ai,COMMERCIAL,PACKAGES,/goi-cuoc/speedx2/,P1,UNKNOWN,UNKNOWN,UNKNOWN,MAPPED_FROM_OWNER,2026-08-15,VARIANT_MAPPED
speedx2 fpt nên dùng không,speedx2 fpt nên dùng không,COMMERCIAL,PACKAGES,/goi-cuoc/speedx2/,P1,UNKNOWN,UNKNOWN,UNKNOWN,MAPPED_FROM_OWNER,2026-08-15,VARIANT_MAPPED
speedx2 fpt so sánh,speedx2 fpt so sánh,COMMERCIAL,PACKAGES,/goi-cuoc/speedx2/,P1,UNKNOWN,UNKNOWN,UNKNOWN,MAPPED_FROM_OWNER,2026-08-15,VARIANT_MAPPED
speedx2 fpt mới nhất 2026,speedx2 fpt mới nhất 2026,COMMERCIAL,PACKAGES,/goi-cuoc/speedx2/,P1,UNKNOWN,UNKNOWN,UNKNOWN,MAPPED_FROM_OWNER,2026-08-15,VARIANT_MAPPED
speedx2 fpt bao nhiêu tiền,speedx2 fpt bao nhiêu tiền,COMMERCIAL,PACKAGES,/goi-cuoc/speedx2/,P1,UNKNOWN,UNKNOWN,UNKNOWN,MAPPED_FROM_OWNER,2026-08-15,VARIANT_MAPPED
speedx2 fpt giá giá,speedx2 fpt giá giá,COMMERCIAL,PACKAGES,/goi-cuoc/speedx2/,P1,UNKNOWN,UNKNOWN,UNKNOWN,MAPPED_FROM_OWNER,2026-08-15,VARIANT_MAPPED
speedx2 fpt giá review,speedx2 fpt giá review,COMMERCIAL,PACKAGES,/goi-cuoc/speedx2/,P1,UNKNOWN,UNKNOWN,UNKNOWN,MAPPED_FROM_OWNER,2026-08-15,VARIANT_MAPPED
speedx2 fpt giá có tốt không,speedx2 fpt giá có tốt không,COMMERCIAL,PACKAGES,/goi-cuoc/speedx2/,P1,UNKNOWN,UNKNOWN,UNKNOWN,MAPPED_FROM_OWNER,2026-08-15,VARIANT_MAPPED
speedx2 fpt giá phù hợp ai,speedx2 fpt giá phù hợp ai,COMMERCIAL,PACKAGES,/goi-cuoc/speedx2/,P1,UNKNOWN,UNKNOWN,UNKNOWN,MAPPED_FROM_OWNER,2026-08-15,VARIANT_MAPPED
speedx2 fpt giá nên dùng không,speedx2 fpt giá nên dùng không,COMMERCIAL,PACKAGES,/goi-cuoc/speedx2/,P1,UNKNOWN,UNKNOWN,UNKNOWN,MAPPED_FROM_OWNER,2026-08-15,VARIANT_MAPPED
speedx2 fpt giá so sánh,speedx2 fpt giá so sánh,COMMERCIAL,PACKAGES,/goi-cuoc/speedx2/,P1,UNKNOWN,UNKNOWN,UNKNOWN,MAPPED_FROM_OWNER,2026-08-15,VARIANT_MAPPED
speedx2 fpt giá đăng ký,speedx2 fpt giá đăng ký,COMMERCIAL,PACKAGES,/goi-cuoc/speedx2/,P1,UNKNOWN,UNKNOWN,UNKNOWN,MAPPED_FROM_OWNER,2026-08-15,VARIANT_MAPPED
speedx2 fpt giá mới nhất 2026,speedx2 fpt giá mới nhất 2026,COMMERCIAL,PACKAGES,/goi-cuoc/speedx2/,P1,UNKNOWN,UNKNOWN,UNKNOWN,MAPPED_FROM_OWNER,2026-08-15,VARIANT_MAPPED
speedx2 fpt giá bao nhiêu tiền,speedx2 fpt giá bao nhiêu tiền,COMMERCIAL,PACKAGES,/goi-cuoc/speedx2/,P1,UNKNOWN,UNKNOWN,UNKNOWN,MAPPED_FROM_OWNER,2026-08-15,VARIANT_MAPPED
speedx2 fpt đăng ký giá,speedx2 fpt đăng ký giá,COMMERCIAL,PACKAGES,/goi-cuoc/speedx2/,P1,UNKNOWN,UNKNOWN,UNKNOWN,MAPPED_FROM_OWNER,2026-08-15,VARIANT_MAPPED
speedx2 fpt đăng ký review,speedx2 fpt đăng ký review,COMMERCIAL,PACKAGES,/goi-cuoc/speedx2/,P1,UNKNOWN,UNKNOWN,UNKNOWN,MAPPED_FROM_OWNER,2026-08-15,VARIANT_MAPPED
speedx2 fpt đăng ký có tốt không,speedx2 fpt đăng ký có tốt không,COMMERCIAL,PACKAGES,/goi-cuoc/speedx2/,P1,UNKNOWN,UNKNOWN,UNKNOWN,MAPPED_FROM_OWNER,2026-08-15,VARIANT_MAPPED
speedx2 fpt đăng ký phù hợp ai,speedx2 fpt đăng ký phù hợp ai,COMMERCIAL,PACKAGES,/goi-cuoc/speedx2/,P1,UNKNOWN,UNKNOWN,UNKNOWN,MAPPED_FROM_OWNER,2026-08-15,VARIANT_MAPPED
speedx2 fpt đăng ký nên dùng không,speedx2 fpt đăng ký nên dùng không,COMMERCIAL,PACKAGES,/goi-cuoc/speedx2/,P1,UNKNOWN,UNKNOWN,UNKNOWN,MAPPED_FROM_OWNER,2026-08-15,VARIANT_MAPPED
speedx2 fpt đăng ký so sánh,speedx2 fpt đăng ký so sánh,COMMERCIAL,PACKAGES,/goi-cuoc/speedx2/,P1,UNKNOWN,UNKNOWN,UNKNOWN,MAPPED_FROM_OWNER,2026-08-15,VARIANT_MAPPED
speedx2 fpt đăng ký đăng ký,speedx2 fpt đăng ký đăng ký,COMMERCIAL,PACKAGES,/goi-cuoc/speedx2/,P1,UNKNOWN,UNKNOWN,UNKNOWN,MAPPED_FROM_OWNER,2026-08-15,VARIANT_MAPPED
speedx2 fpt đăng ký mới nhất 2026,speedx2 fpt đăng ký mới nhất 2026,COMMERCIAL,PACKAGES,/goi-cuoc/speedx2/,P1,UNKNOWN,UNKNOWN,UNKNOWN,MAPPED_FROM_OWNER,2026-08-15,VARIANT_MAPPED
speedx2 fpt đăng ký bao nhiêu tiền,speedx2 fpt đăng ký bao nhiêu tiền,COMMERCIAL,PACKAGES,/goi-cuoc/speedx2/,P1,UNKNOWN,UNKNOWN,UNKNOWN,MAPPED_FROM_OWNER,2026-08-15,VARIANT_MAPPED
speedx2 pro fpt review,speedx2 pro fpt review,COMMERCIAL,PACKAGES,/goi-cuoc/speedx2-pro/,P1,UNKNOWN,UNKNOWN,UNKNOWN,MAPPED_FROM_OWNER,2026-08-15,VARIANT_MAPPED
speedx2 pro fpt có tốt không,speedx2 pro fpt có tốt không,COMMERCIAL,PACKAGES,/goi-cuoc/speedx2-pro/,P1,UNKNOWN,UNKNOWN,UNKNOWN,MAPPED_FROM_OWNER,2026-08-15,VARIANT_MAPPED
speedx2 pro fpt phù hợp ai,speedx2 pro fpt phù hợp ai,COMMERCIAL,PACKAGES,/goi-cuoc/speedx2-pro/,P1,UNKNOWN,UNKNOWN,UNKNOWN,MAPPED_FROM_OWNER,2026-08-15,VARIANT_MAPPED
speedx2 pro fpt nên dùng không,speedx2 pro fpt nên dùng không,COMMERCIAL,PACKAGES,/goi-cuoc/speedx2-pro/,P1,UNKNOWN,UNKNOWN,UNKNOWN,MAPPED_FROM_OWNER,2026-08-15,VARIANT_MAPPED
speedx2 pro fpt so sánh,speedx2 pro fpt so sánh,COMMERCIAL,PACKAGES,/goi-cuoc/speedx2-pro/,P1,UNKNOWN,UNKNOWN,UNKNOWN,MAPPED_FROM_OWNER,2026-08-15,VARIANT_MAPPED
speedx2 pro fpt mới nhất 2026,speedx2 pro fpt mới nhất 2026,COMMERCIAL,PACKAGES,/goi-cuoc/speedx2-pro/,P1,UNKNOWN,UNKNOWN,UNKNOWN,MAPPED_FROM_OWNER,2026-08-15,VARIANT_MAPPED
speedx2 pro fpt bao nhiêu tiền,speedx2 pro fpt bao nhiêu tiền,COMMERCIAL,PACKAGES,/goi-cuoc/speedx2-pro/,P1,UNKNOWN,UNKNOWN,UNKNOWN,MAPPED_FROM_OWNER,2026-08-15,VARIANT_MAPPED
speedx2 pro fpt giá giá,speedx2 pro fpt giá giá,COMMERCIAL,PACKAGES,/goi-cuoc/speedx2-pro/,P1,UNKNOWN,UNKNOWN,UNKNOWN,MAPPED_FROM_OWNER,2026-08-15,VARIANT_MAPPED
speedx2 pro fpt giá review,speedx2 pro fpt giá review,COMMERCIAL,PACKAGES,/goi-cuoc/speedx2-pro/,P1,UNKNOWN,UNKNOWN,UNKNOWN,MAPPED_FROM_OWNER,2026-08-15,VARIANT_MAPPED
speedx2 pro fpt giá có tốt không,speedx2 pro fpt giá có tốt không,COMMERCIAL,PACKAGES,/goi-cuoc/speedx2-pro/,P1,UNKNOWN,UNKNOWN,UNKNOWN,MAPPED_FROM_OWNER,2026-08-15,VARIANT_MAPPED
speedx2 pro fpt giá phù hợp ai,speedx2 pro fpt giá phù hợp ai,COMMERCIAL,PACKAGES,/goi-cuoc/speedx2-pro/,P1,UNKNOWN,UNKNOWN,UNKNOWN,MAPPED_FROM_OWNER,2026-08-15,VARIANT_MAPPED
speedx2 pro fpt giá nên dùng không,speedx2 pro fpt giá nên dùng không,COMMERCIAL,PACKAGES,/goi-cuoc/speedx2-pro/,P1,UNKNOWN,UNKNOWN,UNKNOWN,MAPPED_FROM_OWNER,2026-08-15,VARIANT_MAPPED
speedx2 pro fpt giá so sánh,speedx2 pro fpt giá so sánh,COMMERCIAL,PACKAGES,/goi-cuoc/speedx2-pro/,P1,UNKNOWN,UNKNOWN,UNKNOWN,MAPPED_FROM_OWNER,2026-08-15,VARIANT_MAPPED
speedx2 pro fpt giá đăng ký,speedx2 pro fpt giá đăng ký,COMMERCIAL,PACKAGES,/goi-cuoc/speedx2-pro/,P1,UNKNOWN,UNKNOWN,UNKNOWN,MAPPED_FROM_OWNER,2026-08-15,VARIANT_MAPPED
speedx2 pro fpt giá mới nhất 2026,speedx2 pro fpt giá mới nhất 2026,COMMERCIAL,PACKAGES,/goi-cuoc/speedx2-pro/,P1,UNKNOWN,UNKNOWN,UNKNOWN,MAPPED_FROM_OWNER,2026-08-15,VARIANT_MAPPED
speedx2 pro fpt giá bao nhiêu tiền,speedx2 pro fpt giá bao nhiêu tiền,COMMERCIAL,PACKAGES,/goi-cuoc/speedx2-pro/,P1,UNKNOWN,UNKNOWN,UNKNOWN,MAPPED_FROM_OWNER,2026-08-15,VARIANT_MAPPED
speedx2 pro fpt đăng ký giá,speedx2 pro fpt đăng ký giá,COMMERCIAL,PACKAGES,/goi-cuoc/speedx2-pro/,P1,UNKNOWN,UNKNOWN,UNKNOWN,MAPPED_FROM_OWNER,2026-08-15,VARIANT_MAPPED
speedx2 pro fpt đăng ký review,speedx2 pro fpt đăng ký review,COMMERCIAL,PACKAGES,/goi-cuoc/speedx2-pro/,P1,UNKNOWN,UNKNOWN,UNKNOWN,MAPPED_FROM_OWNER,2026-08-15,VARIANT_MAPPED
speedx2 pro fpt đăng ký có tốt không,speedx2 pro fpt đăng ký có tốt không,COMMERCIAL,PACKAGES,/goi-cuoc/speedx2-pro/,P1,UNKNOWN,UNKNOWN,UNKNOWN,MAPPED_FROM_OWNER,2026-08-15,VARIANT_MAPPED
speedx2 pro fpt đăng ký phù hợp ai,speedx2 pro fpt đăng ký phù hợp ai,COMMERCIAL,PACKAGES,/goi-cuoc/speedx2-pro/,P1,UNKNOWN,UNKNOWN,UNKNOWN,MAPPED_FROM_OWNER,2026-08-15,VARIANT_MAPPED
speedx2 pro fpt đăng ký nên dùng không,speedx2 pro fpt đăng ký nên dùng không,COMMERCIAL,PACKAGES,/goi-cuoc/speedx2-pro/,P1,UNKNOWN,UNKNOWN,UNKNOWN,MAPPED_FROM_OWNER,2026-08-15,VARIANT_MAPPED
speedx2 pro fpt đăng ký so sánh,speedx2 pro fpt đăng ký so sánh,COMMERCIAL,PACKAGES,/goi-cuoc/speedx2-pro/,P1,UNKNOWN,UNKNOWN,UNKNOWN,MAPPED_FROM_OWNER,2026-08-15,VARIANT_MAPPED
speedx2 pro fpt đăng ký đăng ký,speedx2 pro fpt đăng ký đăng ký,COMMERCIAL,PACKAGES,/goi-cuoc/speedx2-pro/,P1,UNKNOWN,UNKNOWN,UNKNOWN,MAPPED_FROM_OWNER,2026-08-15,VARIANT_MAPPED
speedx2 pro fpt đăng ký mới nhất 2026,speedx2 pro fpt đăng ký mới nhất 2026,COMMERCIAL,PACKAGES,/goi-cuoc/speedx2-pro/,P1,UNKNOWN,UNKNOWN,UNKNOWN,MAPPED_FROM_OWNER,2026-08-15,VARIANT_MAPPED
speedx2 pro fpt đăng ký bao nhiêu tiền,speedx2 pro fpt đăng ký bao nhiêu tiền,COMMERCIAL,PACKAGES,/goi-cuoc/speedx2-pro/,P1,UNKNOWN,UNKNOWN,UNKNOWN,MAPPED_FROM_OWNER,2026-08-15,VARIANT_MAPPED
speedx10 fpt review,speedx10 fpt review,COMMERCIAL,PACKAGES,/goi-cuoc/speedx10/,P1,UNKNOWN,UNKNOWN,UNKNOWN,MAPPED_FROM_OWNER,2026-08-15,VARIANT_MAPPED
speedx10 fpt có tốt không,speedx10 fpt có tốt không,COMMERCIAL,PACKAGES,/goi-cuoc/speedx10/,P1,UNKNOWN,UNKNOWN,UNKNOWN,MAPPED_FROM_OWNER,2026-08-15,VARIANT_MAPPED
speedx10 fpt phù hợp ai,speedx10 fpt phù hợp ai,COMMERCIAL,PACKAGES,/goi-cuoc/speedx10/,P1,UNKNOWN,UNKNOWN,UNKNOWN,MAPPED_FROM_OWNER,2026-08-15,VARIANT_MAPPED
speedx10 fpt nên dùng không,speedx10 fpt nên dùng không,COMMERCIAL,PACKAGES,/goi-cuoc/speedx10/,P1,UNKNOWN,UNKNOWN,UNKNOWN,MAPPED_FROM_OWNER,2026-08-15,VARIANT_MAPPED
speedx10 fpt so sánh,speedx10 fpt so sánh,COMMERCIAL,PACKAGES,/goi-cuoc/speedx10/,P1,UNKNOWN,UNKNOWN,UNKNOWN,MAPPED_FROM_OWNER,2026-08-15,VARIANT_MAPPED
speedx10 fpt mới nhất 2026,speedx10 fpt mới nhất 2026,COMMERCIAL,PACKAGES,/goi-cuoc/speedx10/,P1,UNKNOWN,UNKNOWN,UNKNOWN,MAPPED_FROM_OWNER,2026-08-15,VARIANT_MAPPED
speedx10 fpt bao nhiêu tiền,speedx10 fpt bao nhiêu tiền,COMMERCIAL,PACKAGES,/goi-cuoc/speedx10/,P1,UNKNOWN,UNKNOWN,UNKNOWN,MAPPED_FROM_OWNER,2026-08-15,VARIANT_MAPPED
speedx10 fpt giá giá,speedx10 fpt giá giá,COMMERCIAL,PACKAGES,/goi-cuoc/speedx10/,P1,UNKNOWN,UNKNOWN,UNKNOWN,MAPPED_FROM_OWNER,2026-08-15,VARIANT_MAPPED
speedx10 fpt giá review,speedx10 fpt giá review,COMMERCIAL,PACKAGES,/goi-cuoc/speedx10/,P1,UNKNOWN,UNKNOWN,UNKNOWN,MAPPED_FROM_OWNER,2026-08-15,VARIANT_MAPPED
speedx10 fpt giá có tốt không,speedx10 fpt giá có tốt không,COMMERCIAL,PACKAGES,/goi-cuoc/speedx10/,P1,UNKNOWN,UNKNOWN,UNKNOWN,MAPPED_FROM_OWNER,2026-08-15,VARIANT_MAPPED
speedx10 fpt giá phù hợp ai,speedx10 fpt giá phù hợp ai,COMMERCIAL,PACKAGES,/goi-cuoc/speedx10/,P1,UNKNOWN,UNKNOWN,UNKNOWN,MAPPED_FROM_OWNER,2026-08-15,VARIANT_MAPPED
speedx10 fpt giá nên dùng không,speedx10 fpt giá nên dùng không,COMMERCIAL,PACKAGES,/goi-cuoc/speedx10/,P1,UNKNOWN,UNKNOWN,UNKNOWN,MAPPED_FROM_OWNER,2026-08-15,VARIANT_MAPPED
speedx10 fpt giá so sánh,speedx10 fpt giá so sánh,COMMERCIAL,PACKAGES,/goi-cuoc/speedx10/,P1,UNKNOWN,UNKNOWN,UNKNOWN,MAPPED_FROM_OWNER,2026-08-15,VARIANT_MAPPED
speedx10 fpt giá đăng ký,speedx10 fpt giá đăng ký,COMMERCIAL,PACKAGES,/goi-cuoc/speedx10/,P1,UNKNOWN,UNKNOWN,UNKNOWN,MAPPED_FROM_OWNER,2026-08-15,VARIANT_MAPPED
speedx10 fpt giá mới nhất 2026,speedx10 fpt giá mới nhất 2026,COMMERCIAL,PACKAGES,/goi-cuoc/speedx10/,P1,UNKNOWN,UNKNOWN,UNKNOWN,MAPPED_FROM_OWNER,2026-08-15,VARIANT_MAPPED
speedx10 fpt giá bao nhiêu tiền,speedx10 fpt giá bao nhiêu tiền,COMMERCIAL,PACKAGES,/goi-cuoc/speedx10/,P1,UNKNOWN,UNKNOWN,UNKNOWN,MAPPED_FROM_OWNER,2026-08-15,VARIANT_MAPPED
speedx10 fpt đăng ký giá,speedx10 fpt đăng ký giá,COMMERCIAL,PACKAGES,/goi-cuoc/speedx10/,P1,UNKNOWN,UNKNOWN,UNKNOWN,MAPPED_FROM_OWNER,2026-08-15,VARIANT_MAPPED
speedx10 fpt đăng ký review,speedx10 fpt đăng ký review,COMMERCIAL,PACKAGES,/goi-cuoc/speedx10/,P1,UNKNOWN,UNKNOWN,UNKNOWN,MAPPED_FROM_OWNER,2026-08-15,VARIANT_MAPPED
speedx10 fpt đăng ký có tốt không,speedx10 fpt đăng ký có tốt không,COMMERCIAL,PACKAGES,/goi-cuoc/speedx10/,P1,UNKNOWN,UNKNOWN,UNKNOWN,MAPPED_FROM_OWNER,2026-08-15,VARIANT_MAPPED
speedx10 fpt đăng ký phù hợp ai,speedx10 fpt đăng ký phù hợp ai,COMMERCIAL,PACKAGES,/goi-cuoc/speedx10/,P1,UNKNOWN,UNKNOWN,UNKNOWN,MAPPED_FROM_OWNER,2026-08-15,VARIANT_MAPPED
speedx10 fpt đăng ký nên dùng không,speedx10 fpt đăng ký nên dùng không,COMMERCIAL,PACKAGES,/goi-cuoc/speedx10/,P1,UNKNOWN,UNKNOWN,UNKNOWN,MAPPED_FROM_OWNER,2026-08-15,VARIANT_MAPPED
speedx10 fpt đăng ký so sánh,speedx10 fpt đăng ký so sánh,COMMERCIAL,PACKAGES,/goi-cuoc/speedx10/,P1,UNKNOWN,UNKNOWN,UNKNOWN,MAPPED_FROM_OWNER,2026-08-15,VARIANT_MAPPED
speedx10 fpt đăng ký đăng ký,speedx10 fpt đăng ký đăng ký,COMMERCIAL,PACKAGES,/goi-cuoc/speedx10/,P1,UNKNOWN,UNKNOWN,UNKNOWN,MAPPED_FROM_OWNER,2026-08-15,VARIANT_MAPPED
speedx10 fpt đăng ký mới nhất 2026,speedx10 fpt đăng ký mới nhất 2026,COMMERCIAL,PACKAGES,/goi-cuoc/speedx10/,P1,UNKNOWN,UNKNOWN,UNKNOWN,MAPPED_FROM_OWNER,2026-08-15,VARIANT_MAPPED
speedx10 fpt đăng ký bao nhiêu tiền,speedx10 fpt đăng ký bao nhiêu tiền,COMMERCIAL,PACKAGES,/goi-cuoc/speedx10/,P1,UNKNOWN,UNKNOWN,UNKNOWN,MAPPED_FROM_OWNER,2026-08-15,VARIANT_MAPPED
speedx10 pro fpt review,speedx10 pro fpt review,COMMERCIAL,PACKAGES,/goi-cuoc/speedx10-pro/,P1,UNKNOWN,UNKNOWN,UNKNOWN,MAPPED_FROM_OWNER,2026-08-15,VARIANT_MAPPED
speedx10 pro fpt có tốt không,speedx10 pro fpt có tốt không,COMMERCIAL,PACKAGES,/goi-cuoc/speedx10-pro/,P1,UNKNOWN,UNKNOWN,UNKNOWN,MAPPED_FROM_OWNER,2026-08-15,VARIANT_MAPPED
speedx10 pro fpt phù hợp ai,speedx10 pro fpt phù hợp ai,COMMERCIAL,PACKAGES,/goi-cuoc/speedx10-pro/,P1,UNKNOWN,UNKNOWN,UNKNOWN,MAPPED_FROM_OWNER,2026-08-15,VARIANT_MAPPED
speedx10 pro fpt nên dùng không,speedx10 pro fpt nên dùng không,COMMERCIAL,PACKAGES,/goi-cuoc/speedx10-pro/,P1,UNKNOWN,UNKNOWN,UNKNOWN,MAPPED_FROM_OWNER,2026-08-15,VARIANT_MAPPED
speedx10 pro fpt so sánh,speedx10 pro fpt so sánh,COMMERCIAL,PACKAGES,/goi-cuoc/speedx10-pro/,P1,UNKNOWN,UNKNOWN,UNKNOWN,MAPPED_FROM_OWNER,2026-08-15,VARIANT_MAPPED
speedx10 pro fpt mới nhất 2026,speedx10 pro fpt mới nhất 2026,COMMERCIAL,PACKAGES,/goi-cuoc/speedx10-pro/,P1,UNKNOWN,UNKNOWN,UNKNOWN,MAPPED_FROM_OWNER,2026-08-15,VARIANT_MAPPED
speedx10 pro fpt bao nhiêu tiền,speedx10 pro fpt bao nhiêu tiền,COMMERCIAL,PACKAGES,/goi-cuoc/speedx10-pro/,P1,UNKNOWN,UNKNOWN,UNKNOWN,MAPPED_FROM_OWNER,2026-08-15,VARIANT_MAPPED
speedx10 pro fpt giá giá,speedx10 pro fpt giá giá,COMMERCIAL,PACKAGES,/goi-cuoc/speedx10-pro/,P1,UNKNOWN,UNKNOWN,UNKNOWN,MAPPED_FROM_OWNER,2026-08-15,VARIANT_MAPPED
speedx10 pro fpt giá review,speedx10 pro fpt giá review,COMMERCIAL,PACKAGES,/goi-cuoc/speedx10-pro/,P1,UNKNOWN,UNKNOWN,UNKNOWN,MAPPED_FROM_OWNER,2026-08-15,VARIANT_MAPPED
speedx10 pro fpt giá có tốt không,speedx10 pro fpt giá có tốt không,COMMERCIAL,PACKAGES,/goi-cuoc/speedx10-pro/,P1,UNKNOWN,UNKNOWN,UNKNOWN,MAPPED_FROM_OWNER,2026-08-15,VARIANT_MAPPED
speedx10 pro fpt giá phù hợp ai,speedx10 pro fpt giá phù hợp ai,COMMERCIAL,PACKAGES,/goi-cuoc/speedx10-pro/,P1,UNKNOWN,UNKNOWN,UNKNOWN,MAPPED_FROM_OWNER,2026-08-15,VARIANT_MAPPED
speedx10 pro fpt giá nên dùng không,speedx10 pro fpt giá nên dùng không,COMMERCIAL,PACKAGES,/goi-cuoc/speedx10-pro/,P1,UNKNOWN,UNKNOWN,UNKNOWN,MAPPED_FROM_OWNER,2026-08-15,VARIANT_MAPPED
speedx10 pro fpt giá so sánh,speedx10 pro fpt giá so sánh,COMMERCIAL,PACKAGES,/goi-cuoc/speedx10-pro/,P1,UNKNOWN,UNKNOWN,UNKNOWN,MAPPED_FROM_OWNER,2026-08-15,VARIANT_MAPPED
speedx10 pro fpt giá đăng ký,speedx10 pro fpt giá đăng ký,COMMERCIAL,PACKAGES,/goi-cuoc/speedx10-pro/,P1,UNKNOWN,UNKNOWN,UNKNOWN,MAPPED_FROM_OWNER,2026-08-15,VARIANT_MAPPED
speedx10 pro fpt giá mới nhất 2026,speedx10 pro fpt giá mới nhất 2026,COMMERCIAL,PACKAGES,/goi-cuoc/speedx10-pro/,P1,UNKNOWN,UNKNOWN,UNKNOWN,MAPPED_FROM_OWNER,2026-08-15,VARIANT_MAPPED
speedx10 pro fpt giá bao nhiêu tiền,speedx10 pro fpt giá bao nhiêu tiền,COMMERCIAL,PACKAGES,/goi-cuoc/speedx10-pro/,P1,UNKNOWN,UNKNOWN,UNKNOWN,MAPPED_FROM_OWNER,2026-08-15,VARIANT_MAPPED
speedx10 pro fpt đăng ký giá,speedx10 pro fpt đăng ký giá,COMMERCIAL,PACKAGES,/goi-cuoc/speedx10-pro/,P1,UNKNOWN,UNKNOWN,UNKNOWN,MAPPED_FROM_OWNER,2026-08-15,VARIANT_MAPPED
speedx10 pro fpt đăng ký review,speedx10 pro fpt đăng ký review,COMMERCIAL,PACKAGES,/goi-cuoc/speedx10-pro/,P1,UNKNOWN,UNKNOWN,UNKNOWN,MAPPED_FROM_OWNER,2026-08-15,VARIANT_MAPPED
speedx10 pro fpt đăng ký có tốt không,speedx10 pro fpt đăng ký có tốt không,COMMERCIAL,PACKAGES,/goi-cuoc/speedx10-pro/,P1,UNKNOWN,UNKNOWN,UNKNOWN,MAPPED_FROM_OWNER,2026-08-15,VARIANT_MAPPED
speedx10 pro fpt đăng ký phù hợp ai,speedx10 pro fpt đăng ký phù hợp ai,COMMERCIAL,PACKAGES,/goi-cuoc/speedx10-pro/,P1,UNKNOWN,UNKNOWN,UNKNOWN,MAPPED_FROM_OWNER,2026-08-15,VARIANT_MAPPED
speedx10 pro fpt đăng ký nên dùng không,speedx10 pro fpt đăng ký nên dùng không,COMMERCIAL,PACKAGES,/goi-cuoc/speedx10-pro/,P1,UNKNOWN,UNKNOWN,UNKNOWN,MAPPED_FROM_OWNER,2026-08-15,VARIANT_MAPPED
speedx10 pro fpt đăng ký so sánh,speedx10 pro fpt đăng ký so sánh,COMMERCIAL,PACKAGES,/goi-cuoc/speedx10-pro/,P1,UNKNOWN,UNKNOWN,UNKNOWN,MAPPED_FROM_OWNER,2026-08-15,VARIANT_MAPPED
speedx10 pro fpt đăng ký đăng ký,speedx10 pro fpt đăng ký đăng ký,COMMERCIAL,PACKAGES,/goi-cuoc/speedx10-pro/,P1,UNKNOWN,UNKNOWN,UNKNOWN,MAPPED_FROM_OWNER,2026-08-15,VARIANT_MAPPED
speedx10 pro fpt đăng ký mới nhất 2026,speedx10 pro fpt đăng ký mới nhất 2026,COMMERCIAL,PACKAGES,/goi-cuoc/speedx10-pro/,P1,UNKNOWN,UNKNOWN,UNKNOWN,MAPPED_FROM_OWNER,2026-08-15,VARIANT_MAPPED
speedx10 pro fpt đăng ký bao nhiêu tiền,speedx10 pro fpt đăng ký bao nhiêu tiền,COMMERCIAL,PACKAGES,/goi-cuoc/speedx10-pro/,P1,UNKNOWN,UNKNOWN,UNKNOWN,MAPPED_FROM_OWNER,2026-08-15,VARIANT_MAPPED
camera play 3 fpt review,camera play 3 fpt review,COMMERCIAL,CAMERA,/camera-fpt/play-3/,P1,UNKNOWN,UNKNOWN,UNKNOWN,MAPPED_FROM_OWNER,2026-08-15,VARIANT_MAPPED
camera play 3 fpt có tốt không,camera play 3 fpt có tốt không,COMMERCIAL,CAMERA,/camera-fpt/play-3/,P1,UNKNOWN,UNKNOWN,UNKNOWN,MAPPED_FROM_OWNER,2026-08-15,VARIANT_MAPPED
camera play 3 fpt phù hợp ai,camera play 3 fpt phù hợp ai,COMMERCIAL,CAMERA,/camera-fpt/play-3/,P1,UNKNOWN,UNKNOWN,UNKNOWN,MAPPED_FROM_OWNER,2026-08-15,VARIANT_MAPPED
camera play 3 fpt nên dùng không,camera play 3 fpt nên dùng không,COMMERCIAL,CAMERA,/camera-fpt/play-3/,P1,UNKNOWN,UNKNOWN,UNKNOWN,MAPPED_FROM_OWNER,2026-08-15,VARIANT_MAPPED
camera play 3 fpt so sánh,camera play 3 fpt so sánh,COMMERCIAL,CAMERA,/camera-fpt/play-3/,P1,UNKNOWN,UNKNOWN,UNKNOWN,MAPPED_FROM_OWNER,2026-08-15,VARIANT_MAPPED
camera play 3 fpt mới nhất 2026,camera play 3 fpt mới nhất 2026,COMMERCIAL,CAMERA,/camera-fpt/play-3/,P1,UNKNOWN,UNKNOWN,UNKNOWN,MAPPED_FROM_OWNER,2026-08-15,VARIANT_MAPPED
camera play 3 fpt bao nhiêu tiền,camera play 3 fpt bao nhiêu tiền,COMMERCIAL,CAMERA,/camera-fpt/play-3/,P1,UNKNOWN,UNKNOWN,UNKNOWN,MAPPED_FROM_OWNER,2026-08-15,VARIANT_MAPPED
camera play 3 fpt giá giá,camera play 3 fpt giá giá,COMMERCIAL,CAMERA,/camera-fpt/play-3/,P1,UNKNOWN,UNKNOWN,UNKNOWN,MAPPED_FROM_OWNER,2026-08-15,VARIANT_MAPPED
camera play 3 fpt giá review,camera play 3 fpt giá review,COMMERCIAL,CAMERA,/camera-fpt/play-3/,P1,UNKNOWN,UNKNOWN,UNKNOWN,MAPPED_FROM_OWNER,2026-08-15,VARIANT_MAPPED
camera play 3 fpt giá có tốt không,camera play 3 fpt giá có tốt không,COMMERCIAL,CAMERA,/camera-fpt/play-3/,P1,UNKNOWN,UNKNOWN,UNKNOWN,MAPPED_FROM_OWNER,2026-08-15,VARIANT_MAPPED
camera play 3 fpt giá phù hợp ai,camera play 3 fpt giá phù hợp ai,COMMERCIAL,CAMERA,/camera-fpt/play-3/,P1,UNKNOWN,UNKNOWN,UNKNOWN,MAPPED_FROM_OWNER,2026-08-15,VARIANT_MAPPED
camera play 3 fpt giá nên dùng không,camera play 3 fpt giá nên dùng không,COMMERCIAL,CAMERA,/camera-fpt/play-3/,P1,UNKNOWN,UNKNOWN,UNKNOWN,MAPPED_FROM_OWNER,2026-08-15,VARIANT_MAPPED
camera play 3 fpt giá so sánh,camera play 3 fpt giá so sánh,COMMERCIAL,CAMERA,/camera-fpt/play-3/,P1,UNKNOWN,UNKNOWN,UNKNOWN,MAPPED_FROM_OWNER,2026-08-15,VARIANT_MAPPED
camera play 3 fpt giá đăng ký,camera play 3 fpt giá đăng ký,COMMERCIAL,CAMERA,/camera-fpt/play-3/,P1,UNKNOWN,UNKNOWN,UNKNOWN,MAPPED_FROM_OWNER,2026-08-15,VARIANT_MAPPED
camera play 3 fpt giá mới nhất 2026,camera play 3 fpt giá mới nhất 2026,COMMERCIAL,CAMERA,/camera-fpt/play-3/,P1,UNKNOWN,UNKNOWN,UNKNOWN,MAPPED_FROM_OWNER,2026-08-15,VARIANT_MAPPED
camera play 3 fpt giá bao nhiêu tiền,camera play 3 fpt giá bao nhiêu tiền,COMMERCIAL,CAMERA,/camera-fpt/play-3/,P1,UNKNOWN,UNKNOWN,UNKNOWN,MAPPED_FROM_OWNER,2026-08-15,VARIANT_MAPPED
camera play 3 fpt đăng ký giá,camera play 3 fpt đăng ký giá,COMMERCIAL,CAMERA,/camera-fpt/play-3/,P1,UNKNOWN,UNKNOWN,UNKNOWN,MAPPED_FROM_OWNER,2026-08-15,VARIANT_MAPPED
camera play 3 fpt đăng ký review,camera play 3 fpt đăng ký review,COMMERCIAL,CAMERA,/camera-fpt/play-3/,P1,UNKNOWN,UNKNOWN,UNKNOWN,MAPPED_FROM_OWNER,2026-08-15,VARIANT_MAPPED
camera play 3 fpt đăng ký có tốt không,camera play 3 fpt đăng ký có tốt không,COMMERCIAL,CAMERA,/camera-fpt/play-3/,P1,UNKNOWN,UNKNOWN,UNKNOWN,MAPPED_FROM_OWNER,2026-08-15,VARIANT_MAPPED
camera play 3 fpt đăng ký phù hợp ai,camera play 3 fpt đăng ký phù hợp ai,COMMERCIAL,CAMERA,/camera-fpt/play-3/,P1,UNKNOWN,UNKNOWN,UNKNOWN,MAPPED_FROM_OWNER,2026-08-15,VARIANT_MAPPED
camera play 3 fpt đăng ký nên dùng không,camera play 3 fpt đăng ký nên dùng không,COMMERCIAL,CAMERA,/camera-fpt/play-3/,P1,UNKNOWN,UNKNOWN,UNKNOWN,MAPPED_FROM_OWNER,2026-08-15,VARIANT_MAPPED
camera play 3 fpt đăng ký so sánh,camera play 3 fpt đăng ký so sánh,COMMERCIAL,CAMERA,/camera-fpt/play-3/,P1,UNKNOWN,UNKNOWN,UNKNOWN,MAPPED_FROM_OWNER,2026-08-15,VARIANT_MAPPED
camera play 3 fpt đăng ký đăng ký,camera play 3 fpt đăng ký đăng ký,COMMERCIAL,CAMERA,/camera-fpt/play-3/,P1,UNKNOWN,UNKNOWN,UNKNOWN,MAPPED_FROM_OWNER,2026-08-15,VARIANT_MAPPED
camera play 3 fpt đăng ký mới nhất 2026,camera play 3 fpt đăng ký mới nhất 2026,COMMERCIAL,CAMERA,/camera-fpt/play-3/,P1,UNKNOWN,UNKNOWN,UNKNOWN,MAPPED_FROM_OWNER,2026-08-15,VARIANT_MAPPED
camera play 3 fpt đăng ký bao nhiêu tiền,camera play 3 fpt đăng ký bao nhiêu tiền,COMMERCIAL,CAMERA,/camera-fpt/play-3/,P1,UNKNOWN,UNKNOWN,UNKNOWN,MAPPED_FROM_OWNER,2026-08-15,VARIANT_MAPPED
camera play 4 fpt review,camera play 4 fpt review,COMMERCIAL,CAMERA,/camera-fpt/play-4/,P1,UNKNOWN,UNKNOWN,UNKNOWN,MAPPED_FROM_OWNER,2026-08-15,VARIANT_MAPPED
camera play 4 fpt có tốt không,camera play 4 fpt có tốt không,COMMERCIAL,CAMERA,/camera-fpt/play-4/,P1,UNKNOWN,UNKNOWN,UNKNOWN,MAPPED_FROM_OWNER,2026-08-15,VARIANT_MAPPED
camera play 4 fpt phù hợp ai,camera play 4 fpt phù hợp ai,COMMERCIAL,CAMERA,/camera-fpt/play-4/,P1,UNKNOWN,UNKNOWN,UNKNOWN,MAPPED_FROM_OWNER,2026-08-15,VARIANT_MAPPED
camera play 4 fpt nên dùng không,camera play 4 fpt nên dùng không,COMMERCIAL,CAMERA,/camera-fpt/play-4/,P1,UNKNOWN,UNKNOWN,UNKNOWN,MAPPED_FROM_OWNER,2026-08-15,VARIANT_MAPPED
camera play 4 fpt so sánh,camera play 4 fpt so sánh,COMMERCIAL,CAMERA,/camera-fpt/play-4/,P1,UNKNOWN,UNKNOWN,UNKNOWN,MAPPED_FROM_OWNER,2026-08-15,VARIANT_MAPPED
camera play 4 fpt mới nhất 2026,camera play 4 fpt mới nhất 2026,COMMERCIAL,CAMERA,/camera-fpt/play-4/,P1,UNKNOWN,UNKNOWN,UNKNOWN,MAPPED_FROM_OWNER,2026-08-15,VARIANT_MAPPED
camera play 4 fpt bao nhiêu tiền,camera play 4 fpt bao nhiêu tiền,COMMERCIAL,CAMERA,/camera-fpt/play-4/,P1,UNKNOWN,UNKNOWN,UNKNOWN,MAPPED_FROM_OWNER,2026-08-15,VARIANT_MAPPED
camera play 4 fpt giá giá,camera play 4 fpt giá giá,COMMERCIAL,CAMERA,/camera-fpt/play-4/,P1,UNKNOWN,UNKNOWN,UNKNOWN,MAPPED_FROM_OWNER,2026-08-15,VARIANT_MAPPED
camera play 4 fpt giá review,camera play 4 fpt giá review,COMMERCIAL,CAMERA,/camera-fpt/play-4/,P1,UNKNOWN,UNKNOWN,UNKNOWN,MAPPED_FROM_OWNER,2026-08-15,VARIANT_MAPPED
camera play 4 fpt giá có tốt không,camera play 4 fpt giá có tốt không,COMMERCIAL,CAMERA,/camera-fpt/play-4/,P1,UNKNOWN,UNKNOWN,UNKNOWN,MAPPED_FROM_OWNER,2026-08-15,VARIANT_MAPPED
camera play 4 fpt giá phù hợp ai,camera play 4 fpt giá phù hợp ai,COMMERCIAL,CAMERA,/camera-fpt/play-4/,P1,UNKNOWN,UNKNOWN,UNKNOWN,MAPPED_FROM_OWNER,2026-08-15,VARIANT_MAPPED
camera play 4 fpt giá nên dùng không,camera play 4 fpt giá nên dùng không,COMMERCIAL,CAMERA,/camera-fpt/play-4/,P1,UNKNOWN,UNKNOWN,UNKNOWN,MAPPED_FROM_OWNER,2026-08-15,VARIANT_MAPPED
camera play 4 fpt giá so sánh,camera play 4 fpt giá so sánh,COMMERCIAL,CAMERA,/camera-fpt/play-4/,P1,UNKNOWN,UNKNOWN,UNKNOWN,MAPPED_FROM_OWNER,2026-08-15,VARIANT_MAPPED
camera play 4 fpt giá đăng ký,camera play 4 fpt giá đăng ký,COMMERCIAL,CAMERA,/camera-fpt/play-4/,P1,UNKNOWN,UNKNOWN,UNKNOWN,MAPPED_FROM_OWNER,2026-08-15,VARIANT_MAPPED
camera play 4 fpt giá mới nhất 2026,camera play 4 fpt giá mới nhất 2026,COMMERCIAL,CAMERA,/camera-fpt/play-4/,P1,UNKNOWN,UNKNOWN,UNKNOWN,MAPPED_FROM_OWNER,2026-08-15,VARIANT_MAPPED
camera play 4 fpt giá bao nhiêu tiền,camera play 4 fpt giá bao nhiêu tiền,COMMERCIAL,CAMERA,/camera-fpt/play-4/,P1,UNKNOWN,UNKNOWN,UNKNOWN,MAPPED_FROM_OWNER,2026-08-15,VARIANT_MAPPED
camera play 4 fpt đăng ký giá,camera play 4 fpt đăng ký giá,COMMERCIAL,CAMERA,/camera-fpt/play-4/,P1,UNKNOWN,UNKNOWN,UNKNOWN,MAPPED_FROM_OWNER,2026-08-15,VARIANT_MAPPED
camera play 4 fpt đăng ký review,camera play 4 fpt đăng ký review,COMMERCIAL,CAMERA,/camera-fpt/play-4/,P1,UNKNOWN,UNKNOWN,UNKNOWN,MAPPED_FROM_OWNER,2026-08-15,VARIANT_MAPPED
camera play 4 fpt đăng ký có tốt không,camera play 4 fpt đăng ký có tốt không,COMMERCIAL,CAMERA,/camera-fpt/play-4/,P1,UNKNOWN,UNKNOWN,UNKNOWN,MAPPED_FROM_OWNER,2026-08-15,VARIANT_MAPPED
camera play 4 fpt đăng ký phù hợp ai,camera play 4 fpt đăng ký phù hợp ai,COMMERCIAL,CAMERA,/camera-fpt/play-4/,P1,UNKNOWN,UNKNOWN,UNKNOWN,MAPPED_FROM_OWNER,2026-08-15,VARIANT_MAPPED
camera play 4 fpt đăng ký nên dùng không,camera play 4 fpt đăng ký nên dùng không,COMMERCIAL,CAMERA,/camera-fpt/play-4/,P1,UNKNOWN,UNKNOWN,UNKNOWN,MAPPED_FROM_OWNER,2026-08-15,VARIANT_MAPPED
camera play 4 fpt đăng ký so sánh,camera play 4 fpt đăng ký so sánh,COMMERCIAL,CAMERA,/camera-fpt/play-4/,P1,UNKNOWN,UNKNOWN,UNKNOWN,MAPPED_FROM_OWNER,2026-08-15,VARIANT_MAPPED
camera play 4 fpt đăng ký đăng ký,camera play 4 fpt đăng ký đăng ký,COMMERCIAL,CAMERA,/camera-fpt/play-4/,P1,UNKNOWN,UNKNOWN,UNKNOWN,MAPPED_FROM_OWNER,2026-08-15,VARIANT_MAPPED
camera play 4 fpt đăng ký mới nhất 2026,camera play 4 fpt đăng ký mới nhất 2026,COMMERCIAL,CAMERA,/camera-fpt/play-4/,P1,UNKNOWN,UNKNOWN,UNKNOWN,MAPPED_FROM_OWNER,2026-08-15,VARIANT_MAPPED
camera play 4 fpt đăng ký bao nhiêu tiền,camera play 4 fpt đăng ký bao nhiêu tiền,COMMERCIAL,CAMERA,/camera-fpt/play-4/,P1,UNKNOWN,UNKNOWN,UNKNOWN,MAPPED_FROM_OWNER,2026-08-15,VARIANT_MAPPED
mạng fpt cho gia đình review,mạng fpt cho gia đình review,COMMERCIAL,USE_FAMILY,/giai-phap/gia-dinh/,P1,UNKNOWN,UNKNOWN,UNKNOWN,MAPPED_FROM_OWNER,2026-08-15,VARIANT_MAPPED
mạng fpt cho gia đình có tốt không,mạng fpt cho gia đình có tốt không,COMMERCIAL,USE_FAMILY,/giai-phap/gia-dinh/,P1,UNKNOWN,UNKNOWN,UNKNOWN,MAPPED_FROM_OWNER,2026-08-15,VARIANT_MAPPED
mạng fpt cho gia đình phù hợp ai,mạng fpt cho gia đình phù hợp ai,COMMERCIAL,USE_FAMILY,/giai-phap/gia-dinh/,P1,UNKNOWN,UNKNOWN,UNKNOWN,MAPPED_FROM_OWNER,2026-08-15,VARIANT_MAPPED
mạng fpt cho gia đình nên dùng không,mạng fpt cho gia đình nên dùng không,COMMERCIAL,USE_FAMILY,/giai-phap/gia-dinh/,P1,UNKNOWN,UNKNOWN,UNKNOWN,MAPPED_FROM_OWNER,2026-08-15,VARIANT_MAPPED
mạng fpt cho gia đình so sánh,mạng fpt cho gia đình so sánh,COMMERCIAL,USE_FAMILY,/giai-phap/gia-dinh/,P1,UNKNOWN,UNKNOWN,UNKNOWN,MAPPED_FROM_OWNER,2026-08-15,VARIANT_MAPPED
mạng fpt cho gia đình mới nhất 2026,mạng fpt cho gia đình mới nhất 2026,COMMERCIAL,USE_FAMILY,/giai-phap/gia-dinh/,P1,UNKNOWN,UNKNOWN,UNKNOWN,MAPPED_FROM_OWNER,2026-08-15,VARIANT_MAPPED
mạng fpt cho gia đình bao nhiêu tiền,mạng fpt cho gia đình bao nhiêu tiền,COMMERCIAL,USE_FAMILY,/giai-phap/gia-dinh/,P1,UNKNOWN,UNKNOWN,UNKNOWN,MAPPED_FROM_OWNER,2026-08-15,VARIANT_MAPPED
wifi fpt gia đình giá,wifi fpt gia đình giá,COMMERCIAL,USE_FAMILY,/giai-phap/gia-dinh/,P1,UNKNOWN,UNKNOWN,UNKNOWN,MAPPED_FROM_OWNER,2026-08-15,VARIANT_MAPPED
wifi fpt gia đình review,wifi fpt gia đình review,COMMERCIAL,USE_FAMILY,/giai-phap/gia-dinh/,P1,UNKNOWN,UNKNOWN,UNKNOWN,MAPPED_FROM_OWNER,2026-08-15,VARIANT_MAPPED
wifi fpt gia đình có tốt không,wifi fpt gia đình có tốt không,COMMERCIAL,USE_FAMILY,/giai-phap/gia-dinh/,P1,UNKNOWN,UNKNOWN,UNKNOWN,MAPPED_FROM_OWNER,2026-08-15,VARIANT_MAPPED
wifi fpt gia đình phù hợp ai,wifi fpt gia đình phù hợp ai,COMMERCIAL,USE_FAMILY,/giai-phap/gia-dinh/,P1,UNKNOWN,UNKNOWN,UNKNOWN,MAPPED_FROM_OWNER,2026-08-15,VARIANT_MAPPED
wifi fpt gia đình nên dùng không,wifi fpt gia đình nên dùng không,COMMERCIAL,USE_FAMILY,/giai-phap/gia-dinh/,P1,UNKNOWN,UNKNOWN,UNKNOWN,MAPPED_FROM_OWNER,2026-08-15,VARIANT_MAPPED
wifi fpt gia đình so sánh,wifi fpt gia đình so sánh,COMMERCIAL,USE_FAMILY,/giai-phap/gia-dinh/,P1,UNKNOWN,UNKNOWN,UNKNOWN,MAPPED_FROM_OWNER,2026-08-15,VARIANT_MAPPED
wifi fpt gia đình đăng ký,wifi fpt gia đình đăng ký,COMMERCIAL,USE_FAMILY,/giai-phap/gia-dinh/,P1,UNKNOWN,UNKNOWN,UNKNOWN,MAPPED_FROM_OWNER,2026-08-15,VARIANT_MAPPED
wifi fpt gia đình mới nhất 2026,wifi fpt gia đình mới nhất 2026,COMMERCIAL,USE_FAMILY,/giai-phap/gia-dinh/,P1,UNKNOWN,UNKNOWN,UNKNOWN,MAPPED_FROM_OWNER,2026-08-15,VARIANT_MAPPED
wifi fpt gia đình bao nhiêu tiền,wifi fpt gia đình bao nhiêu tiền,COMMERCIAL,USE_FAMILY,/giai-phap/gia-dinh/,P1,UNKNOWN,UNKNOWN,UNKNOWN,MAPPED_FROM_OWNER,2026-08-15,VARIANT_MAPPED
mạng fpt cho gia đình giá giá,mạng fpt cho gia đình giá giá,COMMERCIAL,USE_FAMILY,/giai-phap/gia-dinh/,P1,UNKNOWN,UNKNOWN,UNKNOWN,MAPPED_FROM_OWNER,2026-08-15,VARIANT_MAPPED
mạng fpt cho gia đình giá review,mạng fpt cho gia đình giá review,COMMERCIAL,USE_FAMILY,/giai-phap/gia-dinh/,P1,UNKNOWN,UNKNOWN,UNKNOWN,MAPPED_FROM_OWNER,2026-08-15,VARIANT_MAPPED
mạng fpt cho gia đình giá có tốt không,mạng fpt cho gia đình giá có tốt không,COMMERCIAL,USE_FAMILY,/giai-phap/gia-dinh/,P1,UNKNOWN,UNKNOWN,UNKNOWN,MAPPED_FROM_OWNER,2026-08-15,VARIANT_MAPPED
mạng fpt cho gia đình giá phù hợp ai,mạng fpt cho gia đình giá phù hợp ai,COMMERCIAL,USE_FAMILY,/giai-phap/gia-dinh/,P1,UNKNOWN,UNKNOWN,UNKNOWN,MAPPED_FROM_OWNER,2026-08-15,VARIANT_MAPPED
mạng fpt cho gia đình giá nên dùng không,mạng fpt cho gia đình giá nên dùng không,COMMERCIAL,USE_FAMILY,/giai-phap/gia-dinh/,P1,UNKNOWN,UNKNOWN,UNKNOWN,MAPPED_FROM_OWNER,2026-08-15,VARIANT_MAPPED
mạng fpt cho gia đình giá so sánh,mạng fpt cho gia đình giá so sánh,COMMERCIAL,USE_FAMILY,/giai-phap/gia-dinh/,P1,UNKNOWN,UNKNOWN,UNKNOWN,MAPPED_FROM_OWNER,2026-08-15,VARIANT_MAPPED
mạng fpt cho gia đình giá đăng ký,mạng fpt cho gia đình giá đăng ký,COMMERCIAL,USE_FAMILY,/giai-phap/gia-dinh/,P1,UNKNOWN,UNKNOWN,UNKNOWN,MAPPED_FROM_OWNER,2026-08-15,VARIANT_MAPPED
mạng fpt cho gia đình giá mới nhất 2026,mạng fpt cho gia đình giá mới nhất 2026,COMMERCIAL,USE_FAMILY,/giai-phap/gia-dinh/,P1,UNKNOWN,UNKNOWN,UNKNOWN,MAPPED_FROM_OWNER,2026-08-15,VARIANT_MAPPED
mạng fpt cho gia đình giá bao nhiêu tiền,mạng fpt cho gia đình giá bao nhiêu tiền,COMMERCIAL,USE_FAMILY,/giai-phap/gia-dinh/,P1,UNKNOWN,UNKNOWN,UNKNOWN,MAPPED_FROM_OWNER,2026-08-15,VARIANT_MAPPED
wifi fpt cho nhà nhiều tầng review,wifi fpt cho nhà nhiều tầng review,COMMERCIAL,USE_MULTIFLOOR,/giai-phap/nha-nhieu-tang/,P1,UNKNOWN,UNKNOWN,UNKNOWN,MAPPED_FROM_OWNER,2026-08-15,VARIANT_MAPPED
wifi fpt cho nhà nhiều tầng có tốt không,wifi fpt cho nhà nhiều tầng có tốt không,COMMERCIAL,USE_MULTIFLOOR,/giai-phap/nha-nhieu-tang/,P1,UNKNOWN,UNKNOWN,UNKNOWN,MAPPED_FROM_OWNER,2026-08-15,VARIANT_MAPPED
wifi fpt cho nhà nhiều tầng phù hợp ai,wifi fpt cho nhà nhiều tầng phù hợp ai,COMMERCIAL,USE_MULTIFLOOR,/giai-phap/nha-nhieu-tang/,P1,UNKNOWN,UNKNOWN,UNKNOWN,MAPPED_FROM_OWNER,2026-08-15,VARIANT_MAPPED
wifi fpt cho nhà nhiều tầng nên dùng không,wifi fpt cho nhà nhiều tầng nên dùng không,COMMERCIAL,USE_MULTIFLOOR,/giai-phap/nha-nhieu-tang/,P1,UNKNOWN,UNKNOWN,UNKNOWN,MAPPED_FROM_OWNER,2026-08-15,VARIANT_MAPPED
wifi fpt cho nhà nhiều tầng so sánh,wifi fpt cho nhà nhiều tầng so sánh,COMMERCIAL,USE_MULTIFLOOR,/giai-phap/nha-nhieu-tang/,P1,UNKNOWN,UNKNOWN,UNKNOWN,MAPPED_FROM_OWNER,2026-08-15,VARIANT_MAPPED
wifi fpt cho nhà nhiều tầng mới nhất 2026,wifi fpt cho nhà nhiều tầng mới nhất 2026,COMMERCIAL,USE_MULTIFLOOR,/giai-phap/nha-nhieu-tang/,P1,UNKNOWN,UNKNOWN,UNKNOWN,MAPPED_FROM_OWNER,2026-08-15,VARIANT_MAPPED
wifi fpt cho nhà nhiều tầng bao nhiêu tiền,wifi fpt cho nhà nhiều tầng bao nhiêu tiền,COMMERCIAL,USE_MULTIFLOOR,/giai-phap/nha-nhieu-tang/,P1,UNKNOWN,UNKNOWN,UNKNOWN,MAPPED_FROM_OWNER,2026-08-15,VARIANT_MAPPED
wifi fpt nhà nhiều tầng giá,wifi fpt nhà nhiều tầng giá,COMMERCIAL,USE_MULTIFLOOR,/giai-phap/nha-nhieu-tang/,P1,UNKNOWN,UNKNOWN,UNKNOWN,MAPPED_FROM_OWNER,2026-08-15,VARIANT_MAPPED
wifi fpt nhà nhiều tầng review,wifi fpt nhà nhiều tầng review,COMMERCIAL,USE_MULTIFLOOR,/giai-phap/nha-nhieu-tang/,P1,UNKNOWN,UNKNOWN,UNKNOWN,MAPPED_FROM_OWNER,2026-08-15,VARIANT_MAPPED
wifi fpt nhà nhiều tầng có tốt không,wifi fpt nhà nhiều tầng có tốt không,COMMERCIAL,USE_MULTIFLOOR,/giai-phap/nha-nhieu-tang/,P1,UNKNOWN,UNKNOWN,UNKNOWN,MAPPED_FROM_OWNER,2026-08-15,VARIANT_MAPPED
wifi fpt nhà nhiều tầng phù hợp ai,wifi fpt nhà nhiều tầng phù hợp ai,COMMERCIAL,USE_MULTIFLOOR,/giai-phap/nha-nhieu-tang/,P1,UNKNOWN,UNKNOWN,UNKNOWN,MAPPED_FROM_OWNER,2026-08-15,VARIANT_MAPPED
wifi fpt nhà nhiều tầng nên dùng không,wifi fpt nhà nhiều tầng nên dùng không,COMMERCIAL,USE_MULTIFLOOR,/giai-phap/nha-nhieu-tang/,P1,UNKNOWN,UNKNOWN,UNKNOWN,MAPPED_FROM_OWNER,2026-08-15,VARIANT_MAPPED
wifi fpt nhà nhiều tầng so sánh,wifi fpt nhà nhiều tầng so sánh,COMMERCIAL,USE_MULTIFLOOR,/giai-phap/nha-nhieu-tang/,P1,UNKNOWN,UNKNOWN,UNKNOWN,MAPPED_FROM_OWNER,2026-08-15,VARIANT_MAPPED
wifi fpt nhà nhiều tầng đăng ký,wifi fpt nhà nhiều tầng đăng ký,COMMERCIAL,USE_MULTIFLOOR,/giai-phap/nha-nhieu-tang/,P1,UNKNOWN,UNKNOWN,UNKNOWN,MAPPED_FROM_OWNER,2026-08-15,VARIANT_MAPPED
wifi fpt nhà nhiều tầng mới nhất 2026,wifi fpt nhà nhiều tầng mới nhất 2026,COMMERCIAL,USE_MULTIFLOOR,/giai-phap/nha-nhieu-tang/,P1,UNKNOWN,UNKNOWN,UNKNOWN,MAPPED_FROM_OWNER,2026-08-15,VARIANT_MAPPED
wifi fpt nhà nhiều tầng bao nhiêu tiền,wifi fpt nhà nhiều tầng bao nhiêu tiền,COMMERCIAL,USE_MULTIFLOOR,/giai-phap/nha-nhieu-tang/,P1,UNKNOWN,UNKNOWN,UNKNOWN,MAPPED_FROM_OWNER,2026-08-15,VARIANT_MAPPED
mạng fpt nhà 3 tầng giá,mạng fpt nhà 3 tầng giá,COMMERCIAL,USE_MULTIFLOOR,/giai-phap/nha-nhieu-tang/,P1,UNKNOWN,UNKNOWN,UNKNOWN,MAPPED_FROM_OWNER,2026-08-15,VARIANT_MAPPED
mạng fpt nhà 3 tầng review,mạng fpt nhà 3 tầng review,COMMERCIAL,USE_MULTIFLOOR,/giai-phap/nha-nhieu-tang/,P1,UNKNOWN,UNKNOWN,UNKNOWN,MAPPED_FROM_OWNER,2026-08-15,VARIANT_MAPPED
mạng fpt nhà 3 tầng có tốt không,mạng fpt nhà 3 tầng có tốt không,COMMERCIAL,USE_MULTIFLOOR,/giai-phap/nha-nhieu-tang/,P1,UNKNOWN,UNKNOWN,UNKNOWN,MAPPED_FROM_OWNER,2026-08-15,VARIANT_MAPPED
mạng fpt nhà 3 tầng phù hợp ai,mạng fpt nhà 3 tầng phù hợp ai,COMMERCIAL,USE_MULTIFLOOR,/giai-phap/nha-nhieu-tang/,P1,UNKNOWN,UNKNOWN,UNKNOWN,MAPPED_FROM_OWNER,2026-08-15,VARIANT_MAPPED
mạng fpt nhà 3 tầng nên dùng không,mạng fpt nhà 3 tầng nên dùng không,COMMERCIAL,USE_MULTIFLOOR,/giai-phap/nha-nhieu-tang/,P1,UNKNOWN,UNKNOWN,UNKNOWN,MAPPED_FROM_OWNER,2026-08-15,VARIANT_MAPPED
mạng fpt nhà 3 tầng so sánh,mạng fpt nhà 3 tầng so sánh,COMMERCIAL,USE_MULTIFLOOR,/giai-phap/nha-nhieu-tang/,P1,UNKNOWN,UNKNOWN,UNKNOWN,MAPPED_FROM_OWNER,2026-08-15,VARIANT_MAPPED
mạng fpt nhà 3 tầng đăng ký,mạng fpt nhà 3 tầng đăng ký,COMMERCIAL,USE_MULTIFLOOR,/giai-phap/nha-nhieu-tang/,P1,UNKNOWN,UNKNOWN,UNKNOWN,MAPPED_FROM_OWNER,2026-08-15,VARIANT_MAPPED
mạng fpt nhà 3 tầng mới nhất 2026,mạng fpt nhà 3 tầng mới nhất 2026,COMMERCIAL,USE_MULTIFLOOR,/giai-phap/nha-nhieu-tang/,P1,UNKNOWN,UNKNOWN,UNKNOWN,MAPPED_FROM_OWNER,2026-08-15,VARIANT_MAPPED
mạng fpt nhà 3 tầng bao nhiêu tiền,mạng fpt nhà 3 tầng bao nhiêu tiền,COMMERCIAL,USE_MULTIFLOOR,/giai-phap/nha-nhieu-tang/,P1,UNKNOWN,UNKNOWN,UNKNOWN,MAPPED_FROM_OWNER,2026-08-15,VARIANT_MAPPED
mạng fpt cho chung cư review,mạng fpt cho chung cư review,COMMERCIAL,USE_APARTMENT,/giai-phap/chung-cu/,P1,UNKNOWN,UNKNOWN,UNKNOWN,MAPPED_FROM_OWNER,2026-08-15,VARIANT_MAPPED
mạng fpt cho chung cư có tốt không,mạng fpt cho chung cư có tốt không,COMMERCIAL,USE_APARTMENT,/giai-phap/chung-cu/,P1,UNKNOWN,UNKNOWN,UNKNOWN,MAPPED_FROM_OWNER,2026-08-15,VARIANT_MAPPED
mạng fpt cho chung cư phù hợp ai,mạng fpt cho chung cư phù hợp ai,COMMERCIAL,USE_APARTMENT,/giai-phap/chung-cu/,P1,UNKNOWN,UNKNOWN,UNKNOWN,MAPPED_FROM_OWNER,2026-08-15,VARIANT_MAPPED
mạng fpt cho chung cư nên dùng không,mạng fpt cho chung cư nên dùng không,COMMERCIAL,USE_APARTMENT,/giai-phap/chung-cu/,P1,UNKNOWN,UNKNOWN,UNKNOWN,MAPPED_FROM_OWNER,2026-08-15,VARIANT_MAPPED
mạng fpt cho chung cư so sánh,mạng fpt cho chung cư so sánh,COMMERCIAL,USE_APARTMENT,/giai-phap/chung-cu/,P1,UNKNOWN,UNKNOWN,UNKNOWN,MAPPED_FROM_OWNER,2026-08-15,VARIANT_MAPPED
mạng fpt cho chung cư mới nhất 2026,mạng fpt cho chung cư mới nhất 2026,COMMERCIAL,USE_APARTMENT,/giai-phap/chung-cu/,P1,UNKNOWN,UNKNOWN,UNKNOWN,MAPPED_FROM_OWNER,2026-08-15,VARIANT_MAPPED
mạng fpt cho chung cư bao nhiêu tiền,mạng fpt cho chung cư bao nhiêu tiền,COMMERCIAL,USE_APARTMENT,/giai-phap/chung-cu/,P1,UNKNOWN,UNKNOWN,UNKNOWN,MAPPED_FROM_OWNER,2026-08-15,VARIANT_MAPPED
mạng fpt chung cư giá,mạng fpt chung cư giá,COMMERCIAL,USE_APARTMENT,/giai-phap/chung-cu/,P1,UNKNOWN,UNKNOWN,UNKNOWN,MAPPED_FROM_OWNER,2026-08-15,VARIANT_MAPPED
mạng fpt chung cư review,mạng fpt chung cư review,COMMERCIAL,USE_APARTMENT,/giai-phap/chung-cu/,P1,UNKNOWN,UNKNOWN,UNKNOWN,MAPPED_FROM_OWNER,2026-08-15,VARIANT_MAPPED
mạng fpt chung cư có tốt không,mạng fpt chung cư có tốt không,COMMERCIAL,USE_APARTMENT,/giai-phap/chung-cu/,P1,UNKNOWN,UNKNOWN,UNKNOWN,MAPPED_FROM_OWNER,2026-08-15,VARIANT_MAPPED
mạng fpt chung cư phù hợp ai,mạng fpt chung cư phù hợp ai,COMMERCIAL,USE_APARTMENT,/giai-phap/chung-cu/,P1,UNKNOWN,UNKNOWN,UNKNOWN,MAPPED_FROM_OWNER,2026-08-15,VARIANT_MAPPED
mạng fpt chung cư nên dùng không,mạng fpt chung cư nên dùng không,COMMERCIAL,USE_APARTMENT,/giai-phap/chung-cu/,P1,UNKNOWN,UNKNOWN,UNKNOWN,MAPPED_FROM_OWNER,2026-08-15,VARIANT_MAPPED
mạng fpt chung cư so sánh,mạng fpt chung cư so sánh,COMMERCIAL,USE_APARTMENT,/giai-phap/chung-cu/,P1,UNKNOWN,UNKNOWN,UNKNOWN,MAPPED_FROM_OWNER,2026-08-15,VARIANT_MAPPED
mạng fpt chung cư đăng ký,mạng fpt chung cư đăng ký,COMMERCIAL,USE_APARTMENT,/giai-phap/chung-cu/,P1,UNKNOWN,UNKNOWN,UNKNOWN,MAPPED_FROM_OWNER,2026-08-15,VARIANT_MAPPED
mạng fpt chung cư mới nhất 2026,mạng fpt chung cư mới nhất 2026,COMMERCIAL,USE_APARTMENT,/giai-phap/chung-cu/,P1,UNKNOWN,UNKNOWN,UNKNOWN,MAPPED_FROM_OWNER,2026-08-15,VARIANT_MAPPED
mạng fpt chung cư bao nhiêu tiền,mạng fpt chung cư bao nhiêu tiền,COMMERCIAL,USE_APARTMENT,/giai-phap/chung-cu/,P1,UNKNOWN,UNKNOWN,UNKNOWN,MAPPED_FROM_OWNER,2026-08-15,VARIANT_MAPPED
internet fpt căn hộ giá,internet fpt căn hộ giá,COMMERCIAL,USE_APARTMENT,/giai-phap/chung-cu/,P1,UNKNOWN,UNKNOWN,UNKNOWN,MAPPED_FROM_OWNER,2026-08-15,VARIANT_MAPPED
internet fpt căn hộ review,internet fpt căn hộ review,COMMERCIAL,USE_APARTMENT,/giai-phap/chung-cu/,P1,UNKNOWN,UNKNOWN,UNKNOWN,MAPPED_FROM_OWNER,2026-08-15,VARIANT_MAPPED
internet fpt căn hộ có tốt không,internet fpt căn hộ có tốt không,COMMERCIAL,USE_APARTMENT,/giai-phap/chung-cu/,P1,UNKNOWN,UNKNOWN,UNKNOWN,MAPPED_FROM_OWNER,2026-08-15,VARIANT_MAPPED
internet fpt căn hộ phù hợp ai,internet fpt căn hộ phù hợp ai,COMMERCIAL,USE_APARTMENT,/giai-phap/chung-cu/,P1,UNKNOWN,UNKNOWN,UNKNOWN,MAPPED_FROM_OWNER,2026-08-15,VARIANT_MAPPED
internet fpt căn hộ nên dùng không,internet fpt căn hộ nên dùng không,COMMERCIAL,USE_APARTMENT,/giai-phap/chung-cu/,P1,UNKNOWN,UNKNOWN,UNKNOWN,MAPPED_FROM_OWNER,2026-08-15,VARIANT_MAPPED
internet fpt căn hộ so sánh,internet fpt căn hộ so sánh,COMMERCIAL,USE_APARTMENT,/giai-phap/chung-cu/,P1,UNKNOWN,UNKNOWN,UNKNOWN,MAPPED_FROM_OWNER,2026-08-15,VARIANT_MAPPED
internet fpt căn hộ đăng ký,internet fpt căn hộ đăng ký,COMMERCIAL,USE_APARTMENT,/giai-phap/chung-cu/,P1,UNKNOWN,UNKNOWN,UNKNOWN,MAPPED_FROM_OWNER,2026-08-15,VARIANT_MAPPED
internet fpt căn hộ mới nhất 2026,internet fpt căn hộ mới nhất 2026,COMMERCIAL,USE_APARTMENT,/giai-phap/chung-cu/,P1,UNKNOWN,UNKNOWN,UNKNOWN,MAPPED_FROM_OWNER,2026-08-15,VARIANT_MAPPED
internet fpt căn hộ bao nhiêu tiền,internet fpt căn hộ bao nhiêu tiền,COMMERCIAL,USE_APARTMENT,/giai-phap/chung-cu/,P1,UNKNOWN,UNKNOWN,UNKNOWN,MAPPED_FROM_OWNER,2026-08-15,VARIANT_MAPPED
mạng fpt cho game thủ review,mạng fpt cho game thủ review,COMMERCIAL,USE_GAME,/giai-phap/game-thu/,P1,UNKNOWN,UNKNOWN,UNKNOWN,MAPPED_FROM_OWNER,2026-08-15,VARIANT_MAPPED
mạng fpt cho game thủ có tốt không,mạng fpt cho game thủ có tốt không,COMMERCIAL,USE_GAME,/giai-phap/game-thu/,P1,UNKNOWN,UNKNOWN,UNKNOWN,MAPPED_FROM_OWNER,2026-08-15,VARIANT_MAPPED
mạng fpt cho game thủ phù hợp ai,mạng fpt cho game thủ phù hợp ai,COMMERCIAL,USE_GAME,/giai-phap/game-thu/,P1,UNKNOWN,UNKNOWN,UNKNOWN,MAPPED_FROM_OWNER,2026-08-15,VARIANT_MAPPED
mạng fpt cho game thủ nên dùng không,mạng fpt cho game thủ nên dùng không,COMMERCIAL,USE_GAME,/giai-phap/game-thu/,P1,UNKNOWN,UNKNOWN,UNKNOWN,MAPPED_FROM_OWNER,2026-08-15,VARIANT_MAPPED
mạng fpt cho game thủ so sánh,mạng fpt cho game thủ so sánh,COMMERCIAL,USE_GAME,/giai-phap/game-thu/,P1,UNKNOWN,UNKNOWN,UNKNOWN,MAPPED_FROM_OWNER,2026-08-15,VARIANT_MAPPED
mạng fpt cho game thủ mới nhất 2026,mạng fpt cho game thủ mới nhất 2026,COMMERCIAL,USE_GAME,/giai-phap/game-thu/,P1,UNKNOWN,UNKNOWN,UNKNOWN,MAPPED_FROM_OWNER,2026-08-15,VARIANT_MAPPED
mạng fpt cho game thủ bao nhiêu tiền,mạng fpt cho game thủ bao nhiêu tiền,COMMERCIAL,USE_GAME,/giai-phap/game-thu/,P1,UNKNOWN,UNKNOWN,UNKNOWN,MAPPED_FROM_OWNER,2026-08-15,VARIANT_MAPPED
mạng fpt chơi game giá,mạng fpt chơi game giá,COMMERCIAL,USE_GAME,/giai-phap/game-thu/,P1,UNKNOWN,UNKNOWN,UNKNOWN,MAPPED_FROM_OWNER,2026-08-15,VARIANT_MAPPED
mạng fpt chơi game review,mạng fpt chơi game review,COMMERCIAL,USE_GAME,/giai-phap/game-thu/,P1,UNKNOWN,UNKNOWN,UNKNOWN,MAPPED_FROM_OWNER,2026-08-15,VARIANT_MAPPED
mạng fpt chơi game có tốt không,mạng fpt chơi game có tốt không,COMMERCIAL,USE_GAME,/giai-phap/game-thu/,P1,UNKNOWN,UNKNOWN,UNKNOWN,MAPPED_FROM_OWNER,2026-08-15,VARIANT_MAPPED
mạng fpt chơi game phù hợp ai,mạng fpt chơi game phù hợp ai,COMMERCIAL,USE_GAME,/giai-phap/game-thu/,P1,UNKNOWN,UNKNOWN,UNKNOWN,MAPPED_FROM_OWNER,2026-08-15,VARIANT_MAPPED
mạng fpt chơi game nên dùng không,mạng fpt chơi game nên dùng không,COMMERCIAL,USE_GAME,/giai-phap/game-thu/,P1,UNKNOWN,UNKNOWN,UNKNOWN,MAPPED_FROM_OWNER,2026-08-15,VARIANT_MAPPED
mạng fpt chơi game so sánh,mạng fpt chơi game so sánh,COMMERCIAL,USE_GAME,/giai-phap/game-thu/,P1,UNKNOWN,UNKNOWN,UNKNOWN,MAPPED_FROM_OWNER,2026-08-15,VARIANT_MAPPED
mạng fpt chơi game đăng ký,mạng fpt chơi game đăng ký,COMMERCIAL,USE_GAME,/giai-phap/game-thu/,P1,UNKNOWN,UNKNOWN,UNKNOWN,MAPPED_FROM_OWNER,2026-08-15,VARIANT_MAPPED
mạng fpt chơi game mới nhất 2026,mạng fpt chơi game mới nhất 2026,COMMERCIAL,USE_GAME,/giai-phap/game-thu/,P1,UNKNOWN,UNKNOWN,UNKNOWN,MAPPED_FROM_OWNER,2026-08-15,VARIANT_MAPPED
mạng fpt chơi game bao nhiêu tiền,mạng fpt chơi game bao nhiêu tiền,COMMERCIAL,USE_GAME,/giai-phap/game-thu/,P1,UNKNOWN,UNKNOWN,UNKNOWN,MAPPED_FROM_OWNER,2026-08-15,VARIANT_MAPPED
internet fpt game thủ giá,internet fpt game thủ giá,COMMERCIAL,USE_GAME,/giai-phap/game-thu/,P1,UNKNOWN,UNKNOWN,UNKNOWN,MAPPED_FROM_OWNER,2026-08-15,VARIANT_MAPPED
internet fpt game thủ review,internet fpt game thủ review,COMMERCIAL,USE_GAME,/giai-phap/game-thu/,P1,UNKNOWN,UNKNOWN,UNKNOWN,MAPPED_FROM_OWNER,2026-08-15,VARIANT_MAPPED
internet fpt game thủ có tốt không,internet fpt game thủ có tốt không,COMMERCIAL,USE_GAME,/giai-phap/game-thu/,P1,UNKNOWN,UNKNOWN,UNKNOWN,MAPPED_FROM_OWNER,2026-08-15,VARIANT_MAPPED
internet fpt game thủ phù hợp ai,internet fpt game thủ phù hợp ai,COMMERCIAL,USE_GAME,/giai-phap/game-thu/,P1,UNKNOWN,UNKNOWN,UNKNOWN,MAPPED_FROM_OWNER,2026-08-15,VARIANT_MAPPED
internet fpt game thủ nên dùng không,internet fpt game thủ nên dùng không,COMMERCIAL,USE_GAME,/giai-phap/game-thu/,P1,UNKNOWN,UNKNOWN,UNKNOWN,MAPPED_FROM_OWNER,2026-08-15,VARIANT_MAPPED
internet fpt game thủ so sánh,internet fpt game thủ so sánh,COMMERCIAL,USE_GAME,/giai-phap/game-thu/,P1,UNKNOWN,UNKNOWN,UNKNOWN,MAPPED_FROM_OWNER,2026-08-15,VARIANT_MAPPED
internet fpt game thủ đăng ký,internet fpt game thủ đăng ký,COMMERCIAL,USE_GAME,/giai-phap/game-thu/,P1,UNKNOWN,UNKNOWN,UNKNOWN,MAPPED_FROM_OWNER,2026-08-15,VARIANT_MAPPED
internet fpt game thủ mới nhất 2026,internet fpt game thủ mới nhất 2026,COMMERCIAL,USE_GAME,/giai-phap/game-thu/,P1,UNKNOWN,UNKNOWN,UNKNOWN,MAPPED_FROM_OWNER,2026-08-15,VARIANT_MAPPED
internet fpt game thủ bao nhiêu tiền,internet fpt game thủ bao nhiêu tiền,COMMERCIAL,USE_GAME,/giai-phap/game-thu/,P1,UNKNOWN,UNKNOWN,UNKNOWN,MAPPED_FROM_OWNER,2026-08-15,VARIANT_MAPPED
mạng fpt cho livestream review,mạng fpt cho livestream review,COMMERCIAL,USE_STREAM,/giai-phap/livestream/,P1,UNKNOWN,UNKNOWN,UNKNOWN,MAPPED_FROM_OWNER,2026-08-15,VARIANT_MAPPED
mạng fpt cho livestream có tốt không,mạng fpt cho livestream có tốt không,COMMERCIAL,USE_STREAM,/giai-phap/livestream/,P1,UNKNOWN,UNKNOWN,UNKNOWN,MAPPED_FROM_OWNER,2026-08-15,VARIANT_MAPPED
mạng fpt cho livestream phù hợp ai,mạng fpt cho livestream phù hợp ai,COMMERCIAL,USE_STREAM,/giai-phap/livestream/,P1,UNKNOWN,UNKNOWN,UNKNOWN,MAPPED_FROM_OWNER,2026-08-15,VARIANT_MAPPED
mạng fpt cho livestream nên dùng không,mạng fpt cho livestream nên dùng không,COMMERCIAL,USE_STREAM,/giai-phap/livestream/,P1,UNKNOWN,UNKNOWN,UNKNOWN,MAPPED_FROM_OWNER,2026-08-15,VARIANT_MAPPED
mạng fpt cho livestream so sánh,mạng fpt cho livestream so sánh,COMMERCIAL,USE_STREAM,/giai-phap/livestream/,P1,UNKNOWN,UNKNOWN,UNKNOWN,MAPPED_FROM_OWNER,2026-08-15,VARIANT_MAPPED
mạng fpt cho livestream mới nhất 2026,mạng fpt cho livestream mới nhất 2026,COMMERCIAL,USE_STREAM,/giai-phap/livestream/,P1,UNKNOWN,UNKNOWN,UNKNOWN,MAPPED_FROM_OWNER,2026-08-15,VARIANT_MAPPED
mạng fpt cho livestream bao nhiêu tiền,mạng fpt cho livestream bao nhiêu tiền,COMMERCIAL,USE_STREAM,/giai-phap/livestream/,P1,UNKNOWN,UNKNOWN,UNKNOWN,MAPPED_FROM_OWNER,2026-08-15,VARIANT_MAPPED
mạng fpt livestream giá,mạng fpt livestream giá,COMMERCIAL,USE_STREAM,/giai-phap/livestream/,P1,UNKNOWN,UNKNOWN,UNKNOWN,MAPPED_FROM_OWNER,2026-08-15,VARIANT_MAPPED
mạng fpt livestream review,mạng fpt livestream review,COMMERCIAL,USE_STREAM,/giai-phap/livestream/,P1,UNKNOWN,UNKNOWN,UNKNOWN,MAPPED_FROM_OWNER,2026-08-15,VARIANT_MAPPED
mạng fpt livestream có tốt không,mạng fpt livestream có tốt không,COMMERCIAL,USE_STREAM,/giai-phap/livestream/,P1,UNKNOWN,UNKNOWN,UNKNOWN,MAPPED_FROM_OWNER,2026-08-15,VARIANT_MAPPED
mạng fpt livestream phù hợp ai,mạng fpt livestream phù hợp ai,COMMERCIAL,USE_STREAM,/giai-phap/livestream/,P1,UNKNOWN,UNKNOWN,UNKNOWN,MAPPED_FROM_OWNER,2026-08-15,VARIANT_MAPPED
mạng fpt livestream nên dùng không,mạng fpt livestream nên dùng không,COMMERCIAL,USE_STREAM,/giai-phap/livestream/,P1,UNKNOWN,UNKNOWN,UNKNOWN,MAPPED_FROM_OWNER,2026-08-15,VARIANT_MAPPED
mạng fpt livestream so sánh,mạng fpt livestream so sánh,COMMERCIAL,USE_STREAM,/giai-phap/livestream/,P1,UNKNOWN,UNKNOWN,UNKNOWN,MAPPED_FROM_OWNER,2026-08-15,VARIANT_MAPPED
mạng fpt livestream đăng ký,mạng fpt livestream đăng ký,COMMERCIAL,USE_STREAM,/giai-phap/livestream/,P1,UNKNOWN,UNKNOWN,UNKNOWN,MAPPED_FROM_OWNER,2026-08-15,VARIANT_MAPPED
mạng fpt livestream mới nhất 2026,mạng fpt livestream mới nhất 2026,COMMERCIAL,USE_STREAM,/giai-phap/livestream/,P1,UNKNOWN,UNKNOWN,UNKNOWN,MAPPED_FROM_OWNER,2026-08-15,VARIANT_MAPPED
mạng fpt livestream bao nhiêu tiền,mạng fpt livestream bao nhiêu tiền,COMMERCIAL,USE_STREAM,/giai-phap/livestream/,P1,UNKNOWN,UNKNOWN,UNKNOWN,MAPPED_FROM_OWNER,2026-08-15,VARIANT_MAPPED
internet upload cao fpt giá,internet upload cao fpt giá,COMMERCIAL,USE_STREAM,/giai-phap/livestream/,P1,UNKNOWN,UNKNOWN,UNKNOWN,MAPPED_FROM_OWNER,2026-08-15,VARIANT_MAPPED
internet upload cao fpt review,internet upload cao fpt review,COMMERCIAL,USE_STREAM,/giai-phap/livestream/,P1,UNKNOWN,UNKNOWN,UNKNOWN,MAPPED_FROM_OWNER,2026-08-15,VARIANT_MAPPED
internet upload cao fpt có tốt không,internet upload cao fpt có tốt không,COMMERCIAL,USE_STREAM,/giai-phap/livestream/,P1,UNKNOWN,UNKNOWN,UNKNOWN,MAPPED_FROM_OWNER,2026-08-15,VARIANT_MAPPED
internet upload cao fpt phù hợp ai,internet upload cao fpt phù hợp ai,COMMERCIAL,USE_STREAM,/giai-phap/livestream/,P1,UNKNOWN,UNKNOWN,UNKNOWN,MAPPED_FROM_OWNER,2026-08-15,VARIANT_MAPPED
internet upload cao fpt nên dùng không,internet upload cao fpt nên dùng không,COMMERCIAL,USE_STREAM,/giai-phap/livestream/,P1,UNKNOWN,UNKNOWN,UNKNOWN,MAPPED_FROM_OWNER,2026-08-15,VARIANT_MAPPED
internet upload cao fpt so sánh,internet upload cao fpt so sánh,COMMERCIAL,USE_STREAM,/giai-phap/livestream/,P1,UNKNOWN,UNKNOWN,UNKNOWN,MAPPED_FROM_OWNER,2026-08-15,VARIANT_MAPPED
internet upload cao fpt đăng ký,internet upload cao fpt đăng ký,COMMERCIAL,USE_STREAM,/giai-phap/livestream/,P1,UNKNOWN,UNKNOWN,UNKNOWN,MAPPED_FROM_OWNER,2026-08-15,VARIANT_MAPPED
internet upload cao fpt mới nhất 2026,internet upload cao fpt mới nhất 2026,COMMERCIAL,USE_STREAM,/giai-phap/livestream/,P1,UNKNOWN,UNKNOWN,UNKNOWN,MAPPED_FROM_OWNER,2026-08-15,VARIANT_MAPPED
internet upload cao fpt bao nhiêu tiền,internet upload cao fpt bao nhiêu tiền,COMMERCIAL,USE_STREAM,/giai-phap/livestream/,P1,UNKNOWN,UNKNOWN,UNKNOWN,MAPPED_FROM_OWNER,2026-08-15,VARIANT_MAPPED
mạng fpt cho camera review,mạng fpt cho camera review,COMMERCIAL,USE_CAMERA,/giai-phap/camera/,P1,UNKNOWN,UNKNOWN,UNKNOWN,MAPPED_FROM_OWNER,2026-08-15,VARIANT_MAPPED
mạng fpt cho camera có tốt không,mạng fpt cho camera có tốt không,COMMERCIAL,USE_CAMERA,/giai-phap/camera/,P1,UNKNOWN,UNKNOWN,UNKNOWN,MAPPED_FROM_OWNER,2026-08-15,VARIANT_MAPPED
mạng fpt cho camera phù hợp ai,mạng fpt cho camera phù hợp ai,COMMERCIAL,USE_CAMERA,/giai-phap/camera/,P1,UNKNOWN,UNKNOWN,UNKNOWN,MAPPED_FROM_OWNER,2026-08-15,VARIANT_MAPPED
mạng fpt cho camera nên dùng không,mạng fpt cho camera nên dùng không,COMMERCIAL,USE_CAMERA,/giai-phap/camera/,P1,UNKNOWN,UNKNOWN,UNKNOWN,MAPPED_FROM_OWNER,2026-08-15,VARIANT_MAPPED
mạng fpt cho camera so sánh,mạng fpt cho camera so sánh,COMMERCIAL,USE_CAMERA,/giai-phap/camera/,P1,UNKNOWN,UNKNOWN,UNKNOWN,MAPPED_FROM_OWNER,2026-08-15,VARIANT_MAPPED
mạng fpt cho camera mới nhất 2026,mạng fpt cho camera mới nhất 2026,COMMERCIAL,USE_CAMERA,/giai-phap/camera/,P1,UNKNOWN,UNKNOWN,UNKNOWN,MAPPED_FROM_OWNER,2026-08-15,VARIANT_MAPPED
mạng fpt cho camera bao nhiêu tiền,mạng fpt cho camera bao nhiêu tiền,COMMERCIAL,USE_CAMERA,/giai-phap/camera/,P1,UNKNOWN,UNKNOWN,UNKNOWN,MAPPED_FROM_OWNER,2026-08-15,VARIANT_MAPPED
wifi cho camera giá,wifi cho camera giá,COMMERCIAL,USE_CAMERA,/giai-phap/camera/,P1,UNKNOWN,UNKNOWN,UNKNOWN,MAPPED_FROM_OWNER,2026-08-15,VARIANT_MAPPED
wifi cho camera review,wifi cho camera review,COMMERCIAL,USE_CAMERA,/giai-phap/camera/,P1,UNKNOWN,UNKNOWN,UNKNOWN,MAPPED_FROM_OWNER,2026-08-15,VARIANT_MAPPED
wifi cho camera có tốt không,wifi cho camera có tốt không,COMMERCIAL,USE_CAMERA,/giai-phap/camera/,P1,UNKNOWN,UNKNOWN,UNKNOWN,MAPPED_FROM_OWNER,2026-08-15,VARIANT_MAPPED
wifi cho camera phù hợp ai,wifi cho camera phù hợp ai,COMMERCIAL,USE_CAMERA,/giai-phap/camera/,P1,UNKNOWN,UNKNOWN,UNKNOWN,MAPPED_FROM_OWNER,2026-08-15,VARIANT_MAPPED
wifi cho camera nên dùng không,wifi cho camera nên dùng không,COMMERCIAL,USE_CAMERA,/giai-phap/camera/,P1,UNKNOWN,UNKNOWN,UNKNOWN,MAPPED_FROM_OWNER,2026-08-15,VARIANT_MAPPED
wifi cho camera so sánh,wifi cho camera so sánh,COMMERCIAL,USE_CAMERA,/giai-phap/camera/,P1,UNKNOWN,UNKNOWN,UNKNOWN,MAPPED_FROM_OWNER,2026-08-15,VARIANT_MAPPED
wifi cho camera đăng ký,wifi cho camera đăng ký,COMMERCIAL,USE_CAMERA,/giai-phap/camera/,P1,UNKNOWN,UNKNOWN,UNKNOWN,MAPPED_FROM_OWNER,2026-08-15,VARIANT_MAPPED
wifi cho camera mới nhất 2026,wifi cho camera mới nhất 2026,COMMERCIAL,USE_CAMERA,/giai-phap/camera/,P1,UNKNOWN,UNKNOWN,UNKNOWN,MAPPED_FROM_OWNER,2026-08-15,VARIANT_MAPPED
wifi cho camera bao nhiêu tiền,wifi cho camera bao nhiêu tiền,COMMERCIAL,USE_CAMERA,/giai-phap/camera/,P1,UNKNOWN,UNKNOWN,UNKNOWN,MAPPED_FROM_OWNER,2026-08-15,VARIANT_MAPPED
mạng fpt cho camera giá giá,mạng fpt cho camera giá giá,COMMERCIAL,USE_CAMERA,/giai-phap/camera/,P1,UNKNOWN,UNKNOWN,UNKNOWN,MAPPED_FROM_OWNER,2026-08-15,VARIANT_MAPPED
mạng fpt cho camera giá review,mạng fpt cho camera giá review,COMMERCIAL,USE_CAMERA,/giai-phap/camera/,P1,UNKNOWN,UNKNOWN,UNKNOWN,MAPPED_FROM_OWNER,2026-08-15,VARIANT_MAPPED
mạng fpt cho camera giá có tốt không,mạng fpt cho camera giá có tốt không,COMMERCIAL,USE_CAMERA,/giai-phap/camera/,P1,UNKNOWN,UNKNOWN,UNKNOWN,MAPPED_FROM_OWNER,2026-08-15,VARIANT_MAPPED
mạng fpt cho camera giá phù hợp ai,mạng fpt cho camera giá phù hợp ai,COMMERCIAL,USE_CAMERA,/giai-phap/camera/,P1,UNKNOWN,UNKNOWN,UNKNOWN,MAPPED_FROM_OWNER,2026-08-15,VARIANT_MAPPED
mạng fpt cho camera giá nên dùng không,mạng fpt cho camera giá nên dùng không,COMMERCIAL,USE_CAMERA,/giai-phap/camera/,P1,UNKNOWN,UNKNOWN,UNKNOWN,MAPPED_FROM_OWNER,2026-08-15,VARIANT_MAPPED
mạng fpt cho camera giá so sánh,mạng fpt cho camera giá so sánh,COMMERCIAL,USE_CAMERA,/giai-phap/camera/,P1,UNKNOWN,UNKNOWN,UNKNOWN,MAPPED_FROM_OWNER,2026-08-15,VARIANT_MAPPED
mạng fpt cho camera giá đăng ký,mạng fpt cho camera giá đăng ký,COMMERCIAL,USE_CAMERA,/giai-phap/camera/,P1,UNKNOWN,UNKNOWN,UNKNOWN,MAPPED_FROM_OWNER,2026-08-15,VARIANT_MAPPED
mạng fpt cho camera giá mới nhất 2026,mạng fpt cho camera giá mới nhất 2026,COMMERCIAL,USE_CAMERA,/giai-phap/camera/,P1,UNKNOWN,UNKNOWN,UNKNOWN,MAPPED_FROM_OWNER,2026-08-15,VARIANT_MAPPED
mạng fpt cho camera giá bao nhiêu tiền,mạng fpt cho camera giá bao nhiêu tiền,COMMERCIAL,USE_CAMERA,/giai-phap/camera/,P1,UNKNOWN,UNKNOWN,UNKNOWN,MAPPED_FROM_OWNER,2026-08-15,VARIANT_MAPPED
internet fpt cho smart home review,internet fpt cho smart home review,COMMERCIAL,USE_SMARTHOME,/giai-phap/smart-home/,P1,UNKNOWN,UNKNOWN,UNKNOWN,MAPPED_FROM_OWNER,2026-08-15,VARIANT_MAPPED
internet fpt cho smart home có tốt không,internet fpt cho smart home có tốt không,COMMERCIAL,USE_SMARTHOME,/giai-phap/smart-home/,P1,UNKNOWN,UNKNOWN,UNKNOWN,MAPPED_FROM_OWNER,2026-08-15,VARIANT_MAPPED
internet fpt cho smart home phù hợp ai,internet fpt cho smart home phù hợp ai,COMMERCIAL,USE_SMARTHOME,/giai-phap/smart-home/,P1,UNKNOWN,UNKNOWN,UNKNOWN,MAPPED_FROM_OWNER,2026-08-15,VARIANT_MAPPED
internet fpt cho smart home nên dùng không,internet fpt cho smart home nên dùng không,COMMERCIAL,USE_SMARTHOME,/giai-phap/smart-home/,P1,UNKNOWN,UNKNOWN,UNKNOWN,MAPPED_FROM_OWNER,2026-08-15,VARIANT_MAPPED
internet fpt cho smart home so sánh,internet fpt cho smart home so sánh,COMMERCIAL,USE_SMARTHOME,/giai-phap/smart-home/,P1,UNKNOWN,UNKNOWN,UNKNOWN,MAPPED_FROM_OWNER,2026-08-15,VARIANT_MAPPED
internet fpt cho smart home mới nhất 2026,internet fpt cho smart home mới nhất 2026,COMMERCIAL,USE_SMARTHOME,/giai-phap/smart-home/,P1,UNKNOWN,UNKNOWN,UNKNOWN,MAPPED_FROM_OWNER,2026-08-15,VARIANT_MAPPED
internet fpt cho smart home bao nhiêu tiền,internet fpt cho smart home bao nhiêu tiền,COMMERCIAL,USE_SMARTHOME,/giai-phap/smart-home/,P1,UNKNOWN,UNKNOWN,UNKNOWN,MAPPED_FROM_OWNER,2026-08-15,VARIANT_MAPPED
internet fpt smart home giá,internet fpt smart home giá,COMMERCIAL,USE_SMARTHOME,/giai-phap/smart-home/,P1,UNKNOWN,UNKNOWN,UNKNOWN,MAPPED_FROM_OWNER,2026-08-15,VARIANT_MAPPED
internet fpt smart home review,internet fpt smart home review,COMMERCIAL,USE_SMARTHOME,/giai-phap/smart-home/,P1,UNKNOWN,UNKNOWN,UNKNOWN,MAPPED_FROM_OWNER,2026-08-15,VARIANT_MAPPED
internet fpt smart home có tốt không,internet fpt smart home có tốt không,COMMERCIAL,USE_SMARTHOME,/giai-phap/smart-home/,P1,UNKNOWN,UNKNOWN,UNKNOWN,MAPPED_FROM_OWNER,2026-08-15,VARIANT_MAPPED
internet fpt smart home phù hợp ai,internet fpt smart home phù hợp ai,COMMERCIAL,USE_SMARTHOME,/giai-phap/smart-home/,P1,UNKNOWN,UNKNOWN,UNKNOWN,MAPPED_FROM_OWNER,2026-08-15,VARIANT_MAPPED
internet fpt smart home nên dùng không,internet fpt smart home nên dùng không,COMMERCIAL,USE_SMARTHOME,/giai-phap/smart-home/,P1,UNKNOWN,UNKNOWN,UNKNOWN,MAPPED_FROM_OWNER,2026-08-15,VARIANT_MAPPED
internet fpt smart home so sánh,internet fpt smart home so sánh,COMMERCIAL,USE_SMARTHOME,/giai-phap/smart-home/,P1,UNKNOWN,UNKNOWN,UNKNOWN,MAPPED_FROM_OWNER,2026-08-15,VARIANT_MAPPED
internet fpt smart home đăng ký,internet fpt smart home đăng ký,COMMERCIAL,USE_SMARTHOME,/giai-phap/smart-home/,P1,UNKNOWN,UNKNOWN,UNKNOWN,MAPPED_FROM_OWNER,2026-08-15,VARIANT_MAPPED
internet fpt smart home mới nhất 2026,internet fpt smart home mới nhất 2026,COMMERCIAL,USE_SMARTHOME,/giai-phap/smart-home/,P1,UNKNOWN,UNKNOWN,UNKNOWN,MAPPED_FROM_OWNER,2026-08-15,VARIANT_MAPPED
internet fpt smart home bao nhiêu tiền,internet fpt smart home bao nhiêu tiền,COMMERCIAL,USE_SMARTHOME,/giai-phap/smart-home/,P1,UNKNOWN,UNKNOWN,UNKNOWN,MAPPED_FROM_OWNER,2026-08-15,VARIANT_MAPPED
wifi fpt nhiều thiết bị giá,wifi fpt nhiều thiết bị giá,COMMERCIAL,USE_SMARTHOME,/giai-phap/smart-home/,P1,UNKNOWN,UNKNOWN,UNKNOWN,MAPPED_FROM_OWNER,2026-08-15,VARIANT_MAPPED
wifi fpt nhiều thiết bị review,wifi fpt nhiều thiết bị review,COMMERCIAL,USE_SMARTHOME,/giai-phap/smart-home/,P1,UNKNOWN,UNKNOWN,UNKNOWN,MAPPED_FROM_OWNER,2026-08-15,VARIANT_MAPPED
wifi fpt nhiều thiết bị có tốt không,wifi fpt nhiều thiết bị có tốt không,COMMERCIAL,USE_SMARTHOME,/giai-phap/smart-home/,P1,UNKNOWN,UNKNOWN,UNKNOWN,MAPPED_FROM_OWNER,2026-08-15,VARIANT_MAPPED
wifi fpt nhiều thiết bị phù hợp ai,wifi fpt nhiều thiết bị phù hợp ai,COMMERCIAL,USE_SMARTHOME,/giai-phap/smart-home/,P1,UNKNOWN,UNKNOWN,UNKNOWN,MAPPED_FROM_OWNER,2026-08-15,VARIANT_MAPPED
wifi fpt nhiều thiết bị nên dùng không,wifi fpt nhiều thiết bị nên dùng không,COMMERCIAL,USE_SMARTHOME,/giai-phap/smart-home/,P1,UNKNOWN,UNKNOWN,UNKNOWN,MAPPED_FROM_OWNER,2026-08-15,VARIANT_MAPPED
wifi fpt nhiều thiết bị so sánh,wifi fpt nhiều thiết bị so sánh,COMMERCIAL,USE_SMARTHOME,/giai-phap/smart-home/,P1,UNKNOWN,UNKNOWN,UNKNOWN,MAPPED_FROM_OWNER,2026-08-15,VARIANT_MAPPED
wifi fpt nhiều thiết bị đăng ký,wifi fpt nhiều thiết bị đăng ký,COMMERCIAL,USE_SMARTHOME,/giai-phap/smart-home/,P1,UNKNOWN,UNKNOWN,UNKNOWN,MAPPED_FROM_OWNER,2026-08-15,VARIANT_MAPPED
wifi fpt nhiều thiết bị mới nhất 2026,wifi fpt nhiều thiết bị mới nhất 2026,COMMERCIAL,USE_SMARTHOME,/giai-phap/smart-home/,P1,UNKNOWN,UNKNOWN,UNKNOWN,MAPPED_FROM_OWNER,2026-08-15,VARIANT_MAPPED
wifi fpt nhiều thiết bị bao nhiêu tiền,wifi fpt nhiều thiết bị bao nhiêu tiền,COMMERCIAL,USE_SMARTHOME,/giai-phap/smart-home/,P1,UNKNOWN,UNKNOWN,UNKNOWN,MAPPED_FROM_OWNER,2026-08-15,VARIANT_MAPPED
mạng fpt cho văn phòng review,mạng fpt cho văn phòng review,COMMERCIAL,USE_OFFICE,/giai-phap/van-phong/,P1,UNKNOWN,UNKNOWN,UNKNOWN,MAPPED_FROM_OWNER,2026-08-15,VARIANT_MAPPED
mạng fpt cho văn phòng có tốt không,mạng fpt cho văn phòng có tốt không,COMMERCIAL,USE_OFFICE,/giai-phap/van-phong/,P1,UNKNOWN,UNKNOWN,UNKNOWN,MAPPED_FROM_OWNER,2026-08-15,VARIANT_MAPPED
mạng fpt cho văn phòng phù hợp ai,mạng fpt cho văn phòng phù hợp ai,COMMERCIAL,USE_OFFICE,/giai-phap/van-phong/,P1,UNKNOWN,UNKNOWN,UNKNOWN,MAPPED_FROM_OWNER,2026-08-15,VARIANT_MAPPED
mạng fpt cho văn phòng nên dùng không,mạng fpt cho văn phòng nên dùng không,COMMERCIAL,USE_OFFICE,/giai-phap/van-phong/,P1,UNKNOWN,UNKNOWN,UNKNOWN,MAPPED_FROM_OWNER,2026-08-15,VARIANT_MAPPED
mạng fpt cho văn phòng so sánh,mạng fpt cho văn phòng so sánh,COMMERCIAL,USE_OFFICE,/giai-phap/van-phong/,P1,UNKNOWN,UNKNOWN,UNKNOWN,MAPPED_FROM_OWNER,2026-08-15,VARIANT_MAPPED
mạng fpt cho văn phòng mới nhất 2026,mạng fpt cho văn phòng mới nhất 2026,COMMERCIAL,USE_OFFICE,/giai-phap/van-phong/,P1,UNKNOWN,UNKNOWN,UNKNOWN,MAPPED_FROM_OWNER,2026-08-15,VARIANT_MAPPED
mạng fpt cho văn phòng bao nhiêu tiền,mạng fpt cho văn phòng bao nhiêu tiền,COMMERCIAL,USE_OFFICE,/giai-phap/van-phong/,P1,UNKNOWN,UNKNOWN,UNKNOWN,MAPPED_FROM_OWNER,2026-08-15,VARIANT_MAPPED
mạng fpt văn phòng giá,mạng fpt văn phòng giá,COMMERCIAL,USE_OFFICE,/giai-phap/van-phong/,P1,UNKNOWN,UNKNOWN,UNKNOWN,MAPPED_FROM_OWNER,2026-08-15,VARIANT_MAPPED
mạng fpt văn phòng review,mạng fpt văn phòng review,COMMERCIAL,USE_OFFICE,/giai-phap/van-phong/,P1,UNKNOWN,UNKNOWN,UNKNOWN,MAPPED_FROM_OWNER,2026-08-15,VARIANT_MAPPED
mạng fpt văn phòng có tốt không,mạng fpt văn phòng có tốt không,COMMERCIAL,USE_OFFICE,/giai-phap/van-phong/,P1,UNKNOWN,UNKNOWN,UNKNOWN,MAPPED_FROM_OWNER,2026-08-15,VARIANT_MAPPED
mạng fpt văn phòng phù hợp ai,mạng fpt văn phòng phù hợp ai,COMMERCIAL,USE_OFFICE,/giai-phap/van-phong/,P1,UNKNOWN,UNKNOWN,UNKNOWN,MAPPED_FROM_OWNER,2026-08-15,VARIANT_MAPPED
mạng fpt văn phòng nên dùng không,mạng fpt văn phòng nên dùng không,COMMERCIAL,USE_OFFICE,/giai-phap/van-phong/,P1,UNKNOWN,UNKNOWN,UNKNOWN,MAPPED_FROM_OWNER,2026-08-15,VARIANT_MAPPED
mạng fpt văn phòng so sánh,mạng fpt văn phòng so sánh,COMMERCIAL,USE_OFFICE,/giai-phap/van-phong/,P1,UNKNOWN,UNKNOWN,UNKNOWN,MAPPED_FROM_OWNER,2026-08-15,VARIANT_MAPPED
mạng fpt văn phòng đăng ký,mạng fpt văn phòng đăng ký,COMMERCIAL,USE_OFFICE,/giai-phap/van-phong/,P1,UNKNOWN,UNKNOWN,UNKNOWN,MAPPED_FROM_OWNER,2026-08-15,VARIANT_MAPPED
mạng fpt văn phòng mới nhất 2026,mạng fpt văn phòng mới nhất 2026,COMMERCIAL,USE_OFFICE,/giai-phap/van-phong/,P1,UNKNOWN,UNKNOWN,UNKNOWN,MAPPED_FROM_OWNER,2026-08-15,VARIANT_MAPPED
mạng fpt văn phòng bao nhiêu tiền,mạng fpt văn phòng bao nhiêu tiền,COMMERCIAL,USE_OFFICE,/giai-phap/van-phong/,P1,UNKNOWN,UNKNOWN,UNKNOWN,MAPPED_FROM_OWNER,2026-08-15,VARIANT_MAPPED
internet fpt văn phòng giá,internet fpt văn phòng giá,COMMERCIAL,USE_OFFICE,/giai-phap/van-phong/,P1,UNKNOWN,UNKNOWN,UNKNOWN,MAPPED_FROM_OWNER,2026-08-15,VARIANT_MAPPED
internet fpt văn phòng review,internet fpt văn phòng review,COMMERCIAL,USE_OFFICE,/giai-phap/van-phong/,P1,UNKNOWN,UNKNOWN,UNKNOWN,MAPPED_FROM_OWNER,2026-08-15,VARIANT_MAPPED
internet fpt văn phòng có tốt không,internet fpt văn phòng có tốt không,COMMERCIAL,USE_OFFICE,/giai-phap/van-phong/,P1,UNKNOWN,UNKNOWN,UNKNOWN,MAPPED_FROM_OWNER,2026-08-15,VARIANT_MAPPED
internet fpt văn phòng phù hợp ai,internet fpt văn phòng phù hợp ai,COMMERCIAL,USE_OFFICE,/giai-phap/van-phong/,P1,UNKNOWN,UNKNOWN,UNKNOWN,MAPPED_FROM_OWNER,2026-08-15,VARIANT_MAPPED
internet fpt văn phòng nên dùng không,internet fpt văn phòng nên dùng không,COMMERCIAL,USE_OFFICE,/giai-phap/van-phong/,P1,UNKNOWN,UNKNOWN,UNKNOWN,MAPPED_FROM_OWNER,2026-08-15,VARIANT_MAPPED
internet fpt văn phòng so sánh,internet fpt văn phòng so sánh,COMMERCIAL,USE_OFFICE,/giai-phap/van-phong/,P1,UNKNOWN,UNKNOWN,UNKNOWN,MAPPED_FROM_OWNER,2026-08-15,VARIANT_MAPPED
internet fpt văn phòng đăng ký,internet fpt văn phòng đăng ký,COMMERCIAL,USE_OFFICE,/giai-phap/van-phong/,P1,UNKNOWN,UNKNOWN,UNKNOWN,MAPPED_FROM_OWNER,2026-08-15,VARIANT_MAPPED
internet fpt văn phòng mới nhất 2026,internet fpt văn phòng mới nhất 2026,COMMERCIAL,USE_OFFICE,/giai-phap/van-phong/,P1,UNKNOWN,UNKNOWN,UNKNOWN,MAPPED_FROM_OWNER,2026-08-15,VARIANT_MAPPED
internet fpt văn phòng bao nhiêu tiền,internet fpt văn phòng bao nhiêu tiền,COMMERCIAL,USE_OFFICE,/giai-phap/van-phong/,P1,UNKNOWN,UNKNOWN,UNKNOWN,MAPPED_FROM_OWNER,2026-08-15,VARIANT_MAPPED
mạng fpt cho doanh nghiệp nhỏ review,mạng fpt cho doanh nghiệp nhỏ review,COMMERCIAL,USE_SME,/giai-phap/doanh-nghiep-nho/,P1,UNKNOWN,UNKNOWN,UNKNOWN,MAPPED_FROM_OWNER,2026-08-15,VARIANT_MAPPED
mạng fpt cho doanh nghiệp nhỏ có tốt không,mạng fpt cho doanh nghiệp nhỏ có tốt không,COMMERCIAL,USE_SME,/giai-phap/doanh-nghiep-nho/,P1,UNKNOWN,UNKNOWN,UNKNOWN,MAPPED_FROM_OWNER,2026-08-15,VARIANT_MAPPED
mạng fpt cho doanh nghiệp nhỏ phù hợp ai,mạng fpt cho doanh nghiệp nhỏ phù hợp ai,COMMERCIAL,USE_SME,/giai-phap/doanh-nghiep-nho/,P1,UNKNOWN,UNKNOWN,UNKNOWN,MAPPED_FROM_OWNER,2026-08-15,VARIANT_MAPPED
mạng fpt cho doanh nghiệp nhỏ nên dùng không,mạng fpt cho doanh nghiệp nhỏ nên dùng không,COMMERCIAL,USE_SME,/giai-phap/doanh-nghiep-nho/,P1,UNKNOWN,UNKNOWN,UNKNOWN,MAPPED_FROM_OWNER,2026-08-15,VARIANT_MAPPED
mạng fpt cho doanh nghiệp nhỏ so sánh,mạng fpt cho doanh nghiệp nhỏ so sánh,COMMERCIAL,USE_SME,/giai-phap/doanh-nghiep-nho/,P1,UNKNOWN,UNKNOWN,UNKNOWN,MAPPED_FROM_OWNER,2026-08-15,VARIANT_MAPPED
mạng fpt cho doanh nghiệp nhỏ mới nhất 2026,mạng fpt cho doanh nghiệp nhỏ mới nhất 2026,COMMERCIAL,USE_SME,/giai-phap/doanh-nghiep-nho/,P1,UNKNOWN,UNKNOWN,UNKNOWN,MAPPED_FROM_OWNER,2026-08-15,VARIANT_MAPPED
mạng fpt cho doanh nghiệp nhỏ bao nhiêu tiền,mạng fpt cho doanh nghiệp nhỏ bao nhiêu tiền,COMMERCIAL,USE_SME,/giai-phap/doanh-nghiep-nho/,P1,UNKNOWN,UNKNOWN,UNKNOWN,MAPPED_FROM_OWNER,2026-08-15,VARIANT_MAPPED
internet fpt doanh nghiệp nhỏ giá,internet fpt doanh nghiệp nhỏ giá,COMMERCIAL,USE_SME,/giai-phap/doanh-nghiep-nho/,P1,UNKNOWN,UNKNOWN,UNKNOWN,MAPPED_FROM_OWNER,2026-08-15,VARIANT_MAPPED
internet fpt doanh nghiệp nhỏ review,internet fpt doanh nghiệp nhỏ review,COMMERCIAL,USE_SME,/giai-phap/doanh-nghiep-nho/,P1,UNKNOWN,UNKNOWN,UNKNOWN,MAPPED_FROM_OWNER,2026-08-15,VARIANT_MAPPED
internet fpt doanh nghiệp nhỏ có tốt không,internet fpt doanh nghiệp nhỏ có tốt không,COMMERCIAL,USE_SME,/giai-phap/doanh-nghiep-nho/,P1,UNKNOWN,UNKNOWN,UNKNOWN,MAPPED_FROM_OWNER,2026-08-15,VARIANT_MAPPED
internet fpt doanh nghiệp nhỏ phù hợp ai,internet fpt doanh nghiệp nhỏ phù hợp ai,COMMERCIAL,USE_SME,/giai-phap/doanh-nghiep-nho/,P1,UNKNOWN,UNKNOWN,UNKNOWN,MAPPED_FROM_OWNER,2026-08-15,VARIANT_MAPPED
internet fpt doanh nghiệp nhỏ nên dùng không,internet fpt doanh nghiệp nhỏ nên dùng không,COMMERCIAL,USE_SME,/giai-phap/doanh-nghiep-nho/,P1,UNKNOWN,UNKNOWN,UNKNOWN,MAPPED_FROM_OWNER,2026-08-15,VARIANT_MAPPED
internet fpt doanh nghiệp nhỏ so sánh,internet fpt doanh nghiệp nhỏ so sánh,COMMERCIAL,USE_SME,/giai-phap/doanh-nghiep-nho/,P1,UNKNOWN,UNKNOWN,UNKNOWN,MAPPED_FROM_OWNER,2026-08-15,VARIANT_MAPPED
internet fpt doanh nghiệp nhỏ đăng ký,internet fpt doanh nghiệp nhỏ đăng ký,COMMERCIAL,USE_SME,/giai-phap/doanh-nghiep-nho/,P1,UNKNOWN,UNKNOWN,UNKNOWN,MAPPED_FROM_OWNER,2026-08-15,VARIANT_MAPPED
internet fpt doanh nghiệp nhỏ mới nhất 2026,internet fpt doanh nghiệp nhỏ mới nhất 2026,COMMERCIAL,USE_SME,/giai-phap/doanh-nghiep-nho/,P1,UNKNOWN,UNKNOWN,UNKNOWN,MAPPED_FROM_OWNER,2026-08-15,VARIANT_MAPPED
internet fpt doanh nghiệp nhỏ bao nhiêu tiền,internet fpt doanh nghiệp nhỏ bao nhiêu tiền,COMMERCIAL,USE_SME,/giai-phap/doanh-nghiep-nho/,P1,UNKNOWN,UNKNOWN,UNKNOWN,MAPPED_FROM_OWNER,2026-08-15,VARIANT_MAPPED
mạng fpt công ty giá,mạng fpt công ty giá,COMMERCIAL,USE_SME,/giai-phap/doanh-nghiep-nho/,P1,UNKNOWN,UNKNOWN,UNKNOWN,MAPPED_FROM_OWNER,2026-08-15,VARIANT_MAPPED
mạng fpt công ty review,mạng fpt công ty review,COMMERCIAL,USE_SME,/giai-phap/doanh-nghiep-nho/,P1,UNKNOWN,UNKNOWN,UNKNOWN,MAPPED_FROM_OWNER,2026-08-15,VARIANT_MAPPED
mạng fpt công ty có tốt không,mạng fpt công ty có tốt không,COMMERCIAL,USE_SME,/giai-phap/doanh-nghiep-nho/,P1,UNKNOWN,UNKNOWN,UNKNOWN,MAPPED_FROM_OWNER,2026-08-15,VARIANT_MAPPED
mạng fpt công ty phù hợp ai,mạng fpt công ty phù hợp ai,COMMERCIAL,USE_SME,/giai-phap/doanh-nghiep-nho/,P1,UNKNOWN,UNKNOWN,UNKNOWN,MAPPED_FROM_OWNER,2026-08-15,VARIANT_MAPPED
mạng fpt công ty nên dùng không,mạng fpt công ty nên dùng không,COMMERCIAL,USE_SME,/giai-phap/doanh-nghiep-nho/,P1,UNKNOWN,UNKNOWN,UNKNOWN,MAPPED_FROM_OWNER,2026-08-15,VARIANT_MAPPED
mạng fpt công ty so sánh,mạng fpt công ty so sánh,COMMERCIAL,USE_SME,/giai-phap/doanh-nghiep-nho/,P1,UNKNOWN,UNKNOWN,UNKNOWN,MAPPED_FROM_OWNER,2026-08-15,VARIANT_MAPPED
mạng fpt công ty đăng ký,mạng fpt công ty đăng ký,COMMERCIAL,USE_SME,/giai-phap/doanh-nghiep-nho/,P1,UNKNOWN,UNKNOWN,UNKNOWN,MAPPED_FROM_OWNER,2026-08-15,VARIANT_MAPPED
mạng fpt công ty mới nhất 2026,mạng fpt công ty mới nhất 2026,COMMERCIAL,USE_SME,/giai-phap/doanh-nghiep-nho/,P1,UNKNOWN,UNKNOWN,UNKNOWN,MAPPED_FROM_OWNER,2026-08-15,VARIANT_MAPPED
mạng fpt công ty bao nhiêu tiền,mạng fpt công ty bao nhiêu tiền,COMMERCIAL,USE_SME,/giai-phap/doanh-nghiep-nho/,P1,UNKNOWN,UNKNOWN,UNKNOWN,MAPPED_FROM_OWNER,2026-08-15,VARIANT_MAPPED
mạng fpt cho quán cafe review,mạng fpt cho quán cafe review,COMMERCIAL,USE_CAFE,/giai-phap/quan-cafe/,P1,UNKNOWN,UNKNOWN,UNKNOWN,MAPPED_FROM_OWNER,2026-08-15,VARIANT_MAPPED
mạng fpt cho quán cafe có tốt không,mạng fpt cho quán cafe có tốt không,COMMERCIAL,USE_CAFE,/giai-phap/quan-cafe/,P1,UNKNOWN,UNKNOWN,UNKNOWN,MAPPED_FROM_OWNER,2026-08-15,VARIANT_MAPPED
mạng fpt cho quán cafe phù hợp ai,mạng fpt cho quán cafe phù hợp ai,COMMERCIAL,USE_CAFE,/giai-phap/quan-cafe/,P1,UNKNOWN,UNKNOWN,UNKNOWN,MAPPED_FROM_OWNER,2026-08-15,VARIANT_MAPPED
mạng fpt cho quán cafe nên dùng không,mạng fpt cho quán cafe nên dùng không,COMMERCIAL,USE_CAFE,/giai-phap/quan-cafe/,P1,UNKNOWN,UNKNOWN,UNKNOWN,MAPPED_FROM_OWNER,2026-08-15,VARIANT_MAPPED
mạng fpt cho quán cafe so sánh,mạng fpt cho quán cafe so sánh,COMMERCIAL,USE_CAFE,/giai-phap/quan-cafe/,P1,UNKNOWN,UNKNOWN,UNKNOWN,MAPPED_FROM_OWNER,2026-08-15,VARIANT_MAPPED
mạng fpt cho quán cafe mới nhất 2026,mạng fpt cho quán cafe mới nhất 2026,COMMERCIAL,USE_CAFE,/giai-phap/quan-cafe/,P1,UNKNOWN,UNKNOWN,UNKNOWN,MAPPED_FROM_OWNER,2026-08-15,VARIANT_MAPPED
mạng fpt cho quán cafe bao nhiêu tiền,mạng fpt cho quán cafe bao nhiêu tiền,COMMERCIAL,USE_CAFE,/giai-phap/quan-cafe/,P1,UNKNOWN,UNKNOWN,UNKNOWN,MAPPED_FROM_OWNER,2026-08-15,VARIANT_MAPPED
mạng fpt quán cafe giá,mạng fpt quán cafe giá,COMMERCIAL,USE_CAFE,/giai-phap/quan-cafe/,P1,UNKNOWN,UNKNOWN,UNKNOWN,MAPPED_FROM_OWNER,2026-08-15,VARIANT_MAPPED
mạng fpt quán cafe review,mạng fpt quán cafe review,COMMERCIAL,USE_CAFE,/giai-phap/quan-cafe/,P1,UNKNOWN,UNKNOWN,UNKNOWN,MAPPED_FROM_OWNER,2026-08-15,VARIANT_MAPPED
mạng fpt quán cafe có tốt không,mạng fpt quán cafe có tốt không,COMMERCIAL,USE_CAFE,/giai-phap/quan-cafe/,P1,UNKNOWN,UNKNOWN,UNKNOWN,MAPPED_FROM_OWNER,2026-08-15,VARIANT_MAPPED
mạng fpt quán cafe phù hợp ai,mạng fpt quán cafe phù hợp ai,COMMERCIAL,USE_CAFE,/giai-phap/quan-cafe/,P1,UNKNOWN,UNKNOWN,UNKNOWN,MAPPED_FROM_OWNER,2026-08-15,VARIANT_MAPPED
mạng fpt quán cafe nên dùng không,mạng fpt quán cafe nên dùng không,COMMERCIAL,USE_CAFE,/giai-phap/quan-cafe/,P1,UNKNOWN,UNKNOWN,UNKNOWN,MAPPED_FROM_OWNER,2026-08-15,VARIANT_MAPPED
mạng fpt quán cafe so sánh,mạng fpt quán cafe so sánh,COMMERCIAL,USE_CAFE,/giai-phap/quan-cafe/,P1,UNKNOWN,UNKNOWN,UNKNOWN,MAPPED_FROM_OWNER,2026-08-15,VARIANT_MAPPED
mạng fpt quán cafe đăng ký,mạng fpt quán cafe đăng ký,COMMERCIAL,USE_CAFE,/giai-phap/quan-cafe/,P1,UNKNOWN,UNKNOWN,UNKNOWN,MAPPED_FROM_OWNER,2026-08-15,VARIANT_MAPPED
mạng fpt quán cafe mới nhất 2026,mạng fpt quán cafe mới nhất 2026,COMMERCIAL,USE_CAFE,/giai-phap/quan-cafe/,P1,UNKNOWN,UNKNOWN,UNKNOWN,MAPPED_FROM_OWNER,2026-08-15,VARIANT_MAPPED
mạng fpt quán cafe bao nhiêu tiền,mạng fpt quán cafe bao nhiêu tiền,COMMERCIAL,USE_CAFE,/giai-phap/quan-cafe/,P1,UNKNOWN,UNKNOWN,UNKNOWN,MAPPED_FROM_OWNER,2026-08-15,VARIANT_MAPPED
wifi quán cafe fpt giá,wifi quán cafe fpt giá,COMMERCIAL,USE_CAFE,/giai-phap/quan-cafe/,P1,UNKNOWN,UNKNOWN,UNKNOWN,MAPPED_FROM_OWNER,2026-08-15,VARIANT_MAPPED
wifi quán cafe fpt review,wifi quán cafe fpt review,COMMERCIAL,USE_CAFE,/giai-phap/quan-cafe/,P1,UNKNOWN,UNKNOWN,UNKNOWN,MAPPED_FROM_OWNER,2026-08-15,VARIANT_MAPPED
wifi quán cafe fpt có tốt không,wifi quán cafe fpt có tốt không,COMMERCIAL,USE_CAFE,/giai-phap/quan-cafe/,P1,UNKNOWN,UNKNOWN,UNKNOWN,MAPPED_FROM_OWNER,2026-08-15,VARIANT_MAPPED
wifi quán cafe fpt phù hợp ai,wifi quán cafe fpt phù hợp ai,COMMERCIAL,USE_CAFE,/giai-phap/quan-cafe/,P1,UNKNOWN,UNKNOWN,UNKNOWN,MAPPED_FROM_OWNER,2026-08-15,VARIANT_MAPPED
wifi quán cafe fpt nên dùng không,wifi quán cafe fpt nên dùng không,COMMERCIAL,USE_CAFE,/giai-phap/quan-cafe/,P1,UNKNOWN,UNKNOWN,UNKNOWN,MAPPED_FROM_OWNER,2026-08-15,VARIANT_MAPPED
wifi quán cafe fpt so sánh,wifi quán cafe fpt so sánh,COMMERCIAL,USE_CAFE,/giai-phap/quan-cafe/,P1,UNKNOWN,UNKNOWN,UNKNOWN,MAPPED_FROM_OWNER,2026-08-15,VARIANT_MAPPED
wifi quán cafe fpt đăng ký,wifi quán cafe fpt đăng ký,COMMERCIAL,USE_CAFE,/giai-phap/quan-cafe/,P1,UNKNOWN,UNKNOWN,UNKNOWN,MAPPED_FROM_OWNER,2026-08-15,VARIANT_MAPPED
wifi quán cafe fpt mới nhất 2026,wifi quán cafe fpt mới nhất 2026,COMMERCIAL,USE_CAFE,/giai-phap/quan-cafe/,P1,UNKNOWN,UNKNOWN,UNKNOWN,MAPPED_FROM_OWNER,2026-08-15,VARIANT_MAPPED
wifi quán cafe fpt bao nhiêu tiền,wifi quán cafe fpt bao nhiêu tiền,COMMERCIAL,USE_CAFE,/giai-phap/quan-cafe/,P1,UNKNOWN,UNKNOWN,UNKNOWN,MAPPED_FROM_OWNER,2026-08-15,VARIANT_MAPPED
mạng fpt cho homestay review,mạng fpt cho homestay review,COMMERCIAL,USE_HOMESTAY,/giai-phap/homestay/,P1,UNKNOWN,UNKNOWN,UNKNOWN,MAPPED_FROM_OWNER,2026-08-15,VARIANT_MAPPED
mạng fpt cho homestay có tốt không,mạng fpt cho homestay có tốt không,COMMERCIAL,USE_HOMESTAY,/giai-phap/homestay/,P1,UNKNOWN,UNKNOWN,UNKNOWN,MAPPED_FROM_OWNER,2026-08-15,VARIANT_MAPPED
mạng fpt cho homestay phù hợp ai,mạng fpt cho homestay phù hợp ai,COMMERCIAL,USE_HOMESTAY,/giai-phap/homestay/,P1,UNKNOWN,UNKNOWN,UNKNOWN,MAPPED_FROM_OWNER,2026-08-15,VARIANT_MAPPED
mạng fpt cho homestay nên dùng không,mạng fpt cho homestay nên dùng không,COMMERCIAL,USE_HOMESTAY,/giai-phap/homestay/,P1,UNKNOWN,UNKNOWN,UNKNOWN,MAPPED_FROM_OWNER,2026-08-15,VARIANT_MAPPED
mạng fpt cho homestay so sánh,mạng fpt cho homestay so sánh,COMMERCIAL,USE_HOMESTAY,/giai-phap/homestay/,P1,UNKNOWN,UNKNOWN,UNKNOWN,MAPPED_FROM_OWNER,2026-08-15,VARIANT_MAPPED
mạng fpt cho homestay mới nhất 2026,mạng fpt cho homestay mới nhất 2026,COMMERCIAL,USE_HOMESTAY,/giai-phap/homestay/,P1,UNKNOWN,UNKNOWN,UNKNOWN,MAPPED_FROM_OWNER,2026-08-15,VARIANT_MAPPED
mạng fpt cho homestay bao nhiêu tiền,mạng fpt cho homestay bao nhiêu tiền,COMMERCIAL,USE_HOMESTAY,/giai-phap/homestay/,P1,UNKNOWN,UNKNOWN,UNKNOWN,MAPPED_FROM_OWNER,2026-08-15,VARIANT_MAPPED
wifi fpt homestay giá,wifi fpt homestay giá,COMMERCIAL,USE_HOMESTAY,/giai-phap/homestay/,P1,UNKNOWN,UNKNOWN,UNKNOWN,MAPPED_FROM_OWNER,2026-08-15,VARIANT_MAPPED
wifi fpt homestay review,wifi fpt homestay review,COMMERCIAL,USE_HOMESTAY,/giai-phap/homestay/,P1,UNKNOWN,UNKNOWN,UNKNOWN,MAPPED_FROM_OWNER,2026-08-15,VARIANT_MAPPED
wifi fpt homestay có tốt không,wifi fpt homestay có tốt không,COMMERCIAL,USE_HOMESTAY,/giai-phap/homestay/,P1,UNKNOWN,UNKNOWN,UNKNOWN,MAPPED_FROM_OWNER,2026-08-15,VARIANT_MAPPED
wifi fpt homestay phù hợp ai,wifi fpt homestay phù hợp ai,COMMERCIAL,USE_HOMESTAY,/giai-phap/homestay/,P1,UNKNOWN,UNKNOWN,UNKNOWN,MAPPED_FROM_OWNER,2026-08-15,VARIANT_MAPPED
wifi fpt homestay nên dùng không,wifi fpt homestay nên dùng không,COMMERCIAL,USE_HOMESTAY,/giai-phap/homestay/,P1,UNKNOWN,UNKNOWN,UNKNOWN,MAPPED_FROM_OWNER,2026-08-15,VARIANT_MAPPED
wifi fpt homestay so sánh,wifi fpt homestay so sánh,COMMERCIAL,USE_HOMESTAY,/giai-phap/homestay/,P1,UNKNOWN,UNKNOWN,UNKNOWN,MAPPED_FROM_OWNER,2026-08-15,VARIANT_MAPPED
wifi fpt homestay đăng ký,wifi fpt homestay đăng ký,COMMERCIAL,USE_HOMESTAY,/giai-phap/homestay/,P1,UNKNOWN,UNKNOWN,UNKNOWN,MAPPED_FROM_OWNER,2026-08-15,VARIANT_MAPPED
wifi fpt homestay mới nhất 2026,wifi fpt homestay mới nhất 2026,COMMERCIAL,USE_HOMESTAY,/giai-phap/homestay/,P1,UNKNOWN,UNKNOWN,UNKNOWN,MAPPED_FROM_OWNER,2026-08-15,VARIANT_MAPPED
wifi fpt homestay bao nhiêu tiền,wifi fpt homestay bao nhiêu tiền,COMMERCIAL,USE_HOMESTAY,/giai-phap/homestay/,P1,UNKNOWN,UNKNOWN,UNKNOWN,MAPPED_FROM_OWNER,2026-08-15,VARIANT_MAPPED
mạng fpt nhà nghỉ giá,mạng fpt nhà nghỉ giá,COMMERCIAL,USE_HOMESTAY,/giai-phap/homestay/,P1,UNKNOWN,UNKNOWN,UNKNOWN,MAPPED_FROM_OWNER,2026-08-15,VARIANT_MAPPED
mạng fpt nhà nghỉ review,mạng fpt nhà nghỉ review,COMMERCIAL,USE_HOMESTAY,/giai-phap/homestay/,P1,UNKNOWN,UNKNOWN,UNKNOWN,MAPPED_FROM_OWNER,2026-08-15,VARIANT_MAPPED
mạng fpt nhà nghỉ có tốt không,mạng fpt nhà nghỉ có tốt không,COMMERCIAL,USE_HOMESTAY,/giai-phap/homestay/,P1,UNKNOWN,UNKNOWN,UNKNOWN,MAPPED_FROM_OWNER,2026-08-15,VARIANT_MAPPED
mạng fpt nhà nghỉ phù hợp ai,mạng fpt nhà nghỉ phù hợp ai,COMMERCIAL,USE_HOMESTAY,/giai-phap/homestay/,P1,UNKNOWN,UNKNOWN,UNKNOWN,MAPPED_FROM_OWNER,2026-08-15,VARIANT_MAPPED
mạng fpt nhà nghỉ nên dùng không,mạng fpt nhà nghỉ nên dùng không,COMMERCIAL,USE_HOMESTAY,/giai-phap/homestay/,P1,UNKNOWN,UNKNOWN,UNKNOWN,MAPPED_FROM_OWNER,2026-08-15,VARIANT_MAPPED
mạng fpt nhà nghỉ so sánh,mạng fpt nhà nghỉ so sánh,COMMERCIAL,USE_HOMESTAY,/giai-phap/homestay/,P1,UNKNOWN,UNKNOWN,UNKNOWN,MAPPED_FROM_OWNER,2026-08-15,VARIANT_MAPPED
mạng fpt nhà nghỉ đăng ký,mạng fpt nhà nghỉ đăng ký,COMMERCIAL,USE_HOMESTAY,/giai-phap/homestay/,P1,UNKNOWN,UNKNOWN,UNKNOWN,MAPPED_FROM_OWNER,2026-08-15,VARIANT_MAPPED
mạng fpt nhà nghỉ mới nhất 2026,mạng fpt nhà nghỉ mới nhất 2026,COMMERCIAL,USE_HOMESTAY,/giai-phap/homestay/,P1,UNKNOWN,UNKNOWN,UNKNOWN,MAPPED_FROM_OWNER,2026-08-15,VARIANT_MAPPED
mạng fpt nhà nghỉ bao nhiêu tiền,mạng fpt nhà nghỉ bao nhiêu tiền,COMMERCIAL,USE_HOMESTAY,/giai-phap/homestay/,P1,UNKNOWN,UNKNOWN,UNKNOWN,MAPPED_FROM_OWNER,2026-08-15,VARIANT_MAPPED
mạng fpt cho cửa hàng review,mạng fpt cho cửa hàng review,COMMERCIAL,USE_RETAIL,/giai-phap/cua-hang/,P1,UNKNOWN,UNKNOWN,UNKNOWN,MAPPED_FROM_OWNER,2026-08-15,VARIANT_MAPPED
mạng fpt cho cửa hàng có tốt không,mạng fpt cho cửa hàng có tốt không,COMMERCIAL,USE_RETAIL,/giai-phap/cua-hang/,P1,UNKNOWN,UNKNOWN,UNKNOWN,MAPPED_FROM_OWNER,2026-08-15,VARIANT_MAPPED
mạng fpt cho cửa hàng phù hợp ai,mạng fpt cho cửa hàng phù hợp ai,COMMERCIAL,USE_RETAIL,/giai-phap/cua-hang/,P1,UNKNOWN,UNKNOWN,UNKNOWN,MAPPED_FROM_OWNER,2026-08-15,VARIANT_MAPPED
mạng fpt cho cửa hàng nên dùng không,mạng fpt cho cửa hàng nên dùng không,COMMERCIAL,USE_RETAIL,/giai-phap/cua-hang/,P1,UNKNOWN,UNKNOWN,UNKNOWN,MAPPED_FROM_OWNER,2026-08-15,VARIANT_MAPPED
mạng fpt cho cửa hàng so sánh,mạng fpt cho cửa hàng so sánh,COMMERCIAL,USE_RETAIL,/giai-phap/cua-hang/,P1,UNKNOWN,UNKNOWN,UNKNOWN,MAPPED_FROM_OWNER,2026-08-15,VARIANT_MAPPED
mạng fpt cho cửa hàng mới nhất 2026,mạng fpt cho cửa hàng mới nhất 2026,COMMERCIAL,USE_RETAIL,/giai-phap/cua-hang/,P1,UNKNOWN,UNKNOWN,UNKNOWN,MAPPED_FROM_OWNER,2026-08-15,VARIANT_MAPPED
mạng fpt cho cửa hàng bao nhiêu tiền,mạng fpt cho cửa hàng bao nhiêu tiền,COMMERCIAL,USE_RETAIL,/giai-phap/cua-hang/,P1,UNKNOWN,UNKNOWN,UNKNOWN,MAPPED_FROM_OWNER,2026-08-15,VARIANT_MAPPED
mạng fpt cửa hàng giá,mạng fpt cửa hàng giá,COMMERCIAL,USE_RETAIL,/giai-phap/cua-hang/,P1,UNKNOWN,UNKNOWN,UNKNOWN,MAPPED_FROM_OWNER,2026-08-15,VARIANT_MAPPED
mạng fpt cửa hàng review,mạng fpt cửa hàng review,COMMERCIAL,USE_RETAIL,/giai-phap/cua-hang/,P1,UNKNOWN,UNKNOWN,UNKNOWN,MAPPED_FROM_OWNER,2026-08-15,VARIANT_MAPPED
mạng fpt cửa hàng có tốt không,mạng fpt cửa hàng có tốt không,COMMERCIAL,USE_RETAIL,/giai-phap/cua-hang/,P1,UNKNOWN,UNKNOWN,UNKNOWN,MAPPED_FROM_OWNER,2026-08-15,VARIANT_MAPPED
mạng fpt cửa hàng phù hợp ai,mạng fpt cửa hàng phù hợp ai,COMMERCIAL,USE_RETAIL,/giai-phap/cua-hang/,P1,UNKNOWN,UNKNOWN,UNKNOWN,MAPPED_FROM_OWNER,2026-08-15,VARIANT_MAPPED
mạng fpt cửa hàng nên dùng không,mạng fpt cửa hàng nên dùng không,COMMERCIAL,USE_RETAIL,/giai-phap/cua-hang/,P1,UNKNOWN,UNKNOWN,UNKNOWN,MAPPED_FROM_OWNER,2026-08-15,VARIANT_MAPPED
mạng fpt cửa hàng so sánh,mạng fpt cửa hàng so sánh,COMMERCIAL,USE_RETAIL,/giai-phap/cua-hang/,P1,UNKNOWN,UNKNOWN,UNKNOWN,MAPPED_FROM_OWNER,2026-08-15,VARIANT_MAPPED
mạng fpt cửa hàng đăng ký,mạng fpt cửa hàng đăng ký,COMMERCIAL,USE_RETAIL,/giai-phap/cua-hang/,P1,UNKNOWN,UNKNOWN,UNKNOWN,MAPPED_FROM_OWNER,2026-08-15,VARIANT_MAPPED
mạng fpt cửa hàng mới nhất 2026,mạng fpt cửa hàng mới nhất 2026,COMMERCIAL,USE_RETAIL,/giai-phap/cua-hang/,P1,UNKNOWN,UNKNOWN,UNKNOWN,MAPPED_FROM_OWNER,2026-08-15,VARIANT_MAPPED
mạng fpt cửa hàng bao nhiêu tiền,mạng fpt cửa hàng bao nhiêu tiền,COMMERCIAL,USE_RETAIL,/giai-phap/cua-hang/,P1,UNKNOWN,UNKNOWN,UNKNOWN,MAPPED_FROM_OWNER,2026-08-15,VARIANT_MAPPED
internet fpt shop giá,internet fpt shop giá,COMMERCIAL,USE_RETAIL,/giai-phap/cua-hang/,P1,UNKNOWN,UNKNOWN,UNKNOWN,MAPPED_FROM_OWNER,2026-08-15,VARIANT_MAPPED
internet fpt shop review,internet fpt shop review,COMMERCIAL,USE_RETAIL,/giai-phap/cua-hang/,P1,UNKNOWN,UNKNOWN,UNKNOWN,MAPPED_FROM_OWNER,2026-08-15,VARIANT_MAPPED
internet fpt shop có tốt không,internet fpt shop có tốt không,COMMERCIAL,USE_RETAIL,/giai-phap/cua-hang/,P1,UNKNOWN,UNKNOWN,UNKNOWN,MAPPED_FROM_OWNER,2026-08-15,VARIANT_MAPPED
internet fpt shop phù hợp ai,internet fpt shop phù hợp ai,COMMERCIAL,USE_RETAIL,/giai-phap/cua-hang/,P1,UNKNOWN,UNKNOWN,UNKNOWN,MAPPED_FROM_OWNER,2026-08-15,VARIANT_MAPPED
internet fpt shop nên dùng không,internet fpt shop nên dùng không,COMMERCIAL,USE_RETAIL,/giai-phap/cua-hang/,P1,UNKNOWN,UNKNOWN,UNKNOWN,MAPPED_FROM_OWNER,2026-08-15,VARIANT_MAPPED
internet fpt shop so sánh,internet fpt shop so sánh,COMMERCIAL,USE_RETAIL,/giai-phap/cua-hang/,P1,UNKNOWN,UNKNOWN,UNKNOWN,MAPPED_FROM_OWNER,2026-08-15,VARIANT_MAPPED
internet fpt shop đăng ký,internet fpt shop đăng ký,COMMERCIAL,USE_RETAIL,/giai-phap/cua-hang/,P1,UNKNOWN,UNKNOWN,UNKNOWN,MAPPED_FROM_OWNER,2026-08-15,VARIANT_MAPPED
internet fpt shop mới nhất 2026,internet fpt shop mới nhất 2026,COMMERCIAL,USE_RETAIL,/giai-phap/cua-hang/,P1,UNKNOWN,UNKNOWN,UNKNOWN,MAPPED_FROM_OWNER,2026-08-15,VARIANT_MAPPED
internet fpt shop bao nhiêu tiền,internet fpt shop bao nhiêu tiền,COMMERCIAL,USE_RETAIL,/giai-phap/cua-hang/,P1,UNKNOWN,UNKNOWN,UNKNOWN,MAPPED_FROM_OWNER,2026-08-15,VARIANT_MAPPED
fpt vs viettel so sánh chi tiết,fpt vs viettel so sánh chi tiết,COMPARISON,COMPARE,/so-sanh/fpt-vs-viettel/,P1,UNKNOWN,UNKNOWN,UNKNOWN,MAPPED_FROM_OWNER,2026-08-15,VARIANT_MAPPED
fpt vs viettel khác nhau gì,fpt vs viettel khác nhau gì,COMPARISON,COMPARE,/so-sanh/fpt-vs-viettel/,P1,UNKNOWN,UNKNOWN,UNKNOWN,MAPPED_FROM_OWNER,2026-08-15,VARIANT_MAPPED
fpt vs viettel nên chọn cái nào,fpt vs viettel nên chọn cái nào,COMPARISON,COMPARE,/so-sanh/fpt-vs-viettel/,P1,UNKNOWN,UNKNOWN,UNKNOWN,MAPPED_FROM_OWNER,2026-08-15,VARIANT_MAPPED
fpt vs viettel cái nào phù hợp hơn,fpt vs viettel cái nào phù hợp hơn,COMPARISON,COMPARE,/so-sanh/fpt-vs-viettel/,P1,UNKNOWN,UNKNOWN,UNKNOWN,MAPPED_FROM_OWNER,2026-08-15,VARIANT_MAPPED
fpt vs viettel 2026,fpt vs viettel 2026,COMPARISON,COMPARE,/so-sanh/fpt-vs-viettel/,P1,UNKNOWN,UNKNOWN,UNKNOWN,MAPPED_FROM_OWNER,2026-08-15,VARIANT_MAPPED
mạng fpt hay viettel so sánh chi tiết,mạng fpt hay viettel so sánh chi tiết,COMPARISON,COMPARE,/so-sanh/fpt-vs-viettel/,P1,UNKNOWN,UNKNOWN,UNKNOWN,MAPPED_FROM_OWNER,2026-08-15,VARIANT_MAPPED
mạng fpt hay viettel khác nhau gì,mạng fpt hay viettel khác nhau gì,COMPARISON,COMPARE,/so-sanh/fpt-vs-viettel/,P1,UNKNOWN,UNKNOWN,UNKNOWN,MAPPED_FROM_OWNER,2026-08-15,VARIANT_MAPPED
mạng fpt hay viettel nên chọn cái nào,mạng fpt hay viettel nên chọn cái nào,COMPARISON,COMPARE,/so-sanh/fpt-vs-viettel/,P1,UNKNOWN,UNKNOWN,UNKNOWN,MAPPED_FROM_OWNER,2026-08-15,VARIANT_MAPPED
mạng fpt hay viettel cái nào phù hợp hơn,mạng fpt hay viettel cái nào phù hợp hơn,COMPARISON,COMPARE,/so-sanh/fpt-vs-viettel/,P1,UNKNOWN,UNKNOWN,UNKNOWN,MAPPED_FROM_OWNER,2026-08-15,VARIANT_MAPPED
mạng fpt hay viettel 2026,mạng fpt hay viettel 2026,COMPARISON,COMPARE,/so-sanh/fpt-vs-viettel/,P1,UNKNOWN,UNKNOWN,UNKNOWN,MAPPED_FROM_OWNER,2026-08-15,VARIANT_MAPPED
fpt vs vnpt so sánh chi tiết,fpt vs vnpt so sánh chi tiết,COMPARISON,COMPARE,/so-sanh/fpt-vs-vnpt/,P1,UNKNOWN,UNKNOWN,UNKNOWN,MAPPED_FROM_OWNER,2026-08-15,VARIANT_MAPPED
fpt vs vnpt khác nhau gì,fpt vs vnpt khác nhau gì,COMPARISON,COMPARE,/so-sanh/fpt-vs-vnpt/,P1,UNKNOWN,UNKNOWN,UNKNOWN,MAPPED_FROM_OWNER,2026-08-15,VARIANT_MAPPED
fpt vs vnpt nên chọn cái nào,fpt vs vnpt nên chọn cái nào,COMPARISON,COMPARE,/so-sanh/fpt-vs-vnpt/,P1,UNKNOWN,UNKNOWN,UNKNOWN,MAPPED_FROM_OWNER,2026-08-15,VARIANT_MAPPED
fpt vs vnpt cái nào phù hợp hơn,fpt vs vnpt cái nào phù hợp hơn,COMPARISON,COMPARE,/so-sanh/fpt-vs-vnpt/,P1,UNKNOWN,UNKNOWN,UNKNOWN,MAPPED_FROM_OWNER,2026-08-15,VARIANT_MAPPED
fpt vs vnpt 2026,fpt vs vnpt 2026,COMPARISON,COMPARE,/so-sanh/fpt-vs-vnpt/,P1,UNKNOWN,UNKNOWN,UNKNOWN,MAPPED_FROM_OWNER,2026-08-15,VARIANT_MAPPED
mạng fpt hay vnpt so sánh chi tiết,mạng fpt hay vnpt so sánh chi tiết,COMPARISON,COMPARE,/so-sanh/fpt-vs-vnpt/,P1,UNKNOWN,UNKNOWN,UNKNOWN,MAPPED_FROM_OWNER,2026-08-15,VARIANT_MAPPED
mạng fpt hay vnpt khác nhau gì,mạng fpt hay vnpt khác nhau gì,COMPARISON,COMPARE,/so-sanh/fpt-vs-vnpt/,P1,UNKNOWN,UNKNOWN,UNKNOWN,MAPPED_FROM_OWNER,2026-08-15,VARIANT_MAPPED
mạng fpt hay vnpt nên chọn cái nào,mạng fpt hay vnpt nên chọn cái nào,COMPARISON,COMPARE,/so-sanh/fpt-vs-vnpt/,P1,UNKNOWN,UNKNOWN,UNKNOWN,MAPPED_FROM_OWNER,2026-08-15,VARIANT_MAPPED
mạng fpt hay vnpt cái nào phù hợp hơn,mạng fpt hay vnpt cái nào phù hợp hơn,COMPARISON,COMPARE,/so-sanh/fpt-vs-vnpt/,P1,UNKNOWN,UNKNOWN,UNKNOWN,MAPPED_FROM_OWNER,2026-08-15,VARIANT_MAPPED
mạng fpt hay vnpt 2026,mạng fpt hay vnpt 2026,COMPARISON,COMPARE,/so-sanh/fpt-vs-vnpt/,P1,UNKNOWN,UNKNOWN,UNKNOWN,MAPPED_FROM_OWNER,2026-08-15,VARIANT_MAPPED
wifi 6 vs wifi 7 so sánh chi tiết,wifi 6 vs wifi 7 so sánh chi tiết,COMPARISON,COMPARE,/so-sanh/wifi-6-vs-wifi-7/,P1,UNKNOWN,UNKNOWN,UNKNOWN,MAPPED_FROM_OWNER,2026-08-15,VARIANT_MAPPED
wifi 6 vs wifi 7 khác nhau gì,wifi 6 vs wifi 7 khác nhau gì,COMPARISON,COMPARE,/so-sanh/wifi-6-vs-wifi-7/,P1,UNKNOWN,UNKNOWN,UNKNOWN,MAPPED_FROM_OWNER,2026-08-15,VARIANT_MAPPED
wifi 6 vs wifi 7 nên chọn cái nào,wifi 6 vs wifi 7 nên chọn cái nào,COMPARISON,COMPARE,/so-sanh/wifi-6-vs-wifi-7/,P1,UNKNOWN,UNKNOWN,UNKNOWN,MAPPED_FROM_OWNER,2026-08-15,VARIANT_MAPPED
wifi 6 vs wifi 7 cái nào phù hợp hơn,wifi 6 vs wifi 7 cái nào phù hợp hơn,COMPARISON,COMPARE,/so-sanh/wifi-6-vs-wifi-7/,P1,UNKNOWN,UNKNOWN,UNKNOWN,MAPPED_FROM_OWNER,2026-08-15,VARIANT_MAPPED
wifi 6 vs wifi 7 2026,wifi 6 vs wifi 7 2026,COMPARISON,COMPARE,/so-sanh/wifi-6-vs-wifi-7/,P1,UNKNOWN,UNKNOWN,UNKNOWN,MAPPED_FROM_OWNER,2026-08-15,VARIANT_MAPPED
wifi 7 khác wifi 6 so sánh chi tiết,wifi 7 khác wifi 6 so sánh chi tiết,COMPARISON,COMPARE,/so-sanh/wifi-6-vs-wifi-7/,P1,UNKNOWN,UNKNOWN,UNKNOWN,MAPPED_FROM_OWNER,2026-08-15,VARIANT_MAPPED
wifi 7 khác wifi 6 khác nhau gì,wifi 7 khác wifi 6 khác nhau gì,COMPARISON,COMPARE,/so-sanh/wifi-6-vs-wifi-7/,P1,UNKNOWN,UNKNOWN,UNKNOWN,MAPPED_FROM_OWNER,2026-08-15,VARIANT_MAPPED
wifi 7 khác wifi 6 nên chọn cái nào,wifi 7 khác wifi 6 nên chọn cái nào,COMPARISON,COMPARE,/so-sanh/wifi-6-vs-wifi-7/,P1,UNKNOWN,UNKNOWN,UNKNOWN,MAPPED_FROM_OWNER,2026-08-15,VARIANT_MAPPED
wifi 7 khác wifi 6 cái nào phù hợp hơn,wifi 7 khác wifi 6 cái nào phù hợp hơn,COMPARISON,COMPARE,/so-sanh/wifi-6-vs-wifi-7/,P1,UNKNOWN,UNKNOWN,UNKNOWN,MAPPED_FROM_OWNER,2026-08-15,VARIANT_MAPPED
wifi 7 khác wifi 6 2026,wifi 7 khác wifi 6 2026,COMPARISON,COMPARE,/so-sanh/wifi-6-vs-wifi-7/,P1,UNKNOWN,UNKNOWN,UNKNOWN,MAPPED_FROM_OWNER,2026-08-15,VARIANT_MAPPED
giga vs sky fpt so sánh chi tiết,giga vs sky fpt so sánh chi tiết,COMPARISON,COMPARE,/so-sanh/giga-vs-sky/,P1,UNKNOWN,UNKNOWN,UNKNOWN,MAPPED_FROM_OWNER,2026-08-15,VARIANT_MAPPED
giga vs sky fpt khác nhau gì,giga vs sky fpt khác nhau gì,COMPARISON,COMPARE,/so-sanh/giga-vs-sky/,P1,UNKNOWN,UNKNOWN,UNKNOWN,MAPPED_FROM_OWNER,2026-08-15,VARIANT_MAPPED
giga vs sky fpt nên chọn cái nào,giga vs sky fpt nên chọn cái nào,COMPARISON,COMPARE,/so-sanh/giga-vs-sky/,P1,UNKNOWN,UNKNOWN,UNKNOWN,MAPPED_FROM_OWNER,2026-08-15,VARIANT_MAPPED
giga vs sky fpt cái nào phù hợp hơn,giga vs sky fpt cái nào phù hợp hơn,COMPARISON,COMPARE,/so-sanh/giga-vs-sky/,P1,UNKNOWN,UNKNOWN,UNKNOWN,MAPPED_FROM_OWNER,2026-08-15,VARIANT_MAPPED
giga vs sky fpt 2026,giga vs sky fpt 2026,COMPARISON,COMPARE,/so-sanh/giga-vs-sky/,P1,UNKNOWN,UNKNOWN,UNKNOWN,MAPPED_FROM_OWNER,2026-08-15,VARIANT_MAPPED
so sánh giga sky so sánh chi tiết,so sánh giga sky so sánh chi tiết,COMPARISON,COMPARE,/so-sanh/giga-vs-sky/,P1,UNKNOWN,UNKNOWN,UNKNOWN,MAPPED_FROM_OWNER,2026-08-15,VARIANT_MAPPED
so sánh giga sky khác nhau gì,so sánh giga sky khác nhau gì,COMPARISON,COMPARE,/so-sanh/giga-vs-sky/,P1,UNKNOWN,UNKNOWN,UNKNOWN,MAPPED_FROM_OWNER,2026-08-15,VARIANT_MAPPED
so sánh giga sky nên chọn cái nào,so sánh giga sky nên chọn cái nào,COMPARISON,COMPARE,/so-sanh/giga-vs-sky/,P1,UNKNOWN,UNKNOWN,UNKNOWN,MAPPED_FROM_OWNER,2026-08-15,VARIANT_MAPPED
so sánh giga sky cái nào phù hợp hơn,so sánh giga sky cái nào phù hợp hơn,COMPARISON,COMPARE,/so-sanh/giga-vs-sky/,P1,UNKNOWN,UNKNOWN,UNKNOWN,MAPPED_FROM_OWNER,2026-08-15,VARIANT_MAPPED
so sánh giga sky 2026,so sánh giga sky 2026,COMPARISON,COMPARE,/so-sanh/giga-vs-sky/,P1,UNKNOWN,UNKNOWN,UNKNOWN,MAPPED_FROM_OWNER,2026-08-15,VARIANT_MAPPED
sky vs meta fpt so sánh chi tiết,sky vs meta fpt so sánh chi tiết,COMPARISON,COMPARE,/so-sanh/sky-vs-meta/,P1,UNKNOWN,UNKNOWN,UNKNOWN,MAPPED_FROM_OWNER,2026-08-15,VARIANT_MAPPED
sky vs meta fpt khác nhau gì,sky vs meta fpt khác nhau gì,COMPARISON,COMPARE,/so-sanh/sky-vs-meta/,P1,UNKNOWN,UNKNOWN,UNKNOWN,MAPPED_FROM_OWNER,2026-08-15,VARIANT_MAPPED
sky vs meta fpt nên chọn cái nào,sky vs meta fpt nên chọn cái nào,COMPARISON,COMPARE,/so-sanh/sky-vs-meta/,P1,UNKNOWN,UNKNOWN,UNKNOWN,MAPPED_FROM_OWNER,2026-08-15,VARIANT_MAPPED
sky vs meta fpt cái nào phù hợp hơn,sky vs meta fpt cái nào phù hợp hơn,COMPARISON,COMPARE,/so-sanh/sky-vs-meta/,P1,UNKNOWN,UNKNOWN,UNKNOWN,MAPPED_FROM_OWNER,2026-08-15,VARIANT_MAPPED
sky vs meta fpt 2026,sky vs meta fpt 2026,COMPARISON,COMPARE,/so-sanh/sky-vs-meta/,P1,UNKNOWN,UNKNOWN,UNKNOWN,MAPPED_FROM_OWNER,2026-08-15,VARIANT_MAPPED
so sánh sky meta so sánh chi tiết,so sánh sky meta so sánh chi tiết,COMPARISON,COMPARE,/so-sanh/sky-vs-meta/,P1,UNKNOWN,UNKNOWN,UNKNOWN,MAPPED_FROM_OWNER,2026-08-15,VARIANT_MAPPED
so sánh sky meta khác nhau gì,so sánh sky meta khác nhau gì,COMPARISON,COMPARE,/so-sanh/sky-vs-meta/,P1,UNKNOWN,UNKNOWN,UNKNOWN,MAPPED_FROM_OWNER,2026-08-15,VARIANT_MAPPED
so sánh sky meta nên chọn cái nào,so sánh sky meta nên chọn cái nào,COMPARISON,COMPARE,/so-sanh/sky-vs-meta/,P1,UNKNOWN,UNKNOWN,UNKNOWN,MAPPED_FROM_OWNER,2026-08-15,VARIANT_MAPPED
so sánh sky meta cái nào phù hợp hơn,so sánh sky meta cái nào phù hợp hơn,COMPARISON,COMPARE,/so-sanh/sky-vs-meta/,P1,UNKNOWN,UNKNOWN,UNKNOWN,MAPPED_FROM_OWNER,2026-08-15,VARIANT_MAPPED
so sánh sky meta 2026,so sánh sky meta 2026,COMPARISON,COMPARE,/so-sanh/sky-vs-meta/,P1,UNKNOWN,UNKNOWN,UNKNOWN,MAPPED_FROM_OWNER,2026-08-15,VARIANT_MAPPED
f-game vs meta fpt so sánh chi tiết,f-game vs meta fpt so sánh chi tiết,COMPARISON,COMPARE,/so-sanh/f-game-vs-meta/,P1,UNKNOWN,UNKNOWN,UNKNOWN,MAPPED_FROM_OWNER,2026-08-15,VARIANT_MAPPED
f-game vs meta fpt khác nhau gì,f-game vs meta fpt khác nhau gì,COMPARISON,COMPARE,/so-sanh/f-game-vs-meta/,P1,UNKNOWN,UNKNOWN,UNKNOWN,MAPPED_FROM_OWNER,2026-08-15,VARIANT_MAPPED
f-game vs meta fpt nên chọn cái nào,f-game vs meta fpt nên chọn cái nào,COMPARISON,COMPARE,/so-sanh/f-game-vs-meta/,P1,UNKNOWN,UNKNOWN,UNKNOWN,MAPPED_FROM_OWNER,2026-08-15,VARIANT_MAPPED
f-game vs meta fpt cái nào phù hợp hơn,f-game vs meta fpt cái nào phù hợp hơn,COMPARISON,COMPARE,/so-sanh/f-game-vs-meta/,P1,UNKNOWN,UNKNOWN,UNKNOWN,MAPPED_FROM_OWNER,2026-08-15,VARIANT_MAPPED
f-game vs meta fpt 2026,f-game vs meta fpt 2026,COMPARISON,COMPARE,/so-sanh/f-game-vs-meta/,P1,UNKNOWN,UNKNOWN,UNKNOWN,MAPPED_FROM_OWNER,2026-08-15,VARIANT_MAPPED
f-game vs meta so sánh chi tiết,f-game vs meta so sánh chi tiết,COMPARISON,COMPARE,/so-sanh/f-game-vs-meta/,P1,UNKNOWN,UNKNOWN,UNKNOWN,MAPPED_FROM_OWNER,2026-08-15,VARIANT_MAPPED
f-game vs meta khác nhau gì,f-game vs meta khác nhau gì,COMPARISON,COMPARE,/so-sanh/f-game-vs-meta/,P1,UNKNOWN,UNKNOWN,UNKNOWN,MAPPED_FROM_OWNER,2026-08-15,VARIANT_MAPPED
f-game vs meta nên chọn cái nào,f-game vs meta nên chọn cái nào,COMPARISON,COMPARE,/so-sanh/f-game-vs-meta/,P1,UNKNOWN,UNKNOWN,UNKNOWN,MAPPED_FROM_OWNER,2026-08-15,VARIANT_MAPPED
f-game vs meta cái nào phù hợp hơn,f-game vs meta cái nào phù hợp hơn,COMPARISON,COMPARE,/so-sanh/f-game-vs-meta/,P1,UNKNOWN,UNKNOWN,UNKNOWN,MAPPED_FROM_OWNER,2026-08-15,VARIANT_MAPPED
f-game vs meta 2026,f-game vs meta 2026,COMPARISON,COMPARE,/so-sanh/f-game-vs-meta/,P1,UNKNOWN,UNKNOWN,UNKNOWN,MAPPED_FROM_OWNER,2026-08-15,VARIANT_MAPPED
so sánh fgame meta so sánh chi tiết,so sánh fgame meta so sánh chi tiết,COMPARISON,COMPARE,/so-sanh/f-game-vs-meta/,P1,UNKNOWN,UNKNOWN,UNKNOWN,MAPPED_FROM_OWNER,2026-08-15,VARIANT_MAPPED
so sánh fgame meta khác nhau gì,so sánh fgame meta khác nhau gì,COMPARISON,COMPARE,/so-sanh/f-game-vs-meta/,P1,UNKNOWN,UNKNOWN,UNKNOWN,MAPPED_FROM_OWNER,2026-08-15,VARIANT_MAPPED
so sánh fgame meta nên chọn cái nào,so sánh fgame meta nên chọn cái nào,COMPARISON,COMPARE,/so-sanh/f-game-vs-meta/,P1,UNKNOWN,UNKNOWN,UNKNOWN,MAPPED_FROM_OWNER,2026-08-15,VARIANT_MAPPED
so sánh fgame meta cái nào phù hợp hơn,so sánh fgame meta cái nào phù hợp hơn,COMPARISON,COMPARE,/so-sanh/f-game-vs-meta/,P1,UNKNOWN,UNKNOWN,UNKNOWN,MAPPED_FROM_OWNER,2026-08-15,VARIANT_MAPPED
so sánh fgame meta 2026,so sánh fgame meta 2026,COMPARISON,COMPARE,/so-sanh/f-game-vs-meta/,P1,UNKNOWN,UNKNOWN,UNKNOWN,MAPPED_FROM_OWNER,2026-08-15,VARIANT_MAPPED
lắp mạng fpt mất bao lâu? là gì,lắp mạng fpt mất bao lâu? là gì,INFORMATIONAL,SUPPORT,/ho-tro/lap-mang-fpt-mat-bao-lau/,P2,UNKNOWN,UNKNOWN,UNKNOWN,MAPPED_FROM_OWNER,2026-08-15,VARIANT_MAPPED
lắp mạng fpt mất bao lâu? hoạt động thế nào,lắp mạng fpt mất bao lâu? hoạt động thế nào,INFORMATIONAL,SUPPORT,/ho-tro/lap-mang-fpt-mat-bao-lau/,P2,UNKNOWN,UNKNOWN,UNKNOWN,MAPPED_FROM_OWNER,2026-08-15,VARIANT_MAPPED
lắp mạng fpt mất bao lâu? có gì mới,lắp mạng fpt mất bao lâu? có gì mới,INFORMATIONAL,SUPPORT,/ho-tro/lap-mang-fpt-mat-bao-lau/,P2,UNKNOWN,UNKNOWN,UNKNOWN,MAPPED_FROM_OWNER,2026-08-15,VARIANT_MAPPED
lắp mạng fpt mất bao lâu? hướng dẫn,lắp mạng fpt mất bao lâu? hướng dẫn,INFORMATIONAL,SUPPORT,/ho-tro/lap-mang-fpt-mat-bao-lau/,P2,UNKNOWN,UNKNOWN,UNKNOWN,MAPPED_FROM_OWNER,2026-08-15,VARIANT_MAPPED
lắp mạng fpt mất bao lâu? có nên dùng,lắp mạng fpt mất bao lâu? có nên dùng,INFORMATIONAL,SUPPORT,/ho-tro/lap-mang-fpt-mat-bao-lau/,P2,UNKNOWN,UNKNOWN,UNKNOWN,MAPPED_FROM_OWNER,2026-08-15,VARIANT_MAPPED
lắp mạng fpt mất bao lâu? ưu nhược điểm,lắp mạng fpt mất bao lâu? ưu nhược điểm,INFORMATIONAL,SUPPORT,/ho-tro/lap-mang-fpt-mat-bao-lau/,P2,UNKNOWN,UNKNOWN,UNKNOWN,MAPPED_FROM_OWNER,2026-08-15,VARIANT_MAPPED
lắp mạng fpt mất bao lâu? 2026,lắp mạng fpt mất bao lâu? 2026,INFORMATIONAL,SUPPORT,/ho-tro/lap-mang-fpt-mat-bao-lau/,P2,UNKNOWN,UNKNOWN,UNKNOWN,MAPPED_FROM_OWNER,2026-08-15,VARIANT_MAPPED
lắp mạng fpt mất bao lâu là gì,lắp mạng fpt mất bao lâu là gì,INFORMATIONAL,SUPPORT,/ho-tro/lap-mang-fpt-mat-bao-lau/,P2,UNKNOWN,UNKNOWN,UNKNOWN,MAPPED_FROM_OWNER,2026-08-15,VARIANT_MAPPED
lắp mạng fpt mất bao lâu hoạt động thế nào,lắp mạng fpt mất bao lâu hoạt động thế nào,INFORMATIONAL,SUPPORT,/ho-tro/lap-mang-fpt-mat-bao-lau/,P2,UNKNOWN,UNKNOWN,UNKNOWN,MAPPED_FROM_OWNER,2026-08-15,VARIANT_MAPPED
lắp mạng fpt mất bao lâu có gì mới,lắp mạng fpt mất bao lâu có gì mới,INFORMATIONAL,SUPPORT,/ho-tro/lap-mang-fpt-mat-bao-lau/,P2,UNKNOWN,UNKNOWN,UNKNOWN,MAPPED_FROM_OWNER,2026-08-15,VARIANT_MAPPED
lắp mạng fpt mất bao lâu hướng dẫn,lắp mạng fpt mất bao lâu hướng dẫn,INFORMATIONAL,SUPPORT,/ho-tro/lap-mang-fpt-mat-bao-lau/,P2,UNKNOWN,UNKNOWN,UNKNOWN,MAPPED_FROM_OWNER,2026-08-15,VARIANT_MAPPED
lắp mạng fpt mất bao lâu có nên dùng,lắp mạng fpt mất bao lâu có nên dùng,INFORMATIONAL,SUPPORT,/ho-tro/lap-mang-fpt-mat-bao-lau/,P2,UNKNOWN,UNKNOWN,UNKNOWN,MAPPED_FROM_OWNER,2026-08-15,VARIANT_MAPPED
lắp mạng fpt mất bao lâu ưu nhược điểm,lắp mạng fpt mất bao lâu ưu nhược điểm,INFORMATIONAL,SUPPORT,/ho-tro/lap-mang-fpt-mat-bao-lau/,P2,UNKNOWN,UNKNOWN,UNKNOWN,MAPPED_FROM_OWNER,2026-08-15,VARIANT_MAPPED
lắp mạng fpt mất bao lâu 2026,lắp mạng fpt mất bao lâu 2026,INFORMATIONAL,SUPPORT,/ho-tro/lap-mang-fpt-mat-bao-lau/,P2,UNKNOWN,UNKNOWN,UNKNOWN,MAPPED_FROM_OWNER,2026-08-15,VARIANT_MAPPED
phí lắp đặt fpt là gì,phí lắp đặt fpt là gì,INFORMATIONAL,SUPPORT,/ho-tro/phi-lap-dat-fpt/,P2,UNKNOWN,UNKNOWN,UNKNOWN,MAPPED_FROM_OWNER,2026-08-15,VARIANT_MAPPED
phí lắp đặt fpt hoạt động thế nào,phí lắp đặt fpt hoạt động thế nào,INFORMATIONAL,SUPPORT,/ho-tro/phi-lap-dat-fpt/,P2,UNKNOWN,UNKNOWN,UNKNOWN,MAPPED_FROM_OWNER,2026-08-15,VARIANT_MAPPED
phí lắp đặt fpt có gì mới,phí lắp đặt fpt có gì mới,INFORMATIONAL,SUPPORT,/ho-tro/phi-lap-dat-fpt/,P2,UNKNOWN,UNKNOWN,UNKNOWN,MAPPED_FROM_OWNER,2026-08-15,VARIANT_MAPPED
phí lắp đặt fpt hướng dẫn,phí lắp đặt fpt hướng dẫn,INFORMATIONAL,SUPPORT,/ho-tro/phi-lap-dat-fpt/,P2,UNKNOWN,UNKNOWN,UNKNOWN,MAPPED_FROM_OWNER,2026-08-15,VARIANT_MAPPED
phí lắp đặt fpt có nên dùng,phí lắp đặt fpt có nên dùng,INFORMATIONAL,SUPPORT,/ho-tro/phi-lap-dat-fpt/,P2,UNKNOWN,UNKNOWN,UNKNOWN,MAPPED_FROM_OWNER,2026-08-15,VARIANT_MAPPED
phí lắp đặt fpt ưu nhược điểm,phí lắp đặt fpt ưu nhược điểm,INFORMATIONAL,SUPPORT,/ho-tro/phi-lap-dat-fpt/,P2,UNKNOWN,UNKNOWN,UNKNOWN,MAPPED_FROM_OWNER,2026-08-15,VARIANT_MAPPED
phí lắp đặt fpt 2026,phí lắp đặt fpt 2026,INFORMATIONAL,SUPPORT,/ho-tro/phi-lap-dat-fpt/,P2,UNKNOWN,UNKNOWN,UNKNOWN,MAPPED_FROM_OWNER,2026-08-15,VARIANT_MAPPED
lắp fpt có mất phí không là gì,lắp fpt có mất phí không là gì,INFORMATIONAL,SUPPORT,/ho-tro/phi-lap-dat-fpt/,P2,UNKNOWN,UNKNOWN,UNKNOWN,MAPPED_FROM_OWNER,2026-08-15,VARIANT_MAPPED
lắp fpt có mất phí không hoạt động thế nào,lắp fpt có mất phí không hoạt động thế nào,INFORMATIONAL,SUPPORT,/ho-tro/phi-lap-dat-fpt/,P2,UNKNOWN,UNKNOWN,UNKNOWN,MAPPED_FROM_OWNER,2026-08-15,VARIANT_MAPPED
lắp fpt có mất phí không có gì mới,lắp fpt có mất phí không có gì mới,INFORMATIONAL,SUPPORT,/ho-tro/phi-lap-dat-fpt/,P2,UNKNOWN,UNKNOWN,UNKNOWN,MAPPED_FROM_OWNER,2026-08-15,VARIANT_MAPPED
lắp fpt có mất phí không hướng dẫn,lắp fpt có mất phí không hướng dẫn,INFORMATIONAL,SUPPORT,/ho-tro/phi-lap-dat-fpt/,P2,UNKNOWN,UNKNOWN,UNKNOWN,MAPPED_FROM_OWNER,2026-08-15,VARIANT_MAPPED
lắp fpt có mất phí không có nên dùng,lắp fpt có mất phí không có nên dùng,INFORMATIONAL,SUPPORT,/ho-tro/phi-lap-dat-fpt/,P2,UNKNOWN,UNKNOWN,UNKNOWN,MAPPED_FROM_OWNER,2026-08-15,VARIANT_MAPPED
lắp fpt có mất phí không ưu nhược điểm,lắp fpt có mất phí không ưu nhược điểm,INFORMATIONAL,SUPPORT,/ho-tro/phi-lap-dat-fpt/,P2,UNKNOWN,UNKNOWN,UNKNOWN,MAPPED_FROM_OWNER,2026-08-15,VARIANT_MAPPED
lắp fpt có mất phí không 2026,lắp fpt có mất phí không 2026,INFORMATIONAL,SUPPORT,/ho-tro/phi-lap-dat-fpt/,P2,UNKNOWN,UNKNOWN,UNKNOWN,MAPPED_FROM_OWNER,2026-08-15,VARIANT_MAPPED
đổi mật khẩu wifi fpt là gì,đổi mật khẩu wifi fpt là gì,INFORMATIONAL,SUPPORT,/ho-tro/doi-mat-khau-wifi-fpt/,P2,UNKNOWN,UNKNOWN,UNKNOWN,MAPPED_FROM_OWNER,2026-08-15,VARIANT_MAPPED
đổi mật khẩu wifi fpt hoạt động thế nào,đổi mật khẩu wifi fpt hoạt động thế nào,INFORMATIONAL,SUPPORT,/ho-tro/doi-mat-khau-wifi-fpt/,P2,UNKNOWN,UNKNOWN,UNKNOWN,MAPPED_FROM_OWNER,2026-08-15,VARIANT_MAPPED
đổi mật khẩu wifi fpt có gì mới,đổi mật khẩu wifi fpt có gì mới,INFORMATIONAL,SUPPORT,/ho-tro/doi-mat-khau-wifi-fpt/,P2,UNKNOWN,UNKNOWN,UNKNOWN,MAPPED_FROM_OWNER,2026-08-15,VARIANT_MAPPED
đổi mật khẩu wifi fpt hướng dẫn,đổi mật khẩu wifi fpt hướng dẫn,INFORMATIONAL,SUPPORT,/ho-tro/doi-mat-khau-wifi-fpt/,P2,UNKNOWN,UNKNOWN,UNKNOWN,MAPPED_FROM_OWNER,2026-08-15,VARIANT_MAPPED
đổi mật khẩu wifi fpt có nên dùng,đổi mật khẩu wifi fpt có nên dùng,INFORMATIONAL,SUPPORT,/ho-tro/doi-mat-khau-wifi-fpt/,P2,UNKNOWN,UNKNOWN,UNKNOWN,MAPPED_FROM_OWNER,2026-08-15,VARIANT_MAPPED
đổi mật khẩu wifi fpt ưu nhược điểm,đổi mật khẩu wifi fpt ưu nhược điểm,INFORMATIONAL,SUPPORT,/ho-tro/doi-mat-khau-wifi-fpt/,P2,UNKNOWN,UNKNOWN,UNKNOWN,MAPPED_FROM_OWNER,2026-08-15,VARIANT_MAPPED
đổi mật khẩu wifi fpt 2026,đổi mật khẩu wifi fpt 2026,INFORMATIONAL,SUPPORT,/ho-tro/doi-mat-khau-wifi-fpt/,P2,UNKNOWN,UNKNOWN,UNKNOWN,MAPPED_FROM_OWNER,2026-08-15,VARIANT_MAPPED
cách đổi pass wifi fpt là gì,cách đổi pass wifi fpt là gì,INFORMATIONAL,SUPPORT,/ho-tro/doi-mat-khau-wifi-fpt/,P2,UNKNOWN,UNKNOWN,UNKNOWN,MAPPED_FROM_OWNER,2026-08-15,VARIANT_MAPPED
cách đổi pass wifi fpt hoạt động thế nào,cách đổi pass wifi fpt hoạt động thế nào,INFORMATIONAL,SUPPORT,/ho-tro/doi-mat-khau-wifi-fpt/,P2,UNKNOWN,UNKNOWN,UNKNOWN,MAPPED_FROM_OWNER,2026-08-15,VARIANT_MAPPED
cách đổi pass wifi fpt có gì mới,cách đổi pass wifi fpt có gì mới,INFORMATIONAL,SUPPORT,/ho-tro/doi-mat-khau-wifi-fpt/,P2,UNKNOWN,UNKNOWN,UNKNOWN,MAPPED_FROM_OWNER,2026-08-15,VARIANT_MAPPED
cách đổi pass wifi fpt hướng dẫn,cách đổi pass wifi fpt hướng dẫn,INFORMATIONAL,SUPPORT,/ho-tro/doi-mat-khau-wifi-fpt/,P2,UNKNOWN,UNKNOWN,UNKNOWN,MAPPED_FROM_OWNER,2026-08-15,VARIANT_MAPPED
cách đổi pass wifi fpt có nên dùng,cách đổi pass wifi fpt có nên dùng,INFORMATIONAL,SUPPORT,/ho-tro/doi-mat-khau-wifi-fpt/,P2,UNKNOWN,UNKNOWN,UNKNOWN,MAPPED_FROM_OWNER,2026-08-15,VARIANT_MAPPED
cách đổi pass wifi fpt ưu nhược điểm,cách đổi pass wifi fpt ưu nhược điểm,INFORMATIONAL,SUPPORT,/ho-tro/doi-mat-khau-wifi-fpt/,P2,UNKNOWN,UNKNOWN,UNKNOWN,MAPPED_FROM_OWNER,2026-08-15,VARIANT_MAPPED
cách đổi pass wifi fpt 2026,cách đổi pass wifi fpt 2026,INFORMATIONAL,SUPPORT,/ho-tro/doi-mat-khau-wifi-fpt/,P2,UNKNOWN,UNKNOWN,UNKNOWN,MAPPED_FROM_OWNER,2026-08-15,VARIANT_MAPPED
wifi fpt yếu là gì,wifi fpt yếu là gì,INFORMATIONAL,SUPPORT,/ho-tro/wifi-fpt-yeu/,P2,UNKNOWN,UNKNOWN,UNKNOWN,MAPPED_FROM_OWNER,2026-08-15,VARIANT_MAPPED
wifi fpt yếu hoạt động thế nào,wifi fpt yếu hoạt động thế nào,INFORMATIONAL,SUPPORT,/ho-tro/wifi-fpt-yeu/,P2,UNKNOWN,UNKNOWN,UNKNOWN,MAPPED_FROM_OWNER,2026-08-15,VARIANT_MAPPED
wifi fpt yếu có gì mới,wifi fpt yếu có gì mới,INFORMATIONAL,SUPPORT,/ho-tro/wifi-fpt-yeu/,P2,UNKNOWN,UNKNOWN,UNKNOWN,MAPPED_FROM_OWNER,2026-08-15,VARIANT_MAPPED
wifi fpt yếu hướng dẫn,wifi fpt yếu hướng dẫn,INFORMATIONAL,SUPPORT,/ho-tro/wifi-fpt-yeu/,P2,UNKNOWN,UNKNOWN,UNKNOWN,MAPPED_FROM_OWNER,2026-08-15,VARIANT_MAPPED
wifi fpt yếu có nên dùng,wifi fpt yếu có nên dùng,INFORMATIONAL,SUPPORT,/ho-tro/wifi-fpt-yeu/,P2,UNKNOWN,UNKNOWN,UNKNOWN,MAPPED_FROM_OWNER,2026-08-15,VARIANT_MAPPED
wifi fpt yếu ưu nhược điểm,wifi fpt yếu ưu nhược điểm,INFORMATIONAL,SUPPORT,/ho-tro/wifi-fpt-yeu/,P2,UNKNOWN,UNKNOWN,UNKNOWN,MAPPED_FROM_OWNER,2026-08-15,VARIANT_MAPPED
wifi fpt yếu 2026,wifi fpt yếu 2026,INFORMATIONAL,SUPPORT,/ho-tro/wifi-fpt-yeu/,P2,UNKNOWN,UNKNOWN,UNKNOWN,MAPPED_FROM_OWNER,2026-08-15,VARIANT_MAPPED
wifi fpt chậm là gì,wifi fpt chậm là gì,INFORMATIONAL,SUPPORT,/ho-tro/wifi-fpt-yeu/,P2,UNKNOWN,UNKNOWN,UNKNOWN,MAPPED_FROM_OWNER,2026-08-15,VARIANT_MAPPED
wifi fpt chậm hoạt động thế nào,wifi fpt chậm hoạt động thế nào,INFORMATIONAL,SUPPORT,/ho-tro/wifi-fpt-yeu/,P2,UNKNOWN,UNKNOWN,UNKNOWN,MAPPED_FROM_OWNER,2026-08-15,VARIANT_MAPPED
wifi fpt chậm có gì mới,wifi fpt chậm có gì mới,INFORMATIONAL,SUPPORT,/ho-tro/wifi-fpt-yeu/,P2,UNKNOWN,UNKNOWN,UNKNOWN,MAPPED_FROM_OWNER,2026-08-15,VARIANT_MAPPED
wifi fpt chậm hướng dẫn,wifi fpt chậm hướng dẫn,INFORMATIONAL,SUPPORT,/ho-tro/wifi-fpt-yeu/,P2,UNKNOWN,UNKNOWN,UNKNOWN,MAPPED_FROM_OWNER,2026-08-15,VARIANT_MAPPED
wifi fpt chậm có nên dùng,wifi fpt chậm có nên dùng,INFORMATIONAL,SUPPORT,/ho-tro/wifi-fpt-yeu/,P2,UNKNOWN,UNKNOWN,UNKNOWN,MAPPED_FROM_OWNER,2026-08-15,VARIANT_MAPPED
wifi fpt chậm ưu nhược điểm,wifi fpt chậm ưu nhược điểm,INFORMATIONAL,SUPPORT,/ho-tro/wifi-fpt-yeu/,P2,UNKNOWN,UNKNOWN,UNKNOWN,MAPPED_FROM_OWNER,2026-08-15,VARIANT_MAPPED
wifi fpt chậm 2026,wifi fpt chậm 2026,INFORMATIONAL,SUPPORT,/ho-tro/wifi-fpt-yeu/,P2,UNKNOWN,UNKNOWN,UNKNOWN,MAPPED_FROM_OWNER,2026-08-15,VARIANT_MAPPED
mạng fpt chậm là gì,mạng fpt chậm là gì,INFORMATIONAL,SUPPORT,/ho-tro/mang-fpt-cham/,P2,UNKNOWN,UNKNOWN,UNKNOWN,MAPPED_FROM_OWNER,2026-08-15,VARIANT_MAPPED
mạng fpt chậm hoạt động thế nào,mạng fpt chậm hoạt động thế nào,INFORMATIONAL,SUPPORT,/ho-tro/mang-fpt-cham/,P2,UNKNOWN,UNKNOWN,UNKNOWN,MAPPED_FROM_OWNER,2026-08-15,VARIANT_MAPPED
mạng fpt chậm có gì mới,mạng fpt chậm có gì mới,INFORMATIONAL,SUPPORT,/ho-tro/mang-fpt-cham/,P2,UNKNOWN,UNKNOWN,UNKNOWN,MAPPED_FROM_OWNER,2026-08-15,VARIANT_MAPPED
mạng fpt chậm hướng dẫn,mạng fpt chậm hướng dẫn,INFORMATIONAL,SUPPORT,/ho-tro/mang-fpt-cham/,P2,UNKNOWN,UNKNOWN,UNKNOWN,MAPPED_FROM_OWNER,2026-08-15,VARIANT_MAPPED
mạng fpt chậm có nên dùng,mạng fpt chậm có nên dùng,INFORMATIONAL,SUPPORT,/ho-tro/mang-fpt-cham/,P2,UNKNOWN,UNKNOWN,UNKNOWN,MAPPED_FROM_OWNER,2026-08-15,VARIANT_MAPPED
mạng fpt chậm ưu nhược điểm,mạng fpt chậm ưu nhược điểm,INFORMATIONAL,SUPPORT,/ho-tro/mang-fpt-cham/,P2,UNKNOWN,UNKNOWN,UNKNOWN,MAPPED_FROM_OWNER,2026-08-15,VARIANT_MAPPED
mạng fpt chậm 2026,mạng fpt chậm 2026,INFORMATIONAL,SUPPORT,/ho-tro/mang-fpt-cham/,P2,UNKNOWN,UNKNOWN,UNKNOWN,MAPPED_FROM_OWNER,2026-08-15,VARIANT_MAPPED
internet fpt chậm là gì,internet fpt chậm là gì,INFORMATIONAL,SUPPORT,/ho-tro/mang-fpt-cham/,P2,UNKNOWN,UNKNOWN,UNKNOWN,MAPPED_FROM_OWNER,2026-08-15,VARIANT_MAPPED
internet fpt chậm hoạt động thế nào,internet fpt chậm hoạt động thế nào,INFORMATIONAL,SUPPORT,/ho-tro/mang-fpt-cham/,P2,UNKNOWN,UNKNOWN,UNKNOWN,MAPPED_FROM_OWNER,2026-08-15,VARIANT_MAPPED
internet fpt chậm có gì mới,internet fpt chậm có gì mới,INFORMATIONAL,SUPPORT,/ho-tro/mang-fpt-cham/,P2,UNKNOWN,UNKNOWN,UNKNOWN,MAPPED_FROM_OWNER,2026-08-15,VARIANT_MAPPED
internet fpt chậm hướng dẫn,internet fpt chậm hướng dẫn,INFORMATIONAL,SUPPORT,/ho-tro/mang-fpt-cham/,P2,UNKNOWN,UNKNOWN,UNKNOWN,MAPPED_FROM_OWNER,2026-08-15,VARIANT_MAPPED
internet fpt chậm có nên dùng,internet fpt chậm có nên dùng,INFORMATIONAL,SUPPORT,/ho-tro/mang-fpt-cham/,P2,UNKNOWN,UNKNOWN,UNKNOWN,MAPPED_FROM_OWNER,2026-08-15,VARIANT_MAPPED
internet fpt chậm ưu nhược điểm,internet fpt chậm ưu nhược điểm,INFORMATIONAL,SUPPORT,/ho-tro/mang-fpt-cham/,P2,UNKNOWN,UNKNOWN,UNKNOWN,MAPPED_FROM_OWNER,2026-08-15,VARIANT_MAPPED
internet fpt chậm 2026,internet fpt chậm 2026,INFORMATIONAL,SUPPORT,/ho-tro/mang-fpt-cham/,P2,UNKNOWN,UNKNOWN,UNKNOWN,MAPPED_FROM_OWNER,2026-08-15,VARIANT_MAPPED
mất mạng fpt là gì,mất mạng fpt là gì,INFORMATIONAL,SUPPORT,/ho-tro/mat-mang-fpt/,P2,UNKNOWN,UNKNOWN,UNKNOWN,MAPPED_FROM_OWNER,2026-08-15,VARIANT_MAPPED
mất mạng fpt hoạt động thế nào,mất mạng fpt hoạt động thế nào,INFORMATIONAL,SUPPORT,/ho-tro/mat-mang-fpt/,P2,UNKNOWN,UNKNOWN,UNKNOWN,MAPPED_FROM_OWNER,2026-08-15,VARIANT_MAPPED
mất mạng fpt có gì mới,mất mạng fpt có gì mới,INFORMATIONAL,SUPPORT,/ho-tro/mat-mang-fpt/,P2,UNKNOWN,UNKNOWN,UNKNOWN,MAPPED_FROM_OWNER,2026-08-15,VARIANT_MAPPED
mất mạng fpt hướng dẫn,mất mạng fpt hướng dẫn,INFORMATIONAL,SUPPORT,/ho-tro/mat-mang-fpt/,P2,UNKNOWN,UNKNOWN,UNKNOWN,MAPPED_FROM_OWNER,2026-08-15,VARIANT_MAPPED
mất mạng fpt có nên dùng,mất mạng fpt có nên dùng,INFORMATIONAL,SUPPORT,/ho-tro/mat-mang-fpt/,P2,UNKNOWN,UNKNOWN,UNKNOWN,MAPPED_FROM_OWNER,2026-08-15,VARIANT_MAPPED
mất mạng fpt ưu nhược điểm,mất mạng fpt ưu nhược điểm,INFORMATIONAL,SUPPORT,/ho-tro/mat-mang-fpt/,P2,UNKNOWN,UNKNOWN,UNKNOWN,MAPPED_FROM_OWNER,2026-08-15,VARIANT_MAPPED
mất mạng fpt 2026,mất mạng fpt 2026,INFORMATIONAL,SUPPORT,/ho-tro/mat-mang-fpt/,P2,UNKNOWN,UNKNOWN,UNKNOWN,MAPPED_FROM_OWNER,2026-08-15,VARIANT_MAPPED
fpt mất mạng là gì,fpt mất mạng là gì,INFORMATIONAL,SUPPORT,/ho-tro/mat-mang-fpt/,P2,UNKNOWN,UNKNOWN,UNKNOWN,MAPPED_FROM_OWNER,2026-08-15,VARIANT_MAPPED
fpt mất mạng hoạt động thế nào,fpt mất mạng hoạt động thế nào,INFORMATIONAL,SUPPORT,/ho-tro/mat-mang-fpt/,P2,UNKNOWN,UNKNOWN,UNKNOWN,MAPPED_FROM_OWNER,2026-08-15,VARIANT_MAPPED
fpt mất mạng có gì mới,fpt mất mạng có gì mới,INFORMATIONAL,SUPPORT,/ho-tro/mat-mang-fpt/,P2,UNKNOWN,UNKNOWN,UNKNOWN,MAPPED_FROM_OWNER,2026-08-15,VARIANT_MAPPED
fpt mất mạng hướng dẫn,fpt mất mạng hướng dẫn,INFORMATIONAL,SUPPORT,/ho-tro/mat-mang-fpt/,P2,UNKNOWN,UNKNOWN,UNKNOWN,MAPPED_FROM_OWNER,2026-08-15,VARIANT_MAPPED
fpt mất mạng có nên dùng,fpt mất mạng có nên dùng,INFORMATIONAL,SUPPORT,/ho-tro/mat-mang-fpt/,P2,UNKNOWN,UNKNOWN,UNKNOWN,MAPPED_FROM_OWNER,2026-08-15,VARIANT_MAPPED
fpt mất mạng ưu nhược điểm,fpt mất mạng ưu nhược điểm,INFORMATIONAL,SUPPORT,/ho-tro/mat-mang-fpt/,P2,UNKNOWN,UNKNOWN,UNKNOWN,MAPPED_FROM_OWNER,2026-08-15,VARIANT_MAPPED
fpt mất mạng 2026,fpt mất mạng 2026,INFORMATIONAL,SUPPORT,/ho-tro/mat-mang-fpt/,P2,UNKNOWN,UNKNOWN,UNKNOWN,MAPPED_FROM_OWNER,2026-08-15,VARIANT_MAPPED
chuyển địa điểm fpt là gì,chuyển địa điểm fpt là gì,INFORMATIONAL,SUPPORT,/ho-tro/chuyen-dia-diem-fpt/,P2,UNKNOWN,UNKNOWN,UNKNOWN,MAPPED_FROM_OWNER,2026-08-15,VARIANT_MAPPED
chuyển địa điểm fpt hoạt động thế nào,chuyển địa điểm fpt hoạt động thế nào,INFORMATIONAL,SUPPORT,/ho-tro/chuyen-dia-diem-fpt/,P2,UNKNOWN,UNKNOWN,UNKNOWN,MAPPED_FROM_OWNER,2026-08-15,VARIANT_MAPPED
chuyển địa điểm fpt có gì mới,chuyển địa điểm fpt có gì mới,INFORMATIONAL,SUPPORT,/ho-tro/chuyen-dia-diem-fpt/,P2,UNKNOWN,UNKNOWN,UNKNOWN,MAPPED_FROM_OWNER,2026-08-15,VARIANT_MAPPED
chuyển địa điểm fpt hướng dẫn,chuyển địa điểm fpt hướng dẫn,INFORMATIONAL,SUPPORT,/ho-tro/chuyen-dia-diem-fpt/,P2,UNKNOWN,UNKNOWN,UNKNOWN,MAPPED_FROM_OWNER,2026-08-15,VARIANT_MAPPED
chuyển địa điểm fpt có nên dùng,chuyển địa điểm fpt có nên dùng,INFORMATIONAL,SUPPORT,/ho-tro/chuyen-dia-diem-fpt/,P2,UNKNOWN,UNKNOWN,UNKNOWN,MAPPED_FROM_OWNER,2026-08-15,VARIANT_MAPPED
chuyển địa điểm fpt ưu nhược điểm,chuyển địa điểm fpt ưu nhược điểm,INFORMATIONAL,SUPPORT,/ho-tro/chuyen-dia-diem-fpt/,P2,UNKNOWN,UNKNOWN,UNKNOWN,MAPPED_FROM_OWNER,2026-08-15,VARIANT_MAPPED
chuyển địa điểm fpt 2026,chuyển địa điểm fpt 2026,INFORMATIONAL,SUPPORT,/ho-tro/chuyen-dia-diem-fpt/,P2,UNKNOWN,UNKNOWN,UNKNOWN,MAPPED_FROM_OWNER,2026-08-15,VARIANT_MAPPED
chuyển mạng fpt là gì,chuyển mạng fpt là gì,INFORMATIONAL,SUPPORT,/ho-tro/chuyen-dia-diem-fpt/,P2,UNKNOWN,UNKNOWN,UNKNOWN,MAPPED_FROM_OWNER,2026-08-15,VARIANT_MAPPED
chuyển mạng fpt hoạt động thế nào,chuyển mạng fpt hoạt động thế nào,INFORMATIONAL,SUPPORT,/ho-tro/chuyen-dia-diem-fpt/,P2,UNKNOWN,UNKNOWN,UNKNOWN,MAPPED_FROM_OWNER,2026-08-15,VARIANT_MAPPED
chuyển mạng fpt có gì mới,chuyển mạng fpt có gì mới,INFORMATIONAL,SUPPORT,/ho-tro/chuyen-dia-diem-fpt/,P2,UNKNOWN,UNKNOWN,UNKNOWN,MAPPED_FROM_OWNER,2026-08-15,VARIANT_MAPPED
chuyển mạng fpt hướng dẫn,chuyển mạng fpt hướng dẫn,INFORMATIONAL,SUPPORT,/ho-tro/chuyen-dia-diem-fpt/,P2,UNKNOWN,UNKNOWN,UNKNOWN,MAPPED_FROM_OWNER,2026-08-15,VARIANT_MAPPED
chuyển mạng fpt có nên dùng,chuyển mạng fpt có nên dùng,INFORMATIONAL,SUPPORT,/ho-tro/chuyen-dia-diem-fpt/,P2,UNKNOWN,UNKNOWN,UNKNOWN,MAPPED_FROM_OWNER,2026-08-15,VARIANT_MAPPED
chuyển mạng fpt ưu nhược điểm,chuyển mạng fpt ưu nhược điểm,INFORMATIONAL,SUPPORT,/ho-tro/chuyen-dia-diem-fpt/,P2,UNKNOWN,UNKNOWN,UNKNOWN,MAPPED_FROM_OWNER,2026-08-15,VARIANT_MAPPED
chuyển mạng fpt 2026,chuyển mạng fpt 2026,INFORMATIONAL,SUPPORT,/ho-tro/chuyen-dia-diem-fpt/,P2,UNKNOWN,UNKNOWN,UNKNOWN,MAPPED_FROM_OWNER,2026-08-15,VARIANT_MAPPED
nâng cấp gói fpt là gì,nâng cấp gói fpt là gì,INFORMATIONAL,SUPPORT,/ho-tro/nang-cap-goi-fpt/,P2,UNKNOWN,UNKNOWN,UNKNOWN,MAPPED_FROM_OWNER,2026-08-15,VARIANT_MAPPED
nâng cấp gói fpt hoạt động thế nào,nâng cấp gói fpt hoạt động thế nào,INFORMATIONAL,SUPPORT,/ho-tro/nang-cap-goi-fpt/,P2,UNKNOWN,UNKNOWN,UNKNOWN,MAPPED_FROM_OWNER,2026-08-15,VARIANT_MAPPED
nâng cấp gói fpt có gì mới,nâng cấp gói fpt có gì mới,INFORMATIONAL,SUPPORT,/ho-tro/nang-cap-goi-fpt/,P2,UNKNOWN,UNKNOWN,UNKNOWN,MAPPED_FROM_OWNER,2026-08-15,VARIANT_MAPPED
nâng cấp gói fpt hướng dẫn,nâng cấp gói fpt hướng dẫn,INFORMATIONAL,SUPPORT,/ho-tro/nang-cap-goi-fpt/,P2,UNKNOWN,UNKNOWN,UNKNOWN,MAPPED_FROM_OWNER,2026-08-15,VARIANT_MAPPED
nâng cấp gói fpt có nên dùng,nâng cấp gói fpt có nên dùng,INFORMATIONAL,SUPPORT,/ho-tro/nang-cap-goi-fpt/,P2,UNKNOWN,UNKNOWN,UNKNOWN,MAPPED_FROM_OWNER,2026-08-15,VARIANT_MAPPED
nâng cấp gói fpt ưu nhược điểm,nâng cấp gói fpt ưu nhược điểm,INFORMATIONAL,SUPPORT,/ho-tro/nang-cap-goi-fpt/,P2,UNKNOWN,UNKNOWN,UNKNOWN,MAPPED_FROM_OWNER,2026-08-15,VARIANT_MAPPED
nâng cấp gói fpt 2026,nâng cấp gói fpt 2026,INFORMATIONAL,SUPPORT,/ho-tro/nang-cap-goi-fpt/,P2,UNKNOWN,UNKNOWN,UNKNOWN,MAPPED_FROM_OWNER,2026-08-15,VARIANT_MAPPED
nâng cấp wifi fpt là gì,nâng cấp wifi fpt là gì,INFORMATIONAL,SUPPORT,/ho-tro/nang-cap-goi-fpt/,P2,UNKNOWN,UNKNOWN,UNKNOWN,MAPPED_FROM_OWNER,2026-08-15,VARIANT_MAPPED
nâng cấp wifi fpt hoạt động thế nào,nâng cấp wifi fpt hoạt động thế nào,INFORMATIONAL,SUPPORT,/ho-tro/nang-cap-goi-fpt/,P2,UNKNOWN,UNKNOWN,UNKNOWN,MAPPED_FROM_OWNER,2026-08-15,VARIANT_MAPPED
nâng cấp wifi fpt có gì mới,nâng cấp wifi fpt có gì mới,INFORMATIONAL,SUPPORT,/ho-tro/nang-cap-goi-fpt/,P2,UNKNOWN,UNKNOWN,UNKNOWN,MAPPED_FROM_OWNER,2026-08-15,VARIANT_MAPPED
nâng cấp wifi fpt hướng dẫn,nâng cấp wifi fpt hướng dẫn,INFORMATIONAL,SUPPORT,/ho-tro/nang-cap-goi-fpt/,P2,UNKNOWN,UNKNOWN,UNKNOWN,MAPPED_FROM_OWNER,2026-08-15,VARIANT_MAPPED
nâng cấp wifi fpt có nên dùng,nâng cấp wifi fpt có nên dùng,INFORMATIONAL,SUPPORT,/ho-tro/nang-cap-goi-fpt/,P2,UNKNOWN,UNKNOWN,UNKNOWN,MAPPED_FROM_OWNER,2026-08-15,VARIANT_MAPPED
nâng cấp wifi fpt ưu nhược điểm,nâng cấp wifi fpt ưu nhược điểm,INFORMATIONAL,SUPPORT,/ho-tro/nang-cap-goi-fpt/,P2,UNKNOWN,UNKNOWN,UNKNOWN,MAPPED_FROM_OWNER,2026-08-15,VARIANT_MAPPED
nâng cấp wifi fpt 2026,nâng cấp wifi fpt 2026,INFORMATIONAL,SUPPORT,/ho-tro/nang-cap-goi-fpt/,P2,UNKNOWN,UNKNOWN,UNKNOWN,MAPPED_FROM_OWNER,2026-08-15,VARIANT_MAPPED
hủy dịch vụ fpt là gì,hủy dịch vụ fpt là gì,INFORMATIONAL,SUPPORT,/ho-tro/huy-goi-fpt/,P2,UNKNOWN,UNKNOWN,UNKNOWN,MAPPED_FROM_OWNER,2026-08-15,VARIANT_MAPPED
hủy dịch vụ fpt hoạt động thế nào,hủy dịch vụ fpt hoạt động thế nào,INFORMATIONAL,SUPPORT,/ho-tro/huy-goi-fpt/,P2,UNKNOWN,UNKNOWN,UNKNOWN,MAPPED_FROM_OWNER,2026-08-15,VARIANT_MAPPED
hủy dịch vụ fpt có gì mới,hủy dịch vụ fpt có gì mới,INFORMATIONAL,SUPPORT,/ho-tro/huy-goi-fpt/,P2,UNKNOWN,UNKNOWN,UNKNOWN,MAPPED_FROM_OWNER,2026-08-15,VARIANT_MAPPED
hủy dịch vụ fpt hướng dẫn,hủy dịch vụ fpt hướng dẫn,INFORMATIONAL,SUPPORT,/ho-tro/huy-goi-fpt/,P2,UNKNOWN,UNKNOWN,UNKNOWN,MAPPED_FROM_OWNER,2026-08-15,VARIANT_MAPPED
hủy dịch vụ fpt có nên dùng,hủy dịch vụ fpt có nên dùng,INFORMATIONAL,SUPPORT,/ho-tro/huy-goi-fpt/,P2,UNKNOWN,UNKNOWN,UNKNOWN,MAPPED_FROM_OWNER,2026-08-15,VARIANT_MAPPED
hủy dịch vụ fpt ưu nhược điểm,hủy dịch vụ fpt ưu nhược điểm,INFORMATIONAL,SUPPORT,/ho-tro/huy-goi-fpt/,P2,UNKNOWN,UNKNOWN,UNKNOWN,MAPPED_FROM_OWNER,2026-08-15,VARIANT_MAPPED
hủy dịch vụ fpt 2026,hủy dịch vụ fpt 2026,INFORMATIONAL,SUPPORT,/ho-tro/huy-goi-fpt/,P2,UNKNOWN,UNKNOWN,UNKNOWN,MAPPED_FROM_OWNER,2026-08-15,VARIANT_MAPPED
hủy mạng fpt là gì,hủy mạng fpt là gì,INFORMATIONAL,SUPPORT,/ho-tro/huy-goi-fpt/,P2,UNKNOWN,UNKNOWN,UNKNOWN,MAPPED_FROM_OWNER,2026-08-15,VARIANT_MAPPED
hủy mạng fpt hoạt động thế nào,hủy mạng fpt hoạt động thế nào,INFORMATIONAL,SUPPORT,/ho-tro/huy-goi-fpt/,P2,UNKNOWN,UNKNOWN,UNKNOWN,MAPPED_FROM_OWNER,2026-08-15,VARIANT_MAPPED
hủy mạng fpt có gì mới,hủy mạng fpt có gì mới,INFORMATIONAL,SUPPORT,/ho-tro/huy-goi-fpt/,P2,UNKNOWN,UNKNOWN,UNKNOWN,MAPPED_FROM_OWNER,2026-08-15,VARIANT_MAPPED
hủy mạng fpt hướng dẫn,hủy mạng fpt hướng dẫn,INFORMATIONAL,SUPPORT,/ho-tro/huy-goi-fpt/,P2,UNKNOWN,UNKNOWN,UNKNOWN,MAPPED_FROM_OWNER,2026-08-15,VARIANT_MAPPED
hủy mạng fpt có nên dùng,hủy mạng fpt có nên dùng,INFORMATIONAL,SUPPORT,/ho-tro/huy-goi-fpt/,P2,UNKNOWN,UNKNOWN,UNKNOWN,MAPPED_FROM_OWNER,2026-08-15,VARIANT_MAPPED
hủy mạng fpt ưu nhược điểm,hủy mạng fpt ưu nhược điểm,INFORMATIONAL,SUPPORT,/ho-tro/huy-goi-fpt/,P2,UNKNOWN,UNKNOWN,UNKNOWN,MAPPED_FROM_OWNER,2026-08-15,VARIANT_MAPPED
hủy mạng fpt 2026,hủy mạng fpt 2026,INFORMATIONAL,SUPPORT,/ho-tro/huy-goi-fpt/,P2,UNKNOWN,UNKNOWN,UNKNOWN,MAPPED_FROM_OWNER,2026-08-15,VARIANT_MAPPED
kiểm tra tốc độ mạng fpt là gì,kiểm tra tốc độ mạng fpt là gì,INFORMATIONAL,SUPPORT,/ho-tro/kiem-tra-toc-do-mang-fpt/,P2,UNKNOWN,UNKNOWN,UNKNOWN,MAPPED_FROM_OWNER,2026-08-15,VARIANT_MAPPED
kiểm tra tốc độ mạng fpt hoạt động thế nào,kiểm tra tốc độ mạng fpt hoạt động thế nào,INFORMATIONAL,SUPPORT,/ho-tro/kiem-tra-toc-do-mang-fpt/,P2,UNKNOWN,UNKNOWN,UNKNOWN,MAPPED_FROM_OWNER,2026-08-15,VARIANT_MAPPED
kiểm tra tốc độ mạng fpt có gì mới,kiểm tra tốc độ mạng fpt có gì mới,INFORMATIONAL,SUPPORT,/ho-tro/kiem-tra-toc-do-mang-fpt/,P2,UNKNOWN,UNKNOWN,UNKNOWN,MAPPED_FROM_OWNER,2026-08-15,VARIANT_MAPPED
kiểm tra tốc độ mạng fpt hướng dẫn,kiểm tra tốc độ mạng fpt hướng dẫn,INFORMATIONAL,SUPPORT,/ho-tro/kiem-tra-toc-do-mang-fpt/,P2,UNKNOWN,UNKNOWN,UNKNOWN,MAPPED_FROM_OWNER,2026-08-15,VARIANT_MAPPED
kiểm tra tốc độ mạng fpt có nên dùng,kiểm tra tốc độ mạng fpt có nên dùng,INFORMATIONAL,SUPPORT,/ho-tro/kiem-tra-toc-do-mang-fpt/,P2,UNKNOWN,UNKNOWN,UNKNOWN,MAPPED_FROM_OWNER,2026-08-15,VARIANT_MAPPED
kiểm tra tốc độ mạng fpt ưu nhược điểm,kiểm tra tốc độ mạng fpt ưu nhược điểm,INFORMATIONAL,SUPPORT,/ho-tro/kiem-tra-toc-do-mang-fpt/,P2,UNKNOWN,UNKNOWN,UNKNOWN,MAPPED_FROM_OWNER,2026-08-15,VARIANT_MAPPED
kiểm tra tốc độ mạng fpt 2026,kiểm tra tốc độ mạng fpt 2026,INFORMATIONAL,SUPPORT,/ho-tro/kiem-tra-toc-do-mang-fpt/,P2,UNKNOWN,UNKNOWN,UNKNOWN,MAPPED_FROM_OWNER,2026-08-15,VARIANT_MAPPED
speedtest fpt là gì,speedtest fpt là gì,INFORMATIONAL,SUPPORT,/ho-tro/kiem-tra-toc-do-mang-fpt/,P2,UNKNOWN,UNKNOWN,UNKNOWN,MAPPED_FROM_OWNER,2026-08-15,VARIANT_MAPPED
speedtest fpt hoạt động thế nào,speedtest fpt hoạt động thế nào,INFORMATIONAL,SUPPORT,/ho-tro/kiem-tra-toc-do-mang-fpt/,P2,UNKNOWN,UNKNOWN,UNKNOWN,MAPPED_FROM_OWNER,2026-08-15,VARIANT_MAPPED
speedtest fpt có gì mới,speedtest fpt có gì mới,INFORMATIONAL,SUPPORT,/ho-tro/kiem-tra-toc-do-mang-fpt/,P2,UNKNOWN,UNKNOWN,UNKNOWN,MAPPED_FROM_OWNER,2026-08-15,VARIANT_MAPPED
speedtest fpt hướng dẫn,speedtest fpt hướng dẫn,INFORMATIONAL,SUPPORT,/ho-tro/kiem-tra-toc-do-mang-fpt/,P2,UNKNOWN,UNKNOWN,UNKNOWN,MAPPED_FROM_OWNER,2026-08-15,VARIANT_MAPPED
speedtest fpt có nên dùng,speedtest fpt có nên dùng,INFORMATIONAL,SUPPORT,/ho-tro/kiem-tra-toc-do-mang-fpt/,P2,UNKNOWN,UNKNOWN,UNKNOWN,MAPPED_FROM_OWNER,2026-08-15,VARIANT_MAPPED
speedtest fpt ưu nhược điểm,speedtest fpt ưu nhược điểm,INFORMATIONAL,SUPPORT,/ho-tro/kiem-tra-toc-do-mang-fpt/,P2,UNKNOWN,UNKNOWN,UNKNOWN,MAPPED_FROM_OWNER,2026-08-15,VARIANT_MAPPED
speedtest fpt 2026,speedtest fpt 2026,INFORMATIONAL,SUPPORT,/ho-tro/kiem-tra-toc-do-mang-fpt/,P2,UNKNOWN,UNKNOWN,UNKNOWN,MAPPED_FROM_OWNER,2026-08-15,VARIANT_MAPPED
modem wifi 6 fpt là gì,modem wifi 6 fpt là gì,INFORMATIONAL,SUPPORT,/kien-thuc/modem-wifi-6-fpt/,P2,UNKNOWN,UNKNOWN,UNKNOWN,MAPPED_FROM_OWNER,2026-08-15,VARIANT_MAPPED
modem wifi 6 fpt hoạt động thế nào,modem wifi 6 fpt hoạt động thế nào,INFORMATIONAL,SUPPORT,/kien-thuc/modem-wifi-6-fpt/,P2,UNKNOWN,UNKNOWN,UNKNOWN,MAPPED_FROM_OWNER,2026-08-15,VARIANT_MAPPED
modem wifi 6 fpt có gì mới,modem wifi 6 fpt có gì mới,INFORMATIONAL,SUPPORT,/kien-thuc/modem-wifi-6-fpt/,P2,UNKNOWN,UNKNOWN,UNKNOWN,MAPPED_FROM_OWNER,2026-08-15,VARIANT_MAPPED
modem wifi 6 fpt hướng dẫn,modem wifi 6 fpt hướng dẫn,INFORMATIONAL,SUPPORT,/kien-thuc/modem-wifi-6-fpt/,P2,UNKNOWN,UNKNOWN,UNKNOWN,MAPPED_FROM_OWNER,2026-08-15,VARIANT_MAPPED
modem wifi 6 fpt có nên dùng,modem wifi 6 fpt có nên dùng,INFORMATIONAL,SUPPORT,/kien-thuc/modem-wifi-6-fpt/,P2,UNKNOWN,UNKNOWN,UNKNOWN,MAPPED_FROM_OWNER,2026-08-15,VARIANT_MAPPED
modem wifi 6 fpt ưu nhược điểm,modem wifi 6 fpt ưu nhược điểm,INFORMATIONAL,SUPPORT,/kien-thuc/modem-wifi-6-fpt/,P2,UNKNOWN,UNKNOWN,UNKNOWN,MAPPED_FROM_OWNER,2026-08-15,VARIANT_MAPPED
modem wifi 6 fpt 2026,modem wifi 6 fpt 2026,INFORMATIONAL,SUPPORT,/kien-thuc/modem-wifi-6-fpt/,P2,UNKNOWN,UNKNOWN,UNKNOWN,MAPPED_FROM_OWNER,2026-08-15,VARIANT_MAPPED
mesh wifi là gì? là gì,mesh wifi là gì? là gì,INFORMATIONAL,SUPPORT,/kien-thuc/mesh-wifi-la-gi/,P2,UNKNOWN,UNKNOWN,UNKNOWN,MAPPED_FROM_OWNER,2026-08-15,VARIANT_MAPPED
mesh wifi là gì? hoạt động thế nào,mesh wifi là gì? hoạt động thế nào,INFORMATIONAL,SUPPORT,/kien-thuc/mesh-wifi-la-gi/,P2,UNKNOWN,UNKNOWN,UNKNOWN,MAPPED_FROM_OWNER,2026-08-15,VARIANT_MAPPED
mesh wifi là gì? có gì mới,mesh wifi là gì? có gì mới,INFORMATIONAL,SUPPORT,/kien-thuc/mesh-wifi-la-gi/,P2,UNKNOWN,UNKNOWN,UNKNOWN,MAPPED_FROM_OWNER,2026-08-15,VARIANT_MAPPED
mesh wifi là gì? hướng dẫn,mesh wifi là gì? hướng dẫn,INFORMATIONAL,SUPPORT,/kien-thuc/mesh-wifi-la-gi/,P2,UNKNOWN,UNKNOWN,UNKNOWN,MAPPED_FROM_OWNER,2026-08-15,VARIANT_MAPPED
mesh wifi là gì? có nên dùng,mesh wifi là gì? có nên dùng,INFORMATIONAL,SUPPORT,/kien-thuc/mesh-wifi-la-gi/,P2,UNKNOWN,UNKNOWN,UNKNOWN,MAPPED_FROM_OWNER,2026-08-15,VARIANT_MAPPED
mesh wifi là gì? ưu nhược điểm,mesh wifi là gì? ưu nhược điểm,INFORMATIONAL,SUPPORT,/kien-thuc/mesh-wifi-la-gi/,P2,UNKNOWN,UNKNOWN,UNKNOWN,MAPPED_FROM_OWNER,2026-08-15,VARIANT_MAPPED
mesh wifi là gì? 2026,mesh wifi là gì? 2026,INFORMATIONAL,SUPPORT,/kien-thuc/mesh-wifi-la-gi/,P2,UNKNOWN,UNKNOWN,UNKNOWN,MAPPED_FROM_OWNER,2026-08-15,VARIANT_MAPPED
mesh wifi là gì là gì,mesh wifi là gì là gì,INFORMATIONAL,SUPPORT,/kien-thuc/mesh-wifi-la-gi/,P2,UNKNOWN,UNKNOWN,UNKNOWN,MAPPED_FROM_OWNER,2026-08-15,VARIANT_MAPPED
mesh wifi là gì hoạt động thế nào,mesh wifi là gì hoạt động thế nào,INFORMATIONAL,SUPPORT,/kien-thuc/mesh-wifi-la-gi/,P2,UNKNOWN,UNKNOWN,UNKNOWN,MAPPED_FROM_OWNER,2026-08-15,VARIANT_MAPPED
mesh wifi là gì có gì mới,mesh wifi là gì có gì mới,INFORMATIONAL,SUPPORT,/kien-thuc/mesh-wifi-la-gi/,P2,UNKNOWN,UNKNOWN,UNKNOWN,MAPPED_FROM_OWNER,2026-08-15,VARIANT_MAPPED
mesh wifi là gì hướng dẫn,mesh wifi là gì hướng dẫn,INFORMATIONAL,SUPPORT,/kien-thuc/mesh-wifi-la-gi/,P2,UNKNOWN,UNKNOWN,UNKNOWN,MAPPED_FROM_OWNER,2026-08-15,VARIANT_MAPPED
mesh wifi là gì có nên dùng,mesh wifi là gì có nên dùng,INFORMATIONAL,SUPPORT,/kien-thuc/mesh-wifi-la-gi/,P2,UNKNOWN,UNKNOWN,UNKNOWN,MAPPED_FROM_OWNER,2026-08-15,VARIANT_MAPPED
mesh wifi là gì ưu nhược điểm,mesh wifi là gì ưu nhược điểm,INFORMATIONAL,SUPPORT,/kien-thuc/mesh-wifi-la-gi/,P2,UNKNOWN,UNKNOWN,UNKNOWN,MAPPED_FROM_OWNER,2026-08-15,VARIANT_MAPPED
mesh wifi là gì 2026,mesh wifi là gì 2026,INFORMATIONAL,SUPPORT,/kien-thuc/mesh-wifi-la-gi/,P2,UNKNOWN,UNKNOWN,UNKNOWN,MAPPED_FROM_OWNER,2026-08-15,VARIANT_MAPPED
mesh fpt là gì là gì,mesh fpt là gì là gì,INFORMATIONAL,SUPPORT,/kien-thuc/mesh-wifi-la-gi/,P2,UNKNOWN,UNKNOWN,UNKNOWN,MAPPED_FROM_OWNER,2026-08-15,VARIANT_MAPPED
mesh fpt là gì hoạt động thế nào,mesh fpt là gì hoạt động thế nào,INFORMATIONAL,SUPPORT,/kien-thuc/mesh-wifi-la-gi/,P2,UNKNOWN,UNKNOWN,UNKNOWN,MAPPED_FROM_OWNER,2026-08-15,VARIANT_MAPPED
mesh fpt là gì có gì mới,mesh fpt là gì có gì mới,INFORMATIONAL,SUPPORT,/kien-thuc/mesh-wifi-la-gi/,P2,UNKNOWN,UNKNOWN,UNKNOWN,MAPPED_FROM_OWNER,2026-08-15,VARIANT_MAPPED
mesh fpt là gì hướng dẫn,mesh fpt là gì hướng dẫn,INFORMATIONAL,SUPPORT,/kien-thuc/mesh-wifi-la-gi/,P2,UNKNOWN,UNKNOWN,UNKNOWN,MAPPED_FROM_OWNER,2026-08-15,VARIANT_MAPPED
mesh fpt là gì có nên dùng,mesh fpt là gì có nên dùng,INFORMATIONAL,SUPPORT,/kien-thuc/mesh-wifi-la-gi/,P2,UNKNOWN,UNKNOWN,UNKNOWN,MAPPED_FROM_OWNER,2026-08-15,VARIANT_MAPPED
mesh fpt là gì ưu nhược điểm,mesh fpt là gì ưu nhược điểm,INFORMATIONAL,SUPPORT,/kien-thuc/mesh-wifi-la-gi/,P2,UNKNOWN,UNKNOWN,UNKNOWN,MAPPED_FROM_OWNER,2026-08-15,VARIANT_MAPPED
mesh fpt là gì 2026,mesh fpt là gì 2026,INFORMATIONAL,SUPPORT,/kien-thuc/mesh-wifi-la-gi/,P2,UNKNOWN,UNKNOWN,UNKNOWN,MAPPED_FROM_OWNER,2026-08-15,VARIANT_MAPPED
300 mbps đủ dùng không? là gì,300 mbps đủ dùng không? là gì,INFORMATIONAL,SUPPORT,/kien-thuc/300mbps-du-khong/,P2,UNKNOWN,UNKNOWN,UNKNOWN,MAPPED_FROM_OWNER,2026-08-15,VARIANT_MAPPED
300 mbps đủ dùng không? hoạt động thế nào,300 mbps đủ dùng không? hoạt động thế nào,INFORMATIONAL,SUPPORT,/kien-thuc/300mbps-du-khong/,P2,UNKNOWN,UNKNOWN,UNKNOWN,MAPPED_FROM_OWNER,2026-08-15,VARIANT_MAPPED
300 mbps đủ dùng không? có gì mới,300 mbps đủ dùng không? có gì mới,INFORMATIONAL,SUPPORT,/kien-thuc/300mbps-du-khong/,P2,UNKNOWN,UNKNOWN,UNKNOWN,MAPPED_FROM_OWNER,2026-08-15,VARIANT_MAPPED
300 mbps đủ dùng không? hướng dẫn,300 mbps đủ dùng không? hướng dẫn,INFORMATIONAL,SUPPORT,/kien-thuc/300mbps-du-khong/,P2,UNKNOWN,UNKNOWN,UNKNOWN,MAPPED_FROM_OWNER,2026-08-15,VARIANT_MAPPED
300 mbps đủ dùng không? có nên dùng,300 mbps đủ dùng không? có nên dùng,INFORMATIONAL,SUPPORT,/kien-thuc/300mbps-du-khong/,P2,UNKNOWN,UNKNOWN,UNKNOWN,MAPPED_FROM_OWNER,2026-08-15,VARIANT_MAPPED
300 mbps đủ dùng không? ưu nhược điểm,300 mbps đủ dùng không? ưu nhược điểm,INFORMATIONAL,SUPPORT,/kien-thuc/300mbps-du-khong/,P2,UNKNOWN,UNKNOWN,UNKNOWN,MAPPED_FROM_OWNER,2026-08-15,VARIANT_MAPPED
300 mbps đủ dùng không? 2026,300 mbps đủ dùng không? 2026,INFORMATIONAL,SUPPORT,/kien-thuc/300mbps-du-khong/,P2,UNKNOWN,UNKNOWN,UNKNOWN,MAPPED_FROM_OWNER,2026-08-15,VARIANT_MAPPED
300mbps đủ không là gì,300mbps đủ không là gì,INFORMATIONAL,SUPPORT,/kien-thuc/300mbps-du-khong/,P2,UNKNOWN,UNKNOWN,UNKNOWN,MAPPED_FROM_OWNER,2026-08-15,VARIANT_MAPPED
300mbps đủ không hoạt động thế nào,300mbps đủ không hoạt động thế nào,INFORMATIONAL,SUPPORT,/kien-thuc/300mbps-du-khong/,P2,UNKNOWN,UNKNOWN,UNKNOWN,MAPPED_FROM_OWNER,2026-08-15,VARIANT_MAPPED
300mbps đủ không có gì mới,300mbps đủ không có gì mới,INFORMATIONAL,SUPPORT,/kien-thuc/300mbps-du-khong/,P2,UNKNOWN,UNKNOWN,UNKNOWN,MAPPED_FROM_OWNER,2026-08-15,VARIANT_MAPPED
300mbps đủ không hướng dẫn,300mbps đủ không hướng dẫn,INFORMATIONAL,SUPPORT,/kien-thuc/300mbps-du-khong/,P2,UNKNOWN,UNKNOWN,UNKNOWN,MAPPED_FROM_OWNER,2026-08-15,VARIANT_MAPPED
300mbps đủ không có nên dùng,300mbps đủ không có nên dùng,INFORMATIONAL,SUPPORT,/kien-thuc/300mbps-du-khong/,P2,UNKNOWN,UNKNOWN,UNKNOWN,MAPPED_FROM_OWNER,2026-08-15,VARIANT_MAPPED
300mbps đủ không ưu nhược điểm,300mbps đủ không ưu nhược điểm,INFORMATIONAL,SUPPORT,/kien-thuc/300mbps-du-khong/,P2,UNKNOWN,UNKNOWN,UNKNOWN,MAPPED_FROM_OWNER,2026-08-15,VARIANT_MAPPED
300mbps đủ không 2026,300mbps đủ không 2026,INFORMATIONAL,SUPPORT,/kien-thuc/300mbps-du-khong/,P2,UNKNOWN,UNKNOWN,UNKNOWN,MAPPED_FROM_OWNER,2026-08-15,VARIANT_MAPPED
300 mbps dùng được bao nhiêu thiết bị là gì,300 mbps dùng được bao nhiêu thiết bị là gì,INFORMATIONAL,SUPPORT,/kien-thuc/300mbps-du-khong/,P2,UNKNOWN,UNKNOWN,UNKNOWN,MAPPED_FROM_OWNER,2026-08-15,VARIANT_MAPPED
300 mbps dùng được bao nhiêu thiết bị hoạt động thế nào,300 mbps dùng được bao nhiêu thiết bị hoạt động thế nào,INFORMATIONAL,SUPPORT,/kien-thuc/300mbps-du-khong/,P2,UNKNOWN,UNKNOWN,UNKNOWN,MAPPED_FROM_OWNER,2026-08-15,VARIANT_MAPPED
300 mbps dùng được bao nhiêu thiết bị có gì mới,300 mbps dùng được bao nhiêu thiết bị có gì mới,INFORMATIONAL,SUPPORT,/kien-thuc/300mbps-du-khong/,P2,UNKNOWN,UNKNOWN,UNKNOWN,MAPPED_FROM_OWNER,2026-08-15,VARIANT_MAPPED
300 mbps dùng được bao nhiêu thiết bị hướng dẫn,300 mbps dùng được bao nhiêu thiết bị hướng dẫn,INFORMATIONAL,SUPPORT,/kien-thuc/300mbps-du-khong/,P2,UNKNOWN,UNKNOWN,UNKNOWN,MAPPED_FROM_OWNER,2026-08-15,VARIANT_MAPPED
300 mbps dùng được bao nhiêu thiết bị có nên dùng,300 mbps dùng được bao nhiêu thiết bị có nên dùng,INFORMATIONAL,SUPPORT,/kien-thuc/300mbps-du-khong/,P2,UNKNOWN,UNKNOWN,UNKNOWN,MAPPED_FROM_OWNER,2026-08-15,VARIANT_MAPPED
300 mbps dùng được bao nhiêu thiết bị ưu nhược điểm,300 mbps dùng được bao nhiêu thiết bị ưu nhược điểm,INFORMATIONAL,SUPPORT,/kien-thuc/300mbps-du-khong/,P2,UNKNOWN,UNKNOWN,UNKNOWN,MAPPED_FROM_OWNER,2026-08-15,VARIANT_MAPPED
300 mbps dùng được bao nhiêu thiết bị 2026,300 mbps dùng được bao nhiêu thiết bị 2026,INFORMATIONAL,SUPPORT,/kien-thuc/300mbps-du-khong/,P2,UNKNOWN,UNKNOWN,UNKNOWN,MAPPED_FROM_OWNER,2026-08-15,VARIANT_MAPPED
1 gbps dùng được bao nhiêu thiết bị? là gì,1 gbps dùng được bao nhiêu thiết bị? là gì,INFORMATIONAL,SUPPORT,/kien-thuc/1gbps-bao-nhieu-thiet-bi/,P2,UNKNOWN,UNKNOWN,UNKNOWN,MAPPED_FROM_OWNER,2026-08-15,VARIANT_MAPPED
1 gbps dùng được bao nhiêu thiết bị? hoạt động thế nào,1 gbps dùng được bao nhiêu thiết bị? hoạt động thế nào,INFORMATIONAL,SUPPORT,/kien-thuc/1gbps-bao-nhieu-thiet-bi/,P2,UNKNOWN,UNKNOWN,UNKNOWN,MAPPED_FROM_OWNER,2026-08-15,VARIANT_MAPPED
1 gbps dùng được bao nhiêu thiết bị? có gì mới,1 gbps dùng được bao nhiêu thiết bị? có gì mới,INFORMATIONAL,SUPPORT,/kien-thuc/1gbps-bao-nhieu-thiet-bi/,P2,UNKNOWN,UNKNOWN,UNKNOWN,MAPPED_FROM_OWNER,2026-08-15,VARIANT_MAPPED
1 gbps dùng được bao nhiêu thiết bị? hướng dẫn,1 gbps dùng được bao nhiêu thiết bị? hướng dẫn,INFORMATIONAL,SUPPORT,/kien-thuc/1gbps-bao-nhieu-thiet-bi/,P2,UNKNOWN,UNKNOWN,UNKNOWN,MAPPED_FROM_OWNER,2026-08-15,VARIANT_MAPPED
1 gbps dùng được bao nhiêu thiết bị? có nên dùng,1 gbps dùng được bao nhiêu thiết bị? có nên dùng,INFORMATIONAL,SUPPORT,/kien-thuc/1gbps-bao-nhieu-thiet-bi/,P2,UNKNOWN,UNKNOWN,UNKNOWN,MAPPED_FROM_OWNER,2026-08-15,VARIANT_MAPPED
1 gbps dùng được bao nhiêu thiết bị? ưu nhược điểm,1 gbps dùng được bao nhiêu thiết bị? ưu nhược điểm,INFORMATIONAL,SUPPORT,/kien-thuc/1gbps-bao-nhieu-thiet-bi/,P2,UNKNOWN,UNKNOWN,UNKNOWN,MAPPED_FROM_OWNER,2026-08-15,VARIANT_MAPPED
1 gbps dùng được bao nhiêu thiết bị? 2026,1 gbps dùng được bao nhiêu thiết bị? 2026,INFORMATIONAL,SUPPORT,/kien-thuc/1gbps-bao-nhieu-thiet-bi/,P2,UNKNOWN,UNKNOWN,UNKNOWN,MAPPED_FROM_OWNER,2026-08-15,VARIANT_MAPPED
1gbps bao nhiêu thiết bị là gì,1gbps bao nhiêu thiết bị là gì,INFORMATIONAL,SUPPORT,/kien-thuc/1gbps-bao-nhieu-thiet-bi/,P2,UNKNOWN,UNKNOWN,UNKNOWN,MAPPED_FROM_OWNER,2026-08-15,VARIANT_MAPPED
1gbps bao nhiêu thiết bị hoạt động thế nào,1gbps bao nhiêu thiết bị hoạt động thế nào,INFORMATIONAL,SUPPORT,/kien-thuc/1gbps-bao-nhieu-thiet-bi/,P2,UNKNOWN,UNKNOWN,UNKNOWN,MAPPED_FROM_OWNER,2026-08-15,VARIANT_MAPPED
1gbps bao nhiêu thiết bị có gì mới,1gbps bao nhiêu thiết bị có gì mới,INFORMATIONAL,SUPPORT,/kien-thuc/1gbps-bao-nhieu-thiet-bi/,P2,UNKNOWN,UNKNOWN,UNKNOWN,MAPPED_FROM_OWNER,2026-08-15,VARIANT_MAPPED
1gbps bao nhiêu thiết bị hướng dẫn,1gbps bao nhiêu thiết bị hướng dẫn,INFORMATIONAL,SUPPORT,/kien-thuc/1gbps-bao-nhieu-thiet-bi/,P2,UNKNOWN,UNKNOWN,UNKNOWN,MAPPED_FROM_OWNER,2026-08-15,VARIANT_MAPPED
1gbps bao nhiêu thiết bị có nên dùng,1gbps bao nhiêu thiết bị có nên dùng,INFORMATIONAL,SUPPORT,/kien-thuc/1gbps-bao-nhieu-thiet-bi/,P2,UNKNOWN,UNKNOWN,UNKNOWN,MAPPED_FROM_OWNER,2026-08-15,VARIANT_MAPPED
1gbps bao nhiêu thiết bị ưu nhược điểm,1gbps bao nhiêu thiết bị ưu nhược điểm,INFORMATIONAL,SUPPORT,/kien-thuc/1gbps-bao-nhieu-thiet-bi/,P2,UNKNOWN,UNKNOWN,UNKNOWN,MAPPED_FROM_OWNER,2026-08-15,VARIANT_MAPPED
1gbps bao nhiêu thiết bị 2026,1gbps bao nhiêu thiết bị 2026,INFORMATIONAL,SUPPORT,/kien-thuc/1gbps-bao-nhieu-thiet-bi/,P2,UNKNOWN,UNKNOWN,UNKNOWN,MAPPED_FROM_OWNER,2026-08-15,VARIANT_MAPPED
1 gbps đủ không là gì,1 gbps đủ không là gì,INFORMATIONAL,SUPPORT,/kien-thuc/1gbps-bao-nhieu-thiet-bi/,P2,UNKNOWN,UNKNOWN,UNKNOWN,MAPPED_FROM_OWNER,2026-08-15,VARIANT_MAPPED
1 gbps đủ không hoạt động thế nào,1 gbps đủ không hoạt động thế nào,INFORMATIONAL,SUPPORT,/kien-thuc/1gbps-bao-nhieu-thiet-bi/,P2,UNKNOWN,UNKNOWN,UNKNOWN,MAPPED_FROM_OWNER,2026-08-15,VARIANT_MAPPED
1 gbps đủ không có gì mới,1 gbps đủ không có gì mới,INFORMATIONAL,SUPPORT,/kien-thuc/1gbps-bao-nhieu-thiet-bi/,P2,UNKNOWN,UNKNOWN,UNKNOWN,MAPPED_FROM_OWNER,2026-08-15,VARIANT_MAPPED
1 gbps đủ không hướng dẫn,1 gbps đủ không hướng dẫn,INFORMATIONAL,SUPPORT,/kien-thuc/1gbps-bao-nhieu-thiet-bi/,P2,UNKNOWN,UNKNOWN,UNKNOWN,MAPPED_FROM_OWNER,2026-08-15,VARIANT_MAPPED
1 gbps đủ không có nên dùng,1 gbps đủ không có nên dùng,INFORMATIONAL,SUPPORT,/kien-thuc/1gbps-bao-nhieu-thiet-bi/,P2,UNKNOWN,UNKNOWN,UNKNOWN,MAPPED_FROM_OWNER,2026-08-15,VARIANT_MAPPED
1 gbps đủ không ưu nhược điểm,1 gbps đủ không ưu nhược điểm,INFORMATIONAL,SUPPORT,/kien-thuc/1gbps-bao-nhieu-thiet-bi/,P2,UNKNOWN,UNKNOWN,UNKNOWN,MAPPED_FROM_OWNER,2026-08-15,VARIANT_MAPPED
1 gbps đủ không 2026,1 gbps đủ không 2026,INFORMATIONAL,SUPPORT,/kien-thuc/1gbps-bao-nhieu-thiet-bi/,P2,UNKNOWN,UNKNOWN,UNKNOWN,MAPPED_FROM_OWNER,2026-08-15,VARIANT_MAPPED
ftth là gì? là gì,ftth là gì? là gì,INFORMATIONAL,SUPPORT,/kien-thuc/ftth-la-gi/,P2,UNKNOWN,UNKNOWN,UNKNOWN,MAPPED_FROM_OWNER,2026-08-15,VARIANT_MAPPED
ftth là gì? hoạt động thế nào,ftth là gì? hoạt động thế nào,INFORMATIONAL,SUPPORT,/kien-thuc/ftth-la-gi/,P2,UNKNOWN,UNKNOWN,UNKNOWN,MAPPED_FROM_OWNER,2026-08-15,VARIANT_MAPPED
ftth là gì? có gì mới,ftth là gì? có gì mới,INFORMATIONAL,SUPPORT,/kien-thuc/ftth-la-gi/,P2,UNKNOWN,UNKNOWN,UNKNOWN,MAPPED_FROM_OWNER,2026-08-15,VARIANT_MAPPED
ftth là gì? hướng dẫn,ftth là gì? hướng dẫn,INFORMATIONAL,SUPPORT,/kien-thuc/ftth-la-gi/,P2,UNKNOWN,UNKNOWN,UNKNOWN,MAPPED_FROM_OWNER,2026-08-15,VARIANT_MAPPED
ftth là gì? có nên dùng,ftth là gì? có nên dùng,INFORMATIONAL,SUPPORT,/kien-thuc/ftth-la-gi/,P2,UNKNOWN,UNKNOWN,UNKNOWN,MAPPED_FROM_OWNER,2026-08-15,VARIANT_MAPPED
ftth là gì? ưu nhược điểm,ftth là gì? ưu nhược điểm,INFORMATIONAL,SUPPORT,/kien-thuc/ftth-la-gi/,P2,UNKNOWN,UNKNOWN,UNKNOWN,MAPPED_FROM_OWNER,2026-08-15,VARIANT_MAPPED
ftth là gì? 2026,ftth là gì? 2026,INFORMATIONAL,SUPPORT,/kien-thuc/ftth-la-gi/,P2,UNKNOWN,UNKNOWN,UNKNOWN,MAPPED_FROM_OWNER,2026-08-15,VARIANT_MAPPED
ftth là gì là gì,ftth là gì là gì,INFORMATIONAL,SUPPORT,/kien-thuc/ftth-la-gi/,P2,UNKNOWN,UNKNOWN,UNKNOWN,MAPPED_FROM_OWNER,2026-08-15,VARIANT_MAPPED
ftth là gì hoạt động thế nào,ftth là gì hoạt động thế nào,INFORMATIONAL,SUPPORT,/kien-thuc/ftth-la-gi/,P2,UNKNOWN,UNKNOWN,UNKNOWN,MAPPED_FROM_OWNER,2026-08-15,VARIANT_MAPPED
ftth là gì có gì mới,ftth là gì có gì mới,INFORMATIONAL,SUPPORT,/kien-thuc/ftth-la-gi/,P2,UNKNOWN,UNKNOWN,UNKNOWN,MAPPED_FROM_OWNER,2026-08-15,VARIANT_MAPPED
ftth là gì hướng dẫn,ftth là gì hướng dẫn,INFORMATIONAL,SUPPORT,/kien-thuc/ftth-la-gi/,P2,UNKNOWN,UNKNOWN,UNKNOWN,MAPPED_FROM_OWNER,2026-08-15,VARIANT_MAPPED
ftth là gì có nên dùng,ftth là gì có nên dùng,INFORMATIONAL,SUPPORT,/kien-thuc/ftth-la-gi/,P2,UNKNOWN,UNKNOWN,UNKNOWN,MAPPED_FROM_OWNER,2026-08-15,VARIANT_MAPPED
ftth là gì ưu nhược điểm,ftth là gì ưu nhược điểm,INFORMATIONAL,SUPPORT,/kien-thuc/ftth-la-gi/,P2,UNKNOWN,UNKNOWN,UNKNOWN,MAPPED_FROM_OWNER,2026-08-15,VARIANT_MAPPED
ftth là gì 2026,ftth là gì 2026,INFORMATIONAL,SUPPORT,/kien-thuc/ftth-la-gi/,P2,UNKNOWN,UNKNOWN,UNKNOWN,MAPPED_FROM_OWNER,2026-08-15,VARIANT_MAPPED
cáp quang ftth là gì,cáp quang ftth là gì,INFORMATIONAL,SUPPORT,/kien-thuc/ftth-la-gi/,P2,UNKNOWN,UNKNOWN,UNKNOWN,MAPPED_FROM_OWNER,2026-08-15,VARIANT_MAPPED
cáp quang ftth hoạt động thế nào,cáp quang ftth hoạt động thế nào,INFORMATIONAL,SUPPORT,/kien-thuc/ftth-la-gi/,P2,UNKNOWN,UNKNOWN,UNKNOWN,MAPPED_FROM_OWNER,2026-08-15,VARIANT_MAPPED
cáp quang ftth có gì mới,cáp quang ftth có gì mới,INFORMATIONAL,SUPPORT,/kien-thuc/ftth-la-gi/,P2,UNKNOWN,UNKNOWN,UNKNOWN,MAPPED_FROM_OWNER,2026-08-15,VARIANT_MAPPED
cáp quang ftth hướng dẫn,cáp quang ftth hướng dẫn,INFORMATIONAL,SUPPORT,/kien-thuc/ftth-la-gi/,P2,UNKNOWN,UNKNOWN,UNKNOWN,MAPPED_FROM_OWNER,2026-08-15,VARIANT_MAPPED
cáp quang ftth có nên dùng,cáp quang ftth có nên dùng,INFORMATIONAL,SUPPORT,/kien-thuc/ftth-la-gi/,P2,UNKNOWN,UNKNOWN,UNKNOWN,MAPPED_FROM_OWNER,2026-08-15,VARIANT_MAPPED
cáp quang ftth ưu nhược điểm,cáp quang ftth ưu nhược điểm,INFORMATIONAL,SUPPORT,/kien-thuc/ftth-la-gi/,P2,UNKNOWN,UNKNOWN,UNKNOWN,MAPPED_FROM_OWNER,2026-08-15,VARIANT_MAPPED
cáp quang ftth 2026,cáp quang ftth 2026,INFORMATIONAL,SUPPORT,/kien-thuc/ftth-la-gi/,P2,UNKNOWN,UNKNOWN,UNKNOWN,MAPPED_FROM_OWNER,2026-08-15,VARIANT_MAPPED
xgs-pon là gì? là gì,xgs-pon là gì? là gì,INFORMATIONAL,SUPPORT,/kien-thuc/xgs-pon-la-gi/,P2,UNKNOWN,UNKNOWN,UNKNOWN,MAPPED_FROM_OWNER,2026-08-15,VARIANT_MAPPED
xgs-pon là gì? hoạt động thế nào,xgs-pon là gì? hoạt động thế nào,INFORMATIONAL,SUPPORT,/kien-thuc/xgs-pon-la-gi/,P2,UNKNOWN,UNKNOWN,UNKNOWN,MAPPED_FROM_OWNER,2026-08-15,VARIANT_MAPPED
xgs-pon là gì? có gì mới,xgs-pon là gì? có gì mới,INFORMATIONAL,SUPPORT,/kien-thuc/xgs-pon-la-gi/,P2,UNKNOWN,UNKNOWN,UNKNOWN,MAPPED_FROM_OWNER,2026-08-15,VARIANT_MAPPED
xgs-pon là gì? hướng dẫn,xgs-pon là gì? hướng dẫn,INFORMATIONAL,SUPPORT,/kien-thuc/xgs-pon-la-gi/,P2,UNKNOWN,UNKNOWN,UNKNOWN,MAPPED_FROM_OWNER,2026-08-15,VARIANT_MAPPED
xgs-pon là gì? có nên dùng,xgs-pon là gì? có nên dùng,INFORMATIONAL,SUPPORT,/kien-thuc/xgs-pon-la-gi/,P2,UNKNOWN,UNKNOWN,UNKNOWN,MAPPED_FROM_OWNER,2026-08-15,VARIANT_MAPPED
xgs-pon là gì? ưu nhược điểm,xgs-pon là gì? ưu nhược điểm,INFORMATIONAL,SUPPORT,/kien-thuc/xgs-pon-la-gi/,P2,UNKNOWN,UNKNOWN,UNKNOWN,MAPPED_FROM_OWNER,2026-08-15,VARIANT_MAPPED
xgs-pon là gì? 2026,xgs-pon là gì? 2026,INFORMATIONAL,SUPPORT,/kien-thuc/xgs-pon-la-gi/,P2,UNKNOWN,UNKNOWN,UNKNOWN,MAPPED_FROM_OWNER,2026-08-15,VARIANT_MAPPED
xgs-pon là gì là gì,xgs-pon là gì là gì,INFORMATIONAL,SUPPORT,/kien-thuc/xgs-pon-la-gi/,P2,UNKNOWN,UNKNOWN,UNKNOWN,MAPPED_FROM_OWNER,2026-08-15,VARIANT_MAPPED
xgs-pon là gì hoạt động thế nào,xgs-pon là gì hoạt động thế nào,INFORMATIONAL,SUPPORT,/kien-thuc/xgs-pon-la-gi/,P2,UNKNOWN,UNKNOWN,UNKNOWN,MAPPED_FROM_OWNER,2026-08-15,VARIANT_MAPPED
xgs-pon là gì có gì mới,xgs-pon là gì có gì mới,INFORMATIONAL,SUPPORT,/kien-thuc/xgs-pon-la-gi/,P2,UNKNOWN,UNKNOWN,UNKNOWN,MAPPED_FROM_OWNER,2026-08-15,VARIANT_MAPPED
xgs-pon là gì hướng dẫn,xgs-pon là gì hướng dẫn,INFORMATIONAL,SUPPORT,/kien-thuc/xgs-pon-la-gi/,P2,UNKNOWN,UNKNOWN,UNKNOWN,MAPPED_FROM_OWNER,2026-08-15,VARIANT_MAPPED
xgs-pon là gì có nên dùng,xgs-pon là gì có nên dùng,INFORMATIONAL,SUPPORT,/kien-thuc/xgs-pon-la-gi/,P2,UNKNOWN,UNKNOWN,UNKNOWN,MAPPED_FROM_OWNER,2026-08-15,VARIANT_MAPPED
xgs-pon là gì ưu nhược điểm,xgs-pon là gì ưu nhược điểm,INFORMATIONAL,SUPPORT,/kien-thuc/xgs-pon-la-gi/,P2,UNKNOWN,UNKNOWN,UNKNOWN,MAPPED_FROM_OWNER,2026-08-15,VARIANT_MAPPED
xgs-pon là gì 2026,xgs-pon là gì 2026,INFORMATIONAL,SUPPORT,/kien-thuc/xgs-pon-la-gi/,P2,UNKNOWN,UNKNOWN,UNKNOWN,MAPPED_FROM_OWNER,2026-08-15,VARIANT_MAPPED
xgspon là gì là gì,xgspon là gì là gì,INFORMATIONAL,SUPPORT,/kien-thuc/xgs-pon-la-gi/,P2,UNKNOWN,UNKNOWN,UNKNOWN,MAPPED_FROM_OWNER,2026-08-15,VARIANT_MAPPED
xgspon là gì hoạt động thế nào,xgspon là gì hoạt động thế nào,INFORMATIONAL,SUPPORT,/kien-thuc/xgs-pon-la-gi/,P2,UNKNOWN,UNKNOWN,UNKNOWN,MAPPED_FROM_OWNER,2026-08-15,VARIANT_MAPPED
xgspon là gì có gì mới,xgspon là gì có gì mới,INFORMATIONAL,SUPPORT,/kien-thuc/xgs-pon-la-gi/,P2,UNKNOWN,UNKNOWN,UNKNOWN,MAPPED_FROM_OWNER,2026-08-15,VARIANT_MAPPED
xgspon là gì hướng dẫn,xgspon là gì hướng dẫn,INFORMATIONAL,SUPPORT,/kien-thuc/xgs-pon-la-gi/,P2,UNKNOWN,UNKNOWN,UNKNOWN,MAPPED_FROM_OWNER,2026-08-15,VARIANT_MAPPED
xgspon là gì có nên dùng,xgspon là gì có nên dùng,INFORMATIONAL,SUPPORT,/kien-thuc/xgs-pon-la-gi/,P2,UNKNOWN,UNKNOWN,UNKNOWN,MAPPED_FROM_OWNER,2026-08-15,VARIANT_MAPPED
xgspon là gì ưu nhược điểm,xgspon là gì ưu nhược điểm,INFORMATIONAL,SUPPORT,/kien-thuc/xgs-pon-la-gi/,P2,UNKNOWN,UNKNOWN,UNKNOWN,MAPPED_FROM_OWNER,2026-08-15,VARIANT_MAPPED
xgspon là gì 2026,xgspon là gì 2026,INFORMATIONAL,SUPPORT,/kien-thuc/xgs-pon-la-gi/,P2,UNKNOWN,UNKNOWN,UNKNOWN,MAPPED_FROM_OWNER,2026-08-15,VARIANT_MAPPED
giải pháp internet fpt review,giải pháp internet fpt review,COMMERCIAL,USE_CASE,/giai-phap/,P1,UNKNOWN,UNKNOWN,UNKNOWN,MAPPED_FROM_OWNER,2026-08-15,VARIANT_MAPPED
giải pháp internet fpt có tốt không,giải pháp internet fpt có tốt không,COMMERCIAL,USE_CASE,/giai-phap/,P1,UNKNOWN,UNKNOWN,UNKNOWN,MAPPED_FROM_OWNER,2026-08-15,VARIANT_MAPPED
giải pháp internet fpt phù hợp ai,giải pháp internet fpt phù hợp ai,COMMERCIAL,USE_CASE,/giai-phap/,P1,UNKNOWN,UNKNOWN,UNKNOWN,MAPPED_FROM_OWNER,2026-08-15,VARIANT_MAPPED
giải pháp internet fpt nên dùng không,giải pháp internet fpt nên dùng không,COMMERCIAL,USE_CASE,/giai-phap/,P1,UNKNOWN,UNKNOWN,UNKNOWN,MAPPED_FROM_OWNER,2026-08-15,VARIANT_MAPPED
giải pháp internet fpt so sánh,giải pháp internet fpt so sánh,COMMERCIAL,USE_CASE,/giai-phap/,P1,UNKNOWN,UNKNOWN,UNKNOWN,MAPPED_FROM_OWNER,2026-08-15,VARIANT_MAPPED
giải pháp internet fpt mới nhất 2026,giải pháp internet fpt mới nhất 2026,COMMERCIAL,USE_CASE,/giai-phap/,P1,UNKNOWN,UNKNOWN,UNKNOWN,MAPPED_FROM_OWNER,2026-08-15,VARIANT_MAPPED
giải pháp internet fpt bao nhiêu tiền,giải pháp internet fpt bao nhiêu tiền,COMMERCIAL,USE_CASE,/giai-phap/,P1,UNKNOWN,UNKNOWN,UNKNOWN,MAPPED_FROM_OWNER,2026-08-15,VARIANT_MAPPED
mạng fpt theo nhu cầu giá,mạng fpt theo nhu cầu giá,COMMERCIAL,USE_CASE,/giai-phap/,P1,UNKNOWN,UNKNOWN,UNKNOWN,MAPPED_FROM_OWNER,2026-08-15,VARIANT_MAPPED
mạng fpt theo nhu cầu review,mạng fpt theo nhu cầu review,COMMERCIAL,USE_CASE,/giai-phap/,P1,UNKNOWN,UNKNOWN,UNKNOWN,MAPPED_FROM_OWNER,2026-08-15,VARIANT_MAPPED
mạng fpt theo nhu cầu có tốt không,mạng fpt theo nhu cầu có tốt không,COMMERCIAL,USE_CASE,/giai-phap/,P1,UNKNOWN,UNKNOWN,UNKNOWN,MAPPED_FROM_OWNER,2026-08-15,VARIANT_MAPPED
mạng fpt theo nhu cầu phù hợp ai,mạng fpt theo nhu cầu phù hợp ai,COMMERCIAL,USE_CASE,/giai-phap/,P1,UNKNOWN,UNKNOWN,UNKNOWN,MAPPED_FROM_OWNER,2026-08-15,VARIANT_MAPPED
mạng fpt theo nhu cầu nên dùng không,mạng fpt theo nhu cầu nên dùng không,COMMERCIAL,USE_CASE,/giai-phap/,P1,UNKNOWN,UNKNOWN,UNKNOWN,MAPPED_FROM_OWNER,2026-08-15,VARIANT_MAPPED
mạng fpt theo nhu cầu so sánh,mạng fpt theo nhu cầu so sánh,COMMERCIAL,USE_CASE,/giai-phap/,P1,UNKNOWN,UNKNOWN,UNKNOWN,MAPPED_FROM_OWNER,2026-08-15,VARIANT_MAPPED
mạng fpt theo nhu cầu đăng ký,mạng fpt theo nhu cầu đăng ký,COMMERCIAL,USE_CASE,/giai-phap/,P1,UNKNOWN,UNKNOWN,UNKNOWN,MAPPED_FROM_OWNER,2026-08-15,VARIANT_MAPPED
mạng fpt theo nhu cầu mới nhất 2026,mạng fpt theo nhu cầu mới nhất 2026,COMMERCIAL,USE_CASE,/giai-phap/,P1,UNKNOWN,UNKNOWN,UNKNOWN,MAPPED_FROM_OWNER,2026-08-15,VARIANT_MAPPED
mạng fpt theo nhu cầu bao nhiêu tiền,mạng fpt theo nhu cầu bao nhiêu tiền,COMMERCIAL,USE_CASE,/giai-phap/,P1,UNKNOWN,UNKNOWN,UNKNOWN,MAPPED_FROM_OWNER,2026-08-15,VARIANT_MAPPED
giải pháp internet fpt giá giá,giải pháp internet fpt giá giá,COMMERCIAL,USE_CASE,/giai-phap/,P1,UNKNOWN,UNKNOWN,UNKNOWN,MAPPED_FROM_OWNER,2026-08-15,VARIANT_MAPPED
giải pháp internet fpt giá review,giải pháp internet fpt giá review,COMMERCIAL,USE_CASE,/giai-phap/,P1,UNKNOWN,UNKNOWN,UNKNOWN,MAPPED_FROM_OWNER,2026-08-15,VARIANT_MAPPED
giải pháp internet fpt giá có tốt không,giải pháp internet fpt giá có tốt không,COMMERCIAL,USE_CASE,/giai-phap/,P1,UNKNOWN,UNKNOWN,UNKNOWN,MAPPED_FROM_OWNER,2026-08-15,VARIANT_MAPPED
giải pháp internet fpt giá phù hợp ai,giải pháp internet fpt giá phù hợp ai,COMMERCIAL,USE_CASE,/giai-phap/,P1,UNKNOWN,UNKNOWN,UNKNOWN,MAPPED_FROM_OWNER,2026-08-15,VARIANT_MAPPED
giải pháp internet fpt giá nên dùng không,giải pháp internet fpt giá nên dùng không,COMMERCIAL,USE_CASE,/giai-phap/,P1,UNKNOWN,UNKNOWN,UNKNOWN,MAPPED_FROM_OWNER,2026-08-15,VARIANT_MAPPED
giải pháp internet fpt giá so sánh,giải pháp internet fpt giá so sánh,COMMERCIAL,USE_CASE,/giai-phap/,P1,UNKNOWN,UNKNOWN,UNKNOWN,MAPPED_FROM_OWNER,2026-08-15,VARIANT_MAPPED
giải pháp internet fpt giá đăng ký,giải pháp internet fpt giá đăng ký,COMMERCIAL,USE_CASE,/giai-phap/,P1,UNKNOWN,UNKNOWN,UNKNOWN,MAPPED_FROM_OWNER,2026-08-15,VARIANT_MAPPED
giải pháp internet fpt giá mới nhất 2026,giải pháp internet fpt giá mới nhất 2026,COMMERCIAL,USE_CASE,/giai-phap/,P1,UNKNOWN,UNKNOWN,UNKNOWN,MAPPED_FROM_OWNER,2026-08-15,VARIANT_MAPPED
giải pháp internet fpt giá bao nhiêu tiền,giải pháp internet fpt giá bao nhiêu tiền,COMMERCIAL,USE_CASE,/giai-phap/,P1,UNKNOWN,UNKNOWN,UNKNOWN,MAPPED_FROM_OWNER,2026-08-15,VARIANT_MAPPED
so sánh internet fpt so sánh chi tiết,so sánh internet fpt so sánh chi tiết,COMPARISON,COMPARE,/so-sanh/,P1,UNKNOWN,UNKNOWN,UNKNOWN,MAPPED_FROM_OWNER,2026-08-15,VARIANT_MAPPED
so sánh internet fpt khác nhau gì,so sánh internet fpt khác nhau gì,COMPARISON,COMPARE,/so-sanh/,P1,UNKNOWN,UNKNOWN,UNKNOWN,MAPPED_FROM_OWNER,2026-08-15,VARIANT_MAPPED
so sánh internet fpt nên chọn cái nào,so sánh internet fpt nên chọn cái nào,COMPARISON,COMPARE,/so-sanh/,P1,UNKNOWN,UNKNOWN,UNKNOWN,MAPPED_FROM_OWNER,2026-08-15,VARIANT_MAPPED
so sánh internet fpt cái nào phù hợp hơn,so sánh internet fpt cái nào phù hợp hơn,COMPARISON,COMPARE,/so-sanh/,P1,UNKNOWN,UNKNOWN,UNKNOWN,MAPPED_FROM_OWNER,2026-08-15,VARIANT_MAPPED
so sánh internet fpt 2026,so sánh internet fpt 2026,COMPARISON,COMPARE,/so-sanh/,P1,UNKNOWN,UNKNOWN,UNKNOWN,MAPPED_FROM_OWNER,2026-08-15,VARIANT_MAPPED
so sánh mạng fpt so sánh chi tiết,so sánh mạng fpt so sánh chi tiết,COMPARISON,COMPARE,/so-sanh/,P1,UNKNOWN,UNKNOWN,UNKNOWN,MAPPED_FROM_OWNER,2026-08-15,VARIANT_MAPPED
so sánh mạng fpt khác nhau gì,so sánh mạng fpt khác nhau gì,COMPARISON,COMPARE,/so-sanh/,P1,UNKNOWN,UNKNOWN,UNKNOWN,MAPPED_FROM_OWNER,2026-08-15,VARIANT_MAPPED
so sánh mạng fpt nên chọn cái nào,so sánh mạng fpt nên chọn cái nào,COMPARISON,COMPARE,/so-sanh/,P1,UNKNOWN,UNKNOWN,UNKNOWN,MAPPED_FROM_OWNER,2026-08-15,VARIANT_MAPPED
so sánh mạng fpt cái nào phù hợp hơn,so sánh mạng fpt cái nào phù hợp hơn,COMPARISON,COMPARE,/so-sanh/,P1,UNKNOWN,UNKNOWN,UNKNOWN,MAPPED_FROM_OWNER,2026-08-15,VARIANT_MAPPED
so sánh mạng fpt 2026,so sánh mạng fpt 2026,COMPARISON,COMPARE,/so-sanh/,P1,UNKNOWN,UNKNOWN,UNKNOWN,MAPPED_FROM_OWNER,2026-08-15,VARIANT_MAPPED
so sánh gói fpt so sánh chi tiết,so sánh gói fpt so sánh chi tiết,COMPARISON,COMPARE,/so-sanh/,P1,UNKNOWN,UNKNOWN,UNKNOWN,MAPPED_FROM_OWNER,2026-08-15,VARIANT_MAPPED
so sánh gói fpt khác nhau gì,so sánh gói fpt khác nhau gì,COMPARISON,COMPARE,/so-sanh/,P1,UNKNOWN,UNKNOWN,UNKNOWN,MAPPED_FROM_OWNER,2026-08-15,VARIANT_MAPPED
so sánh gói fpt nên chọn cái nào,so sánh gói fpt nên chọn cái nào,COMPARISON,COMPARE,/so-sanh/,P1,UNKNOWN,UNKNOWN,UNKNOWN,MAPPED_FROM_OWNER,2026-08-15,VARIANT_MAPPED
so sánh gói fpt cái nào phù hợp hơn,so sánh gói fpt cái nào phù hợp hơn,COMPARISON,COMPARE,/so-sanh/,P1,UNKNOWN,UNKNOWN,UNKNOWN,MAPPED_FROM_OWNER,2026-08-15,VARIANT_MAPPED
so sánh gói fpt 2026,so sánh gói fpt 2026,COMPARISON,COMPARE,/so-sanh/,P1,UNKNOWN,UNKNOWN,UNKNOWN,MAPPED_FROM_OWNER,2026-08-15,VARIANT_MAPPED
hỗ trợ internet fpt cách xử lý,hỗ trợ internet fpt cách xử lý,SUPPORT,SUPPORT,/ho-tro/,P1,UNKNOWN,UNKNOWN,UNKNOWN,MAPPED_FROM_OWNER,2026-08-15,VARIANT_MAPPED
hỗ trợ internet fpt hướng dẫn,hỗ trợ internet fpt hướng dẫn,SUPPORT,SUPPORT,/ho-tro/,P1,UNKNOWN,UNKNOWN,UNKNOWN,MAPPED_FROM_OWNER,2026-08-15,VARIANT_MAPPED
hỗ trợ internet fpt bị lỗi,hỗ trợ internet fpt bị lỗi,SUPPORT,SUPPORT,/ho-tro/,P1,UNKNOWN,UNKNOWN,UNKNOWN,MAPPED_FROM_OWNER,2026-08-15,VARIANT_MAPPED
hỗ trợ internet fpt không dùng được,hỗ trợ internet fpt không dùng được,SUPPORT,SUPPORT,/ho-tro/,P1,UNKNOWN,UNKNOWN,UNKNOWN,MAPPED_FROM_OWNER,2026-08-15,VARIANT_MAPPED
hỗ trợ internet fpt cách kiểm tra,hỗ trợ internet fpt cách kiểm tra,SUPPORT,SUPPORT,/ho-tro/,P1,UNKNOWN,UNKNOWN,UNKNOWN,MAPPED_FROM_OWNER,2026-08-15,VARIANT_MAPPED
hỗ trợ internet fpt 2026,hỗ trợ internet fpt 2026,SUPPORT,SUPPORT,/ho-tro/,P1,UNKNOWN,UNKNOWN,UNKNOWN,MAPPED_FROM_OWNER,2026-08-15,VARIANT_MAPPED
hỗ trợ fpt cách xử lý,hỗ trợ fpt cách xử lý,SUPPORT,SUPPORT,/ho-tro/,P1,UNKNOWN,UNKNOWN,UNKNOWN,MAPPED_FROM_OWNER,2026-08-15,VARIANT_MAPPED
hỗ trợ fpt hướng dẫn,hỗ trợ fpt hướng dẫn,SUPPORT,SUPPORT,/ho-tro/,P1,UNKNOWN,UNKNOWN,UNKNOWN,MAPPED_FROM_OWNER,2026-08-15,VARIANT_MAPPED
hỗ trợ fpt bị lỗi,hỗ trợ fpt bị lỗi,SUPPORT,SUPPORT,/ho-tro/,P1,UNKNOWN,UNKNOWN,UNKNOWN,MAPPED_FROM_OWNER,2026-08-15,VARIANT_MAPPED
hỗ trợ fpt không dùng được,hỗ trợ fpt không dùng được,SUPPORT,SUPPORT,/ho-tro/,P1,UNKNOWN,UNKNOWN,UNKNOWN,MAPPED_FROM_OWNER,2026-08-15,VARIANT_MAPPED
hỗ trợ fpt cách kiểm tra,hỗ trợ fpt cách kiểm tra,SUPPORT,SUPPORT,/ho-tro/,P1,UNKNOWN,UNKNOWN,UNKNOWN,MAPPED_FROM_OWNER,2026-08-15,VARIANT_MAPPED
hỗ trợ fpt 2026,hỗ trợ fpt 2026,SUPPORT,SUPPORT,/ho-tro/,P1,UNKNOWN,UNKNOWN,UNKNOWN,MAPPED_FROM_OWNER,2026-08-15,VARIANT_MAPPED
hướng dẫn fpt cách xử lý,hướng dẫn fpt cách xử lý,SUPPORT,SUPPORT,/ho-tro/,P1,UNKNOWN,UNKNOWN,UNKNOWN,MAPPED_FROM_OWNER,2026-08-15,VARIANT_MAPPED
hướng dẫn fpt hướng dẫn,hướng dẫn fpt hướng dẫn,SUPPORT,SUPPORT,/ho-tro/,P1,UNKNOWN,UNKNOWN,UNKNOWN,MAPPED_FROM_OWNER,2026-08-15,VARIANT_MAPPED
hướng dẫn fpt bị lỗi,hướng dẫn fpt bị lỗi,SUPPORT,SUPPORT,/ho-tro/,P1,UNKNOWN,UNKNOWN,UNKNOWN,MAPPED_FROM_OWNER,2026-08-15,VARIANT_MAPPED
hướng dẫn fpt không dùng được,hướng dẫn fpt không dùng được,SUPPORT,SUPPORT,/ho-tro/,P1,UNKNOWN,UNKNOWN,UNKNOWN,MAPPED_FROM_OWNER,2026-08-15,VARIANT_MAPPED
hướng dẫn fpt cách kiểm tra,hướng dẫn fpt cách kiểm tra,SUPPORT,SUPPORT,/ho-tro/,P1,UNKNOWN,UNKNOWN,UNKNOWN,MAPPED_FROM_OWNER,2026-08-15,VARIANT_MAPPED
hướng dẫn fpt 2026,hướng dẫn fpt 2026,SUPPORT,SUPPORT,/ho-tro/,P1,UNKNOWN,UNKNOWN,UNKNOWN,MAPPED_FROM_OWNER,2026-08-15,VARIANT_MAPPED
kiến thức internet fpt là gì,kiến thức internet fpt là gì,INFORMATIONAL,KNOWLEDGE,/kien-thuc/,P2,UNKNOWN,UNKNOWN,UNKNOWN,MAPPED_FROM_OWNER,2026-08-15,VARIANT_MAPPED
kiến thức internet fpt hoạt động thế nào,kiến thức internet fpt hoạt động thế nào,INFORMATIONAL,KNOWLEDGE,/kien-thuc/,P2,UNKNOWN,UNKNOWN,UNKNOWN,MAPPED_FROM_OWNER,2026-08-15,VARIANT_MAPPED
kiến thức internet fpt có gì mới,kiến thức internet fpt có gì mới,INFORMATIONAL,KNOWLEDGE,/kien-thuc/,P2,UNKNOWN,UNKNOWN,UNKNOWN,MAPPED_FROM_OWNER,2026-08-15,VARIANT_MAPPED
kiến thức internet fpt hướng dẫn,kiến thức internet fpt hướng dẫn,INFORMATIONAL,KNOWLEDGE,/kien-thuc/,P2,UNKNOWN,UNKNOWN,UNKNOWN,MAPPED_FROM_OWNER,2026-08-15,VARIANT_MAPPED
kiến thức internet fpt có nên dùng,kiến thức internet fpt có nên dùng,INFORMATIONAL,KNOWLEDGE,/kien-thuc/,P2,UNKNOWN,UNKNOWN,UNKNOWN,MAPPED_FROM_OWNER,2026-08-15,VARIANT_MAPPED
kiến thức internet fpt ưu nhược điểm,kiến thức internet fpt ưu nhược điểm,INFORMATIONAL,KNOWLEDGE,/kien-thuc/,P2,UNKNOWN,UNKNOWN,UNKNOWN,MAPPED_FROM_OWNER,2026-08-15,VARIANT_MAPPED
kiến thức internet fpt 2026,kiến thức internet fpt 2026,INFORMATIONAL,KNOWLEDGE,/kien-thuc/,P2,UNKNOWN,UNKNOWN,UNKNOWN,MAPPED_FROM_OWNER,2026-08-15,VARIANT_MAPPED
wifi fpt là gì là gì,wifi fpt là gì là gì,INFORMATIONAL,KNOWLEDGE,/kien-thuc/,P2,UNKNOWN,UNKNOWN,UNKNOWN,MAPPED_FROM_OWNER,2026-08-15,VARIANT_MAPPED
wifi fpt là gì hoạt động thế nào,wifi fpt là gì hoạt động thế nào,INFORMATIONAL,KNOWLEDGE,/kien-thuc/,P2,UNKNOWN,UNKNOWN,UNKNOWN,MAPPED_FROM_OWNER,2026-08-15,VARIANT_MAPPED
wifi fpt là gì có gì mới,wifi fpt là gì có gì mới,INFORMATIONAL,KNOWLEDGE,/kien-thuc/,P2,UNKNOWN,UNKNOWN,UNKNOWN,MAPPED_FROM_OWNER,2026-08-15,VARIANT_MAPPED
wifi fpt là gì hướng dẫn,wifi fpt là gì hướng dẫn,INFORMATIONAL,KNOWLEDGE,/kien-thuc/,P2,UNKNOWN,UNKNOWN,UNKNOWN,MAPPED_FROM_OWNER,2026-08-15,VARIANT_MAPPED
wifi fpt là gì có nên dùng,wifi fpt là gì có nên dùng,INFORMATIONAL,KNOWLEDGE,/kien-thuc/,P2,UNKNOWN,UNKNOWN,UNKNOWN,MAPPED_FROM_OWNER,2026-08-15,VARIANT_MAPPED
wifi fpt là gì ưu nhược điểm,wifi fpt là gì ưu nhược điểm,INFORMATIONAL,KNOWLEDGE,/kien-thuc/,P2,UNKNOWN,UNKNOWN,UNKNOWN,MAPPED_FROM_OWNER,2026-08-15,VARIANT_MAPPED
wifi fpt là gì 2026,wifi fpt là gì 2026,INFORMATIONAL,KNOWLEDGE,/kien-thuc/,P2,UNKNOWN,UNKNOWN,UNKNOWN,MAPPED_FROM_OWNER,2026-08-15,VARIANT_MAPPED
lắp mạng fpt theo khu vực đăng ký,lắp mạng fpt theo khu vực đăng ký,LOCAL_TRANSACTIONAL,LOCAL,/khu-vuc/,P1,UNKNOWN,UNKNOWN,UNKNOWN,MAPPED_FROM_OWNER,2026-08-15,VARIANT_MAPPED
lắp mạng fpt theo khu vực giá,lắp mạng fpt theo khu vực giá,LOCAL_TRANSACTIONAL,LOCAL,/khu-vuc/,P1,UNKNOWN,UNKNOWN,UNKNOWN,MAPPED_FROM_OWNER,2026-08-15,VARIANT_MAPPED
lắp mạng fpt theo khu vực lắp đặt,lắp mạng fpt theo khu vực lắp đặt,LOCAL_TRANSACTIONAL,LOCAL,/khu-vuc/,P1,UNKNOWN,UNKNOWN,UNKNOWN,MAPPED_FROM_OWNER,2026-08-15,VARIANT_MAPPED
lắp mạng fpt theo khu vực khuyến mãi,lắp mạng fpt theo khu vực khuyến mãi,LOCAL_TRANSACTIONAL,LOCAL,/khu-vuc/,P1,UNKNOWN,UNKNOWN,UNKNOWN,MAPPED_FROM_OWNER,2026-08-15,VARIANT_MAPPED
lắp mạng fpt theo khu vực tư vấn,lắp mạng fpt theo khu vực tư vấn,LOCAL_TRANSACTIONAL,LOCAL,/khu-vuc/,P1,UNKNOWN,UNKNOWN,UNKNOWN,MAPPED_FROM_OWNER,2026-08-15,VARIANT_MAPPED
fpt gần đây đăng ký,fpt gần đây đăng ký,LOCAL_TRANSACTIONAL,LOCAL,/khu-vuc/,P1,UNKNOWN,UNKNOWN,UNKNOWN,MAPPED_FROM_OWNER,2026-08-15,VARIANT_MAPPED
fpt gần đây giá,fpt gần đây giá,LOCAL_TRANSACTIONAL,LOCAL,/khu-vuc/,P1,UNKNOWN,UNKNOWN,UNKNOWN,MAPPED_FROM_OWNER,2026-08-15,VARIANT_MAPPED
fpt gần đây lắp đặt,fpt gần đây lắp đặt,LOCAL_TRANSACTIONAL,LOCAL,/khu-vuc/,P1,UNKNOWN,UNKNOWN,UNKNOWN,MAPPED_FROM_OWNER,2026-08-15,VARIANT_MAPPED
fpt gần đây khuyến mãi,fpt gần đây khuyến mãi,LOCAL_TRANSACTIONAL,LOCAL,/khu-vuc/,P1,UNKNOWN,UNKNOWN,UNKNOWN,MAPPED_FROM_OWNER,2026-08-15,VARIANT_MAPPED
fpt gần đây tư vấn,fpt gần đây tư vấn,LOCAL_TRANSACTIONAL,LOCAL,/khu-vuc/,P1,UNKNOWN,UNKNOWN,UNKNOWN,MAPPED_FROM_OWNER,2026-08-15,VARIANT_MAPPED
lắp mạng fpt đăng ký,lắp mạng fpt đăng ký,TRANSACTIONAL,INSTALL,/lap-mang-fpt/,P0,UNKNOWN,UNKNOWN,UNKNOWN,MAPPED_FROM_OWNER,2026-08-15,VARIANT_MAPPED
lắp mạng fpt lắp đặt,lắp mạng fpt lắp đặt,TRANSACTIONAL,INSTALL,/lap-mang-fpt/,P0,UNKNOWN,UNKNOWN,UNKNOWN,MAPPED_FROM_OWNER,2026-08-15,VARIANT_MAPPED
lắp mạng fpt giá bao nhiêu,lắp mạng fpt giá bao nhiêu,TRANSACTIONAL,INSTALL,/lap-mang-fpt/,P0,UNKNOWN,UNKNOWN,UNKNOWN,MAPPED_FROM_OWNER,2026-08-15,VARIANT_MAPPED
lắp mạng fpt ở đâu,lắp mạng fpt ở đâu,TRANSACTIONAL,INSTALL,/lap-mang-fpt/,P0,UNKNOWN,UNKNOWN,UNKNOWN,MAPPED_FROM_OWNER,2026-08-15,VARIANT_MAPPED
lắp mạng fpt tư vấn,lắp mạng fpt tư vấn,TRANSACTIONAL,INSTALL,/lap-mang-fpt/,P0,UNKNOWN,UNKNOWN,UNKNOWN,MAPPED_FROM_OWNER,2026-08-15,VARIANT_MAPPED
lắp mạng fpt khuyến mãi,lắp mạng fpt khuyến mãi,TRANSACTIONAL,INSTALL,/lap-mang-fpt/,P0,UNKNOWN,UNKNOWN,UNKNOWN,MAPPED_FROM_OWNER,2026-08-15,VARIANT_MAPPED
lắp mạng fpt mới nhất 2026,lắp mạng fpt mới nhất 2026,TRANSACTIONAL,INSTALL,/lap-mang-fpt/,P0,UNKNOWN,UNKNOWN,UNKNOWN,MAPPED_FROM_OWNER,2026-08-15,VARIANT_MAPPED
lắp mạng fpt thủ tục,lắp mạng fpt thủ tục,TRANSACTIONAL,INSTALL,/lap-mang-fpt/,P0,UNKNOWN,UNKNOWN,UNKNOWN,MAPPED_FROM_OWNER,2026-08-15,VARIANT_MAPPED
internet fpt giá,internet fpt giá,COMMERCIAL,INTERNET,/internet-fpt/,P0,UNKNOWN,UNKNOWN,UNKNOWN,MAPPED_FROM_OWNER,2026-08-15,VARIANT_MAPPED
internet fpt review,internet fpt review,COMMERCIAL,INTERNET,/internet-fpt/,P0,UNKNOWN,UNKNOWN,UNKNOWN,MAPPED_FROM_OWNER,2026-08-15,VARIANT_MAPPED
internet fpt có tốt không,internet fpt có tốt không,COMMERCIAL,INTERNET,/internet-fpt/,P0,UNKNOWN,UNKNOWN,UNKNOWN,MAPPED_FROM_OWNER,2026-08-15,VARIANT_MAPPED
internet fpt phù hợp ai,internet fpt phù hợp ai,COMMERCIAL,INTERNET,/internet-fpt/,P0,UNKNOWN,UNKNOWN,UNKNOWN,MAPPED_FROM_OWNER,2026-08-15,VARIANT_MAPPED
internet fpt nên dùng không,internet fpt nên dùng không,COMMERCIAL,INTERNET,/internet-fpt/,P0,UNKNOWN,UNKNOWN,UNKNOWN,MAPPED_FROM_OWNER,2026-08-15,VARIANT_MAPPED
internet fpt so sánh,internet fpt so sánh,COMMERCIAL,INTERNET,/internet-fpt/,P0,UNKNOWN,UNKNOWN,UNKNOWN,MAPPED_FROM_OWNER,2026-08-15,VARIANT_MAPPED
internet fpt đăng ký,internet fpt đăng ký,COMMERCIAL,INTERNET,/internet-fpt/,P0,UNKNOWN,UNKNOWN,UNKNOWN,MAPPED_FROM_OWNER,2026-08-15,VARIANT_MAPPED
internet fpt mới nhất 2026,internet fpt mới nhất 2026,COMMERCIAL,INTERNET,/internet-fpt/,P0,UNKNOWN,UNKNOWN,UNKNOWN,MAPPED_FROM_OWNER,2026-08-15,VARIANT_MAPPED
internet fpt bao nhiêu tiền,internet fpt bao nhiêu tiền,COMMERCIAL,INTERNET,/internet-fpt/,P0,UNKNOWN,UNKNOWN,UNKNOWN,MAPPED_FROM_OWNER,2026-08-15,VARIANT_MAPPED
wifi fpt giá,wifi fpt giá,COMMERCIAL,WIFI,/wifi-fpt/,P0,UNKNOWN,UNKNOWN,UNKNOWN,MAPPED_FROM_OWNER,2026-08-15,VARIANT_MAPPED
wifi fpt review,wifi fpt review,COMMERCIAL,WIFI,/wifi-fpt/,P0,UNKNOWN,UNKNOWN,UNKNOWN,MAPPED_FROM_OWNER,2026-08-15,VARIANT_MAPPED
wifi fpt có tốt không,wifi fpt có tốt không,COMMERCIAL,WIFI,/wifi-fpt/,P0,UNKNOWN,UNKNOWN,UNKNOWN,MAPPED_FROM_OWNER,2026-08-15,VARIANT_MAPPED
wifi fpt phù hợp ai,wifi fpt phù hợp ai,COMMERCIAL,WIFI,/wifi-fpt/,P0,UNKNOWN,UNKNOWN,UNKNOWN,MAPPED_FROM_OWNER,2026-08-15,VARIANT_MAPPED
wifi fpt nên dùng không,wifi fpt nên dùng không,COMMERCIAL,WIFI,/wifi-fpt/,P0,UNKNOWN,UNKNOWN,UNKNOWN,MAPPED_FROM_OWNER,2026-08-15,VARIANT_MAPPED
wifi fpt so sánh,wifi fpt so sánh,COMMERCIAL,WIFI,/wifi-fpt/,P0,UNKNOWN,UNKNOWN,UNKNOWN,MAPPED_FROM_OWNER,2026-08-15,VARIANT_MAPPED
wifi fpt đăng ký,wifi fpt đăng ký,COMMERCIAL,WIFI,/wifi-fpt/,P0,UNKNOWN,UNKNOWN,UNKNOWN,MAPPED_FROM_OWNER,2026-08-15,VARIANT_MAPPED
wifi fpt mới nhất 2026,wifi fpt mới nhất 2026,COMMERCIAL,WIFI,/wifi-fpt/,P0,UNKNOWN,UNKNOWN,UNKNOWN,MAPPED_FROM_OWNER,2026-08-15,VARIANT_MAPPED
wifi fpt bao nhiêu tiền,wifi fpt bao nhiêu tiền,COMMERCIAL,WIFI,/wifi-fpt/,P0,UNKNOWN,UNKNOWN,UNKNOWN,MAPPED_FROM_OWNER,2026-08-15,VARIANT_MAPPED
cáp quang fpt là gì,cáp quang fpt là gì,INFORMATIONAL,FTTH,/cap-quang-fpt/,P0,UNKNOWN,UNKNOWN,UNKNOWN,MAPPED_FROM_OWNER,2026-08-15,VARIANT_MAPPED
cáp quang fpt hoạt động thế nào,cáp quang fpt hoạt động thế nào,INFORMATIONAL,FTTH,/cap-quang-fpt/,P0,UNKNOWN,UNKNOWN,UNKNOWN,MAPPED_FROM_OWNER,2026-08-15,VARIANT_MAPPED
cáp quang fpt có gì mới,cáp quang fpt có gì mới,INFORMATIONAL,FTTH,/cap-quang-fpt/,P0,UNKNOWN,UNKNOWN,UNKNOWN,MAPPED_FROM_OWNER,2026-08-15,VARIANT_MAPPED
cáp quang fpt hướng dẫn,cáp quang fpt hướng dẫn,INFORMATIONAL,FTTH,/cap-quang-fpt/,P0,UNKNOWN,UNKNOWN,UNKNOWN,MAPPED_FROM_OWNER,2026-08-15,VARIANT_MAPPED
cáp quang fpt có nên dùng,cáp quang fpt có nên dùng,INFORMATIONAL,FTTH,/cap-quang-fpt/,P0,UNKNOWN,UNKNOWN,UNKNOWN,MAPPED_FROM_OWNER,2026-08-15,VARIANT_MAPPED
cáp quang fpt ưu nhược điểm,cáp quang fpt ưu nhược điểm,INFORMATIONAL,FTTH,/cap-quang-fpt/,P0,UNKNOWN,UNKNOWN,UNKNOWN,MAPPED_FROM_OWNER,2026-08-15,VARIANT_MAPPED
cáp quang fpt 2026,cáp quang fpt 2026,INFORMATIONAL,FTTH,/cap-quang-fpt/,P0,UNKNOWN,UNKNOWN,UNKNOWN,MAPPED_FROM_OWNER,2026-08-15,VARIANT_MAPPED
wifi 7 fpt giá,wifi 7 fpt giá,COMMERCIAL,WIFI7,/wifi-7/,P1,UNKNOWN,UNKNOWN,UNKNOWN,MAPPED_FROM_OWNER,2026-08-15,VARIANT_MAPPED
wifi 7 fpt review,wifi 7 fpt review,COMMERCIAL,WIFI7,/wifi-7/,P1,UNKNOWN,UNKNOWN,UNKNOWN,MAPPED_FROM_OWNER,2026-08-15,VARIANT_MAPPED
wifi 7 fpt có tốt không,wifi 7 fpt có tốt không,COMMERCIAL,WIFI7,/wifi-7/,P1,UNKNOWN,UNKNOWN,UNKNOWN,MAPPED_FROM_OWNER,2026-08-15,VARIANT_MAPPED
wifi 7 fpt phù hợp ai,wifi 7 fpt phù hợp ai,COMMERCIAL,WIFI7,/wifi-7/,P1,UNKNOWN,UNKNOWN,UNKNOWN,MAPPED_FROM_OWNER,2026-08-15,VARIANT_MAPPED
wifi 7 fpt nên dùng không,wifi 7 fpt nên dùng không,COMMERCIAL,WIFI7,/wifi-7/,P1,UNKNOWN,UNKNOWN,UNKNOWN,MAPPED_FROM_OWNER,2026-08-15,VARIANT_MAPPED
wifi 7 fpt so sánh,wifi 7 fpt so sánh,COMMERCIAL,WIFI7,/wifi-7/,P1,UNKNOWN,UNKNOWN,UNKNOWN,MAPPED_FROM_OWNER,2026-08-15,VARIANT_MAPPED
wifi 7 fpt đăng ký,wifi 7 fpt đăng ký,COMMERCIAL,WIFI7,/wifi-7/,P1,UNKNOWN,UNKNOWN,UNKNOWN,MAPPED_FROM_OWNER,2026-08-15,VARIANT_MAPPED
wifi 7 fpt mới nhất 2026,wifi 7 fpt mới nhất 2026,COMMERCIAL,WIFI7,/wifi-7/,P1,UNKNOWN,UNKNOWN,UNKNOWN,MAPPED_FROM_OWNER,2026-08-15,VARIANT_MAPPED
wifi 7 fpt bao nhiêu tiền,wifi 7 fpt bao nhiêu tiền,COMMERCIAL,WIFI7,/wifi-7/,P1,UNKNOWN,UNKNOWN,UNKNOWN,MAPPED_FROM_OWNER,2026-08-15,VARIANT_MAPPED
camera fpt giá,camera fpt giá,COMMERCIAL,CAMERA,/camera-fpt/,P1,UNKNOWN,UNKNOWN,UNKNOWN,MAPPED_FROM_OWNER,2026-08-15,VARIANT_MAPPED
camera fpt review,camera fpt review,COMMERCIAL,CAMERA,/camera-fpt/,P1,UNKNOWN,UNKNOWN,UNKNOWN,MAPPED_FROM_OWNER,2026-08-15,VARIANT_MAPPED
camera fpt có tốt không,camera fpt có tốt không,COMMERCIAL,CAMERA,/camera-fpt/,P1,UNKNOWN,UNKNOWN,UNKNOWN,MAPPED_FROM_OWNER,2026-08-15,VARIANT_MAPPED
camera fpt phù hợp ai,camera fpt phù hợp ai,COMMERCIAL,CAMERA,/camera-fpt/,P1,UNKNOWN,UNKNOWN,UNKNOWN,MAPPED_FROM_OWNER,2026-08-15,VARIANT_MAPPED
camera fpt nên dùng không,camera fpt nên dùng không,COMMERCIAL,CAMERA,/camera-fpt/,P1,UNKNOWN,UNKNOWN,UNKNOWN,MAPPED_FROM_OWNER,2026-08-15,VARIANT_MAPPED
camera fpt so sánh,camera fpt so sánh,COMMERCIAL,CAMERA,/camera-fpt/,P1,UNKNOWN,UNKNOWN,UNKNOWN,MAPPED_FROM_OWNER,2026-08-15,VARIANT_MAPPED
camera fpt đăng ký,camera fpt đăng ký,COMMERCIAL,CAMERA,/camera-fpt/,P1,UNKNOWN,UNKNOWN,UNKNOWN,MAPPED_FROM_OWNER,2026-08-15,VARIANT_MAPPED
camera fpt mới nhất 2026,camera fpt mới nhất 2026,COMMERCIAL,CAMERA,/camera-fpt/,P1,UNKNOWN,UNKNOWN,UNKNOWN,MAPPED_FROM_OWNER,2026-08-15,VARIANT_MAPPED
camera fpt bao nhiêu tiền,camera fpt bao nhiêu tiền,COMMERCIAL,CAMERA,/camera-fpt/,P1,UNKNOWN,UNKNOWN,UNKNOWN,MAPPED_FROM_OWNER,2026-08-15,VARIANT_MAPPED
fpt play giá,fpt play giá,COMMERCIAL,PLAY,/fpt-play/,P1,UNKNOWN,UNKNOWN,UNKNOWN,MAPPED_FROM_OWNER,2026-08-15,VARIANT_MAPPED
fpt play review,fpt play review,COMMERCIAL,PLAY,/fpt-play/,P1,UNKNOWN,UNKNOWN,UNKNOWN,MAPPED_FROM_OWNER,2026-08-15,VARIANT_MAPPED
fpt play có tốt không,fpt play có tốt không,COMMERCIAL,PLAY,/fpt-play/,P1,UNKNOWN,UNKNOWN,UNKNOWN,MAPPED_FROM_OWNER,2026-08-15,VARIANT_MAPPED
fpt play phù hợp ai,fpt play phù hợp ai,COMMERCIAL,PLAY,/fpt-play/,P1,UNKNOWN,UNKNOWN,UNKNOWN,MAPPED_FROM_OWNER,2026-08-15,VARIANT_MAPPED
fpt play nên dùng không,fpt play nên dùng không,COMMERCIAL,PLAY,/fpt-play/,P1,UNKNOWN,UNKNOWN,UNKNOWN,MAPPED_FROM_OWNER,2026-08-15,VARIANT_MAPPED
fpt play so sánh,fpt play so sánh,COMMERCIAL,PLAY,/fpt-play/,P1,UNKNOWN,UNKNOWN,UNKNOWN,MAPPED_FROM_OWNER,2026-08-15,VARIANT_MAPPED
fpt play đăng ký,fpt play đăng ký,COMMERCIAL,PLAY,/fpt-play/,P1,UNKNOWN,UNKNOWN,UNKNOWN,MAPPED_FROM_OWNER,2026-08-15,VARIANT_MAPPED
fpt play mới nhất 2026,fpt play mới nhất 2026,COMMERCIAL,PLAY,/fpt-play/,P1,UNKNOWN,UNKNOWN,UNKNOWN,MAPPED_FROM_OWNER,2026-08-15,VARIANT_MAPPED
fpt play bao nhiêu tiền,fpt play bao nhiêu tiền,COMMERCIAL,PLAY,/fpt-play/,P1,UNKNOWN,UNKNOWN,UNKNOWN,MAPPED_FROM_OWNER,2026-08-15,VARIANT_MAPPED
hỗ trợ fpt cách xử lý,hỗ trợ fpt cách xử lý,SUPPORT,SUPPORT,/support/,P1,UNKNOWN,UNKNOWN,UNKNOWN,MAPPED_FROM_OWNER,2026-08-15,VARIANT_MAPPED
hỗ trợ fpt hướng dẫn,hỗ trợ fpt hướng dẫn,SUPPORT,SUPPORT,/support/,P1,UNKNOWN,UNKNOWN,UNKNOWN,MAPPED_FROM_OWNER,2026-08-15,VARIANT_MAPPED
hỗ trợ fpt bị lỗi,hỗ trợ fpt bị lỗi,SUPPORT,SUPPORT,/support/,P1,UNKNOWN,UNKNOWN,UNKNOWN,MAPPED_FROM_OWNER,2026-08-15,VARIANT_MAPPED
hỗ trợ fpt không dùng được,hỗ trợ fpt không dùng được,SUPPORT,SUPPORT,/support/,P1,UNKNOWN,UNKNOWN,UNKNOWN,MAPPED_FROM_OWNER,2026-08-15,VARIANT_MAPPED
hỗ trợ fpt cách kiểm tra,hỗ trợ fpt cách kiểm tra,SUPPORT,SUPPORT,/support/,P1,UNKNOWN,UNKNOWN,UNKNOWN,MAPPED_FROM_OWNER,2026-08-15,VARIANT_MAPPED
hỗ trợ fpt 2026,hỗ trợ fpt 2026,SUPPORT,SUPPORT,/support/,P1,UNKNOWN,UNKNOWN,UNKNOWN,MAPPED_FROM_OWNER,2026-08-15,VARIANT_MAPPED
tin tức fpt là gì,tin tức fpt là gì,INFORMATIONAL,NEWS,/tin-tuc/,P1,UNKNOWN,UNKNOWN,UNKNOWN,MAPPED_FROM_OWNER,2026-08-15,VARIANT_MAPPED
tin tức fpt hoạt động thế nào,tin tức fpt hoạt động thế nào,INFORMATIONAL,NEWS,/tin-tuc/,P1,UNKNOWN,UNKNOWN,UNKNOWN,MAPPED_FROM_OWNER,2026-08-15,VARIANT_MAPPED
tin tức fpt có gì mới,tin tức fpt có gì mới,INFORMATIONAL,NEWS,/tin-tuc/,P1,UNKNOWN,UNKNOWN,UNKNOWN,MAPPED_FROM_OWNER,2026-08-15,VARIANT_MAPPED
tin tức fpt hướng dẫn,tin tức fpt hướng dẫn,INFORMATIONAL,NEWS,/tin-tuc/,P1,UNKNOWN,UNKNOWN,UNKNOWN,MAPPED_FROM_OWNER,2026-08-15,VARIANT_MAPPED
tin tức fpt có nên dùng,tin tức fpt có nên dùng,INFORMATIONAL,NEWS,/tin-tuc/,P1,UNKNOWN,UNKNOWN,UNKNOWN,MAPPED_FROM_OWNER,2026-08-15,VARIANT_MAPPED
tin tức fpt ưu nhược điểm,tin tức fpt ưu nhược điểm,INFORMATIONAL,NEWS,/tin-tuc/,P1,UNKNOWN,UNKNOWN,UNKNOWN,MAPPED_FROM_OWNER,2026-08-15,VARIANT_MAPPED
tin tức fpt 2026,tin tức fpt 2026,INFORMATIONAL,NEWS,/tin-tuc/,P1,UNKNOWN,UNKNOWN,UNKNOWN,MAPPED_FROM_OWNER,2026-08-15,VARIANT_MAPPED
liên hệ fpt đăng ký,liên hệ fpt đăng ký,TRANSACTIONAL,CONTACT,/lien-he/,P1,UNKNOWN,UNKNOWN,UNKNOWN,MAPPED_FROM_OWNER,2026-08-15,VARIANT_MAPPED
liên hệ fpt lắp đặt,liên hệ fpt lắp đặt,TRANSACTIONAL,CONTACT,/lien-he/,P1,UNKNOWN,UNKNOWN,UNKNOWN,MAPPED_FROM_OWNER,2026-08-15,VARIANT_MAPPED
liên hệ fpt giá bao nhiêu,liên hệ fpt giá bao nhiêu,TRANSACTIONAL,CONTACT,/lien-he/,P1,UNKNOWN,UNKNOWN,UNKNOWN,MAPPED_FROM_OWNER,2026-08-15,VARIANT_MAPPED
liên hệ fpt ở đâu,liên hệ fpt ở đâu,TRANSACTIONAL,CONTACT,/lien-he/,P1,UNKNOWN,UNKNOWN,UNKNOWN,MAPPED_FROM_OWNER,2026-08-15,VARIANT_MAPPED
liên hệ fpt tư vấn,liên hệ fpt tư vấn,TRANSACTIONAL,CONTACT,/lien-he/,P1,UNKNOWN,UNKNOWN,UNKNOWN,MAPPED_FROM_OWNER,2026-08-15,VARIANT_MAPPED
liên hệ fpt khuyến mãi,liên hệ fpt khuyến mãi,TRANSACTIONAL,CONTACT,/lien-he/,P1,UNKNOWN,UNKNOWN,UNKNOWN,MAPPED_FROM_OWNER,2026-08-15,VARIANT_MAPPED
liên hệ fpt mới nhất 2026,liên hệ fpt mới nhất 2026,TRANSACTIONAL,CONTACT,/lien-he/,P1,UNKNOWN,UNKNOWN,UNKNOWN,MAPPED_FROM_OWNER,2026-08-15,VARIANT_MAPPED
liên hệ fpt thủ tục,liên hệ fpt thủ tục,TRANSACTIONAL,CONTACT,/lien-he/,P1,UNKNOWN,UNKNOWN,UNKNOWN,MAPPED_FROM_OWNER,2026-08-15,VARIANT_MAPPED
giga fpt giá,giga fpt giá,COMMERCIAL,PACKAGES,/goi-cuoc/giga/,P1,UNKNOWN,UNKNOWN,UNKNOWN,MAPPED_FROM_OWNER,2026-08-15,VARIANT_MAPPED
giga fpt review,giga fpt review,COMMERCIAL,PACKAGES,/goi-cuoc/giga/,P1,UNKNOWN,UNKNOWN,UNKNOWN,MAPPED_FROM_OWNER,2026-08-15,VARIANT_MAPPED
giga fpt có tốt không,giga fpt có tốt không,COMMERCIAL,PACKAGES,/goi-cuoc/giga/,P1,UNKNOWN,UNKNOWN,UNKNOWN,MAPPED_FROM_OWNER,2026-08-15,VARIANT_MAPPED
giga fpt phù hợp ai,giga fpt phù hợp ai,COMMERCIAL,PACKAGES,/goi-cuoc/giga/,P1,UNKNOWN,UNKNOWN,UNKNOWN,MAPPED_FROM_OWNER,2026-08-15,VARIANT_MAPPED
giga fpt nên dùng không,giga fpt nên dùng không,COMMERCIAL,PACKAGES,/goi-cuoc/giga/,P1,UNKNOWN,UNKNOWN,UNKNOWN,MAPPED_FROM_OWNER,2026-08-15,VARIANT_MAPPED
giga fpt so sánh,giga fpt so sánh,COMMERCIAL,PACKAGES,/goi-cuoc/giga/,P1,UNKNOWN,UNKNOWN,UNKNOWN,MAPPED_FROM_OWNER,2026-08-15,VARIANT_MAPPED
giga fpt đăng ký,giga fpt đăng ký,COMMERCIAL,PACKAGES,/goi-cuoc/giga/,P1,UNKNOWN,UNKNOWN,UNKNOWN,MAPPED_FROM_OWNER,2026-08-15,VARIANT_MAPPED
giga fpt mới nhất 2026,giga fpt mới nhất 2026,COMMERCIAL,PACKAGES,/goi-cuoc/giga/,P1,UNKNOWN,UNKNOWN,UNKNOWN,MAPPED_FROM_OWNER,2026-08-15,VARIANT_MAPPED
giga fpt bao nhiêu tiền,giga fpt bao nhiêu tiền,COMMERCIAL,PACKAGES,/goi-cuoc/giga/,P1,UNKNOWN,UNKNOWN,UNKNOWN,MAPPED_FROM_OWNER,2026-08-15,VARIANT_MAPPED
sky fpt giá,sky fpt giá,COMMERCIAL,PACKAGES,/goi-cuoc/sky/,P1,UNKNOWN,UNKNOWN,UNKNOWN,MAPPED_FROM_OWNER,2026-08-15,VARIANT_MAPPED
sky fpt review,sky fpt review,COMMERCIAL,PACKAGES,/goi-cuoc/sky/,P1,UNKNOWN,UNKNOWN,UNKNOWN,MAPPED_FROM_OWNER,2026-08-15,VARIANT_MAPPED
sky fpt có tốt không,sky fpt có tốt không,COMMERCIAL,PACKAGES,/goi-cuoc/sky/,P1,UNKNOWN,UNKNOWN,UNKNOWN,MAPPED_FROM_OWNER,2026-08-15,VARIANT_MAPPED
sky fpt phù hợp ai,sky fpt phù hợp ai,COMMERCIAL,PACKAGES,/goi-cuoc/sky/,P1,UNKNOWN,UNKNOWN,UNKNOWN,MAPPED_FROM_OWNER,2026-08-15,VARIANT_MAPPED
sky fpt nên dùng không,sky fpt nên dùng không,COMMERCIAL,PACKAGES,/goi-cuoc/sky/,P1,UNKNOWN,UNKNOWN,UNKNOWN,MAPPED_FROM_OWNER,2026-08-15,VARIANT_MAPPED
sky fpt so sánh,sky fpt so sánh,COMMERCIAL,PACKAGES,/goi-cuoc/sky/,P1,UNKNOWN,UNKNOWN,UNKNOWN,MAPPED_FROM_OWNER,2026-08-15,VARIANT_MAPPED
sky fpt đăng ký,sky fpt đăng ký,COMMERCIAL,PACKAGES,/goi-cuoc/sky/,P1,UNKNOWN,UNKNOWN,UNKNOWN,MAPPED_FROM_OWNER,2026-08-15,VARIANT_MAPPED
sky fpt mới nhất 2026,sky fpt mới nhất 2026,COMMERCIAL,PACKAGES,/goi-cuoc/sky/,P1,UNKNOWN,UNKNOWN,UNKNOWN,MAPPED_FROM_OWNER,2026-08-15,VARIANT_MAPPED
sky fpt bao nhiêu tiền,sky fpt bao nhiêu tiền,COMMERCIAL,PACKAGES,/goi-cuoc/sky/,P1,UNKNOWN,UNKNOWN,UNKNOWN,MAPPED_FROM_OWNER,2026-08-15,VARIANT_MAPPED
meta fpt giá,meta fpt giá,COMMERCIAL,PACKAGES,/goi-cuoc/meta/,P1,UNKNOWN,UNKNOWN,UNKNOWN,MAPPED_FROM_OWNER,2026-08-15,VARIANT_MAPPED
meta fpt review,meta fpt review,COMMERCIAL,PACKAGES,/goi-cuoc/meta/,P1,UNKNOWN,UNKNOWN,UNKNOWN,MAPPED_FROM_OWNER,2026-08-15,VARIANT_MAPPED
meta fpt có tốt không,meta fpt có tốt không,COMMERCIAL,PACKAGES,/goi-cuoc/meta/,P1,UNKNOWN,UNKNOWN,UNKNOWN,MAPPED_FROM_OWNER,2026-08-15,VARIANT_MAPPED
meta fpt phù hợp ai,meta fpt phù hợp ai,COMMERCIAL,PACKAGES,/goi-cuoc/meta/,P1,UNKNOWN,UNKNOWN,UNKNOWN,MAPPED_FROM_OWNER,2026-08-15,VARIANT_MAPPED
meta fpt nên dùng không,meta fpt nên dùng không,COMMERCIAL,PACKAGES,/goi-cuoc/meta/,P1,UNKNOWN,UNKNOWN,UNKNOWN,MAPPED_FROM_OWNER,2026-08-15,VARIANT_MAPPED
meta fpt so sánh,meta fpt so sánh,COMMERCIAL,PACKAGES,/goi-cuoc/meta/,P1,UNKNOWN,UNKNOWN,UNKNOWN,MAPPED_FROM_OWNER,2026-08-15,VARIANT_MAPPED
meta fpt đăng ký,meta fpt đăng ký,COMMERCIAL,PACKAGES,/goi-cuoc/meta/,P1,UNKNOWN,UNKNOWN,UNKNOWN,MAPPED_FROM_OWNER,2026-08-15,VARIANT_MAPPED
meta fpt mới nhất 2026,meta fpt mới nhất 2026,COMMERCIAL,PACKAGES,/goi-cuoc/meta/,P1,UNKNOWN,UNKNOWN,UNKNOWN,MAPPED_FROM_OWNER,2026-08-15,VARIANT_MAPPED
meta fpt bao nhiêu tiền,meta fpt bao nhiêu tiền,COMMERCIAL,PACKAGES,/goi-cuoc/meta/,P1,UNKNOWN,UNKNOWN,UNKNOWN,MAPPED_FROM_OWNER,2026-08-15,VARIANT_MAPPED
gói cước fpt phù hợp với ai?,gói cước fpt phù hợp với ai?,INFORMATIONAL,PACKAGES,/goi-cuoc-fpt/,P0,UNKNOWN,UNKNOWN,UNKNOWN,AEO_MAP,2026-08-15,AEO_QUESTION
gói cước fpt có tốt không?,gói cước fpt có tốt không?,INFORMATIONAL,PACKAGES,/goi-cuoc-fpt/,P0,UNKNOWN,UNKNOWN,UNKNOWN,AEO_MAP,2026-08-15,AEO_QUESTION
gói cước fpt khác gì lựa chọn khác?,gói cước fpt khác gì lựa chọn khác?,INFORMATIONAL,PACKAGES,/goi-cuoc-fpt/,P0,UNKNOWN,UNKNOWN,UNKNOWN,AEO_MAP,2026-08-15,AEO_QUESTION
khi nào nên chọn gói cước fpt?,khi nào nên chọn gói cước fpt?,INFORMATIONAL,PACKAGES,/goi-cuoc-fpt/,P0,UNKNOWN,UNKNOWN,UNKNOWN,AEO_MAP,2026-08-15,AEO_QUESTION
bảng giá fpt phù hợp với ai?,bảng giá fpt phù hợp với ai?,INFORMATIONAL,PACKAGES,/bang-gia-fpt/,P0,UNKNOWN,UNKNOWN,UNKNOWN,AEO_MAP,2026-08-15,AEO_QUESTION
bảng giá fpt có tốt không?,bảng giá fpt có tốt không?,INFORMATIONAL,PACKAGES,/bang-gia-fpt/,P0,UNKNOWN,UNKNOWN,UNKNOWN,AEO_MAP,2026-08-15,AEO_QUESTION
bảng giá fpt khác gì lựa chọn khác?,bảng giá fpt khác gì lựa chọn khác?,INFORMATIONAL,PACKAGES,/bang-gia-fpt/,P0,UNKNOWN,UNKNOWN,UNKNOWN,AEO_MAP,2026-08-15,AEO_QUESTION
khi nào nên chọn bảng giá fpt?,khi nào nên chọn bảng giá fpt?,INFORMATIONAL,PACKAGES,/bang-gia-fpt/,P0,UNKNOWN,UNKNOWN,UNKNOWN,AEO_MAP,2026-08-15,AEO_QUESTION
combo fpt phù hợp với ai?,combo fpt phù hợp với ai?,INFORMATIONAL,COMBO,/combo-fpt/,P0,UNKNOWN,UNKNOWN,UNKNOWN,AEO_MAP,2026-08-15,AEO_QUESTION
combo fpt có tốt không?,combo fpt có tốt không?,INFORMATIONAL,COMBO,/combo-fpt/,P0,UNKNOWN,UNKNOWN,UNKNOWN,AEO_MAP,2026-08-15,AEO_QUESTION
combo fpt khác gì lựa chọn khác?,combo fpt khác gì lựa chọn khác?,INFORMATIONAL,COMBO,/combo-fpt/,P0,UNKNOWN,UNKNOWN,UNKNOWN,AEO_MAP,2026-08-15,AEO_QUESTION
khi nào nên chọn combo fpt?,khi nào nên chọn combo fpt?,INFORMATIONAL,COMBO,/combo-fpt/,P0,UNKNOWN,UNKNOWN,UNKNOWN,AEO_MAP,2026-08-15,AEO_QUESTION
internet + truyền hình fpt phù hợp với ai?,internet + truyền hình fpt phù hợp với ai?,INFORMATIONAL,COMBO,/internet-truyen-hinh-fpt/,P1,UNKNOWN,UNKNOWN,UNKNOWN,AEO_MAP,2026-08-15,AEO_QUESTION
internet + truyền hình fpt có tốt không?,internet + truyền hình fpt có tốt không?,INFORMATIONAL,COMBO,/internet-truyen-hinh-fpt/,P1,UNKNOWN,UNKNOWN,UNKNOWN,AEO_MAP,2026-08-15,AEO_QUESTION
internet + truyền hình fpt khác gì lựa chọn khác?,internet + truyền hình fpt khác gì lựa chọn khác?,INFORMATIONAL,COMBO,/internet-truyen-hinh-fpt/,P1,UNKNOWN,UNKNOWN,UNKNOWN,AEO_MAP,2026-08-15,AEO_QUESTION
khi nào nên chọn internet + truyền hình fpt?,khi nào nên chọn internet + truyền hình fpt?,INFORMATIONAL,COMBO,/internet-truyen-hinh-fpt/,P1,UNKNOWN,UNKNOWN,UNKNOWN,AEO_MAP,2026-08-15,AEO_QUESTION
f-game fpt phù hợp với ai?,f-game fpt phù hợp với ai?,INFORMATIONAL,GAMING,/f-game-fpt/,P0,UNKNOWN,UNKNOWN,UNKNOWN,AEO_MAP,2026-08-15,AEO_QUESTION
f-game fpt có tốt không?,f-game fpt có tốt không?,INFORMATIONAL,GAMING,/f-game-fpt/,P0,UNKNOWN,UNKNOWN,UNKNOWN,AEO_MAP,2026-08-15,AEO_QUESTION
f-game fpt khác gì lựa chọn khác?,f-game fpt khác gì lựa chọn khác?,INFORMATIONAL,GAMING,/f-game-fpt/,P0,UNKNOWN,UNKNOWN,UNKNOWN,AEO_MAP,2026-08-15,AEO_QUESTION
khi nào nên chọn f-game fpt?,khi nào nên chọn f-game fpt?,INFORMATIONAL,GAMING,/f-game-fpt/,P0,UNKNOWN,UNKNOWN,UNKNOWN,AEO_MAP,2026-08-15,AEO_QUESTION
mesh wifi fpt phù hợp với ai?,mesh wifi fpt phù hợp với ai?,INFORMATIONAL,WIFI,/mesh-wifi-fpt/,P1,UNKNOWN,UNKNOWN,UNKNOWN,AEO_MAP,2026-08-15,AEO_QUESTION
mesh wifi fpt có tốt không?,mesh wifi fpt có tốt không?,INFORMATIONAL,WIFI,/mesh-wifi-fpt/,P1,UNKNOWN,UNKNOWN,UNKNOWN,AEO_MAP,2026-08-15,AEO_QUESTION
mesh wifi fpt khác gì lựa chọn khác?,mesh wifi fpt khác gì lựa chọn khác?,INFORMATIONAL,WIFI,/mesh-wifi-fpt/,P1,UNKNOWN,UNKNOWN,UNKNOWN,AEO_MAP,2026-08-15,AEO_QUESTION
khi nào nên chọn mesh wifi fpt?,khi nào nên chọn mesh wifi fpt?,INFORMATIONAL,WIFI,/mesh-wifi-fpt/,P1,UNKNOWN,UNKNOWN,UNKNOWN,AEO_MAP,2026-08-15,AEO_QUESTION
wifi 6 fpt là gì?,wifi 6 fpt là gì?,INFORMATIONAL,WIFI,/wifi-6-fpt/,P1,UNKNOWN,UNKNOWN,UNKNOWN,AEO_MAP,2026-08-15,AEO_QUESTION
wifi 6 fpt hoạt động thế nào?,wifi 6 fpt hoạt động thế nào?,INFORMATIONAL,WIFI,/wifi-6-fpt/,P1,UNKNOWN,UNKNOWN,UNKNOWN,AEO_MAP,2026-08-15,AEO_QUESTION
wifi 6 fpt có ưu nhược điểm gì?,wifi 6 fpt có ưu nhược điểm gì?,INFORMATIONAL,WIFI,/wifi-6-fpt/,P1,UNKNOWN,UNKNOWN,UNKNOWN,AEO_MAP,2026-08-15,AEO_QUESTION
khi nào cần wifi 6 fpt?,khi nào cần wifi 6 fpt?,INFORMATIONAL,WIFI,/wifi-6-fpt/,P1,UNKNOWN,UNKNOWN,UNKNOWN,AEO_MAP,2026-08-15,AEO_QUESTION
xgs-pon fpt là gì?,xgs-pon fpt là gì?,INFORMATIONAL,WIFI7,/xgs-pon-fpt/,P1,UNKNOWN,UNKNOWN,UNKNOWN,AEO_MAP,2026-08-15,AEO_QUESTION
xgs-pon fpt hoạt động thế nào?,xgs-pon fpt hoạt động thế nào?,INFORMATIONAL,WIFI7,/xgs-pon-fpt/,P1,UNKNOWN,UNKNOWN,UNKNOWN,AEO_MAP,2026-08-15,AEO_QUESTION
xgs-pon fpt có ưu nhược điểm gì?,xgs-pon fpt có ưu nhược điểm gì?,INFORMATIONAL,WIFI7,/xgs-pon-fpt/,P1,UNKNOWN,UNKNOWN,UNKNOWN,AEO_MAP,2026-08-15,AEO_QUESTION
khi nào cần xgs-pon fpt?,khi nào cần xgs-pon fpt?,INFORMATIONAL,WIFI7,/xgs-pon-fpt/,P1,UNKNOWN,UNKNOWN,UNKNOWN,AEO_MAP,2026-08-15,AEO_QUESTION
speedx fpt phù hợp với ai?,speedx fpt phù hợp với ai?,INFORMATIONAL,WIFI7,/speedx-fpt/,P0,UNKNOWN,UNKNOWN,UNKNOWN,AEO_MAP,2026-08-15,AEO_QUESTION
speedx fpt có tốt không?,speedx fpt có tốt không?,INFORMATIONAL,WIFI7,/speedx-fpt/,P0,UNKNOWN,UNKNOWN,UNKNOWN,AEO_MAP,2026-08-15,AEO_QUESTION
speedx fpt khác gì lựa chọn khác?,speedx fpt khác gì lựa chọn khác?,INFORMATIONAL,WIFI7,/speedx-fpt/,P0,UNKNOWN,UNKNOWN,UNKNOWN,AEO_MAP,2026-08-15,AEO_QUESTION
khi nào nên chọn speedx fpt?,khi nào nên chọn speedx fpt?,INFORMATIONAL,WIFI7,/speedx-fpt/,P0,UNKNOWN,UNKNOWN,UNKNOWN,AEO_MAP,2026-08-15,AEO_QUESTION
gói f-game fpt phù hợp với ai?,gói f-game fpt phù hợp với ai?,INFORMATIONAL,PACKAGES,/goi-cuoc/f-game/,P1,UNKNOWN,UNKNOWN,UNKNOWN,AEO_MAP,2026-08-15,AEO_QUESTION
gói f-game fpt có tốt không?,gói f-game fpt có tốt không?,INFORMATIONAL,PACKAGES,/goi-cuoc/f-game/,P1,UNKNOWN,UNKNOWN,UNKNOWN,AEO_MAP,2026-08-15,AEO_QUESTION
gói f-game fpt khác gì lựa chọn khác?,gói f-game fpt khác gì lựa chọn khác?,INFORMATIONAL,PACKAGES,/goi-cuoc/f-game/,P1,UNKNOWN,UNKNOWN,UNKNOWN,AEO_MAP,2026-08-15,AEO_QUESTION
khi nào nên chọn gói f-game fpt?,khi nào nên chọn gói f-game fpt?,INFORMATIONAL,PACKAGES,/goi-cuoc/f-game/,P1,UNKNOWN,UNKNOWN,UNKNOWN,AEO_MAP,2026-08-15,AEO_QUESTION
combo giga fpt phù hợp với ai?,combo giga fpt phù hợp với ai?,INFORMATIONAL,PACKAGES,/goi-cuoc/combo-giga/,P1,UNKNOWN,UNKNOWN,UNKNOWN,AEO_MAP,2026-08-15,AEO_QUESTION
combo giga fpt có tốt không?,combo giga fpt có tốt không?,INFORMATIONAL,PACKAGES,/goi-cuoc/combo-giga/,P1,UNKNOWN,UNKNOWN,UNKNOWN,AEO_MAP,2026-08-15,AEO_QUESTION
combo giga fpt khác gì lựa chọn khác?,combo giga fpt khác gì lựa chọn khác?,INFORMATIONAL,PACKAGES,/goi-cuoc/combo-giga/,P1,UNKNOWN,UNKNOWN,UNKNOWN,AEO_MAP,2026-08-15,AEO_QUESTION
khi nào nên chọn combo giga fpt?,khi nào nên chọn combo giga fpt?,INFORMATIONAL,PACKAGES,/goi-cuoc/combo-giga/,P1,UNKNOWN,UNKNOWN,UNKNOWN,AEO_MAP,2026-08-15,AEO_QUESTION
combo sky fpt phù hợp với ai?,combo sky fpt phù hợp với ai?,INFORMATIONAL,PACKAGES,/goi-cuoc/combo-sky/,P1,UNKNOWN,UNKNOWN,UNKNOWN,AEO_MAP,2026-08-15,AEO_QUESTION
combo sky fpt có tốt không?,combo sky fpt có tốt không?,INFORMATIONAL,PACKAGES,/goi-cuoc/combo-sky/,P1,UNKNOWN,UNKNOWN,UNKNOWN,AEO_MAP,2026-08-15,AEO_QUESTION
combo sky fpt khác gì lựa chọn khác?,combo sky fpt khác gì lựa chọn khác?,INFORMATIONAL,PACKAGES,/goi-cuoc/combo-sky/,P1,UNKNOWN,UNKNOWN,UNKNOWN,AEO_MAP,2026-08-15,AEO_QUESTION
khi nào nên chọn combo sky fpt?,khi nào nên chọn combo sky fpt?,INFORMATIONAL,PACKAGES,/goi-cuoc/combo-sky/,P1,UNKNOWN,UNKNOWN,UNKNOWN,AEO_MAP,2026-08-15,AEO_QUESTION
combo meta fpt phù hợp với ai?,combo meta fpt phù hợp với ai?,INFORMATIONAL,PACKAGES,/goi-cuoc/combo-meta/,P1,UNKNOWN,UNKNOWN,UNKNOWN,AEO_MAP,2026-08-15,AEO_QUESTION
combo meta fpt có tốt không?,combo meta fpt có tốt không?,INFORMATIONAL,PACKAGES,/goi-cuoc/combo-meta/,P1,UNKNOWN,UNKNOWN,UNKNOWN,AEO_MAP,2026-08-15,AEO_QUESTION
combo meta fpt khác gì lựa chọn khác?,combo meta fpt khác gì lựa chọn khác?,INFORMATIONAL,PACKAGES,/goi-cuoc/combo-meta/,P1,UNKNOWN,UNKNOWN,UNKNOWN,AEO_MAP,2026-08-15,AEO_QUESTION
khi nào nên chọn combo meta fpt?,khi nào nên chọn combo meta fpt?,INFORMATIONAL,PACKAGES,/goi-cuoc/combo-meta/,P1,UNKNOWN,UNKNOWN,UNKNOWN,AEO_MAP,2026-08-15,AEO_QUESTION
combo f-game fpt phù hợp với ai?,combo f-game fpt phù hợp với ai?,INFORMATIONAL,PACKAGES,/goi-cuoc/combo-f-game/,P1,UNKNOWN,UNKNOWN,UNKNOWN,AEO_MAP,2026-08-15,AEO_QUESTION
combo f-game fpt có tốt không?,combo f-game fpt có tốt không?,INFORMATIONAL,PACKAGES,/goi-cuoc/combo-f-game/,P1,UNKNOWN,UNKNOWN,UNKNOWN,AEO_MAP,2026-08-15,AEO_QUESTION
combo f-game fpt khác gì lựa chọn khác?,combo f-game fpt khác gì lựa chọn khác?,INFORMATIONAL,PACKAGES,/goi-cuoc/combo-f-game/,P1,UNKNOWN,UNKNOWN,UNKNOWN,AEO_MAP,2026-08-15,AEO_QUESTION
khi nào nên chọn combo f-game fpt?,khi nào nên chọn combo f-game fpt?,INFORMATIONAL,PACKAGES,/goi-cuoc/combo-f-game/,P1,UNKNOWN,UNKNOWN,UNKNOWN,AEO_MAP,2026-08-15,AEO_QUESTION
speedx2 fpt phù hợp với ai?,speedx2 fpt phù hợp với ai?,INFORMATIONAL,PACKAGES,/goi-cuoc/speedx2/,P1,UNKNOWN,UNKNOWN,UNKNOWN,AEO_MAP,2026-08-15,AEO_QUESTION
speedx2 fpt có tốt không?,speedx2 fpt có tốt không?,INFORMATIONAL,PACKAGES,/goi-cuoc/speedx2/,P1,UNKNOWN,UNKNOWN,UNKNOWN,AEO_MAP,2026-08-15,AEO_QUESTION
speedx2 fpt khác gì lựa chọn khác?,speedx2 fpt khác gì lựa chọn khác?,INFORMATIONAL,PACKAGES,/goi-cuoc/speedx2/,P1,UNKNOWN,UNKNOWN,UNKNOWN,AEO_MAP,2026-08-15,AEO_QUESTION
khi nào nên chọn speedx2 fpt?,khi nào nên chọn speedx2 fpt?,INFORMATIONAL,PACKAGES,/goi-cuoc/speedx2/,P1,UNKNOWN,UNKNOWN,UNKNOWN,AEO_MAP,2026-08-15,AEO_QUESTION
speedx2 pro fpt phù hợp với ai?,speedx2 pro fpt phù hợp với ai?,INFORMATIONAL,PACKAGES,/goi-cuoc/speedx2-pro/,P1,UNKNOWN,UNKNOWN,UNKNOWN,AEO_MAP,2026-08-15,AEO_QUESTION
speedx2 pro fpt có tốt không?,speedx2 pro fpt có tốt không?,INFORMATIONAL,PACKAGES,/goi-cuoc/speedx2-pro/,P1,UNKNOWN,UNKNOWN,UNKNOWN,AEO_MAP,2026-08-15,AEO_QUESTION
speedx2 pro fpt khác gì lựa chọn khác?,speedx2 pro fpt khác gì lựa chọn khác?,INFORMATIONAL,PACKAGES,/goi-cuoc/speedx2-pro/,P1,UNKNOWN,UNKNOWN,UNKNOWN,AEO_MAP,2026-08-15,AEO_QUESTION
khi nào nên chọn speedx2 pro fpt?,khi nào nên chọn speedx2 pro fpt?,INFORMATIONAL,PACKAGES,/goi-cuoc/speedx2-pro/,P1,UNKNOWN,UNKNOWN,UNKNOWN,AEO_MAP,2026-08-15,AEO_QUESTION
speedx10 fpt phù hợp với ai?,speedx10 fpt phù hợp với ai?,INFORMATIONAL,PACKAGES,/goi-cuoc/speedx10/,P1,UNKNOWN,UNKNOWN,UNKNOWN,AEO_MAP,2026-08-15,AEO_QUESTION
speedx10 fpt có tốt không?,speedx10 fpt có tốt không?,INFORMATIONAL,PACKAGES,/goi-cuoc/speedx10/,P1,UNKNOWN,UNKNOWN,UNKNOWN,AEO_MAP,2026-08-15,AEO_QUESTION
speedx10 fpt khác gì lựa chọn khác?,speedx10 fpt khác gì lựa chọn khác?,INFORMATIONAL,PACKAGES,/goi-cuoc/speedx10/,P1,UNKNOWN,UNKNOWN,UNKNOWN,AEO_MAP,2026-08-15,AEO_QUESTION
khi nào nên chọn speedx10 fpt?,khi nào nên chọn speedx10 fpt?,INFORMATIONAL,PACKAGES,/goi-cuoc/speedx10/,P1,UNKNOWN,UNKNOWN,UNKNOWN,AEO_MAP,2026-08-15,AEO_QUESTION
speedx10 pro fpt phù hợp với ai?,speedx10 pro fpt phù hợp với ai?,INFORMATIONAL,PACKAGES,/goi-cuoc/speedx10-pro/,P1,UNKNOWN,UNKNOWN,UNKNOWN,AEO_MAP,2026-08-15,AEO_QUESTION
speedx10 pro fpt có tốt không?,speedx10 pro fpt có tốt không?,INFORMATIONAL,PACKAGES,/goi-cuoc/speedx10-pro/,P1,UNKNOWN,UNKNOWN,UNKNOWN,AEO_MAP,2026-08-15,AEO_QUESTION
speedx10 pro fpt khác gì lựa chọn khác?,speedx10 pro fpt khác gì lựa chọn khác?,INFORMATIONAL,PACKAGES,/goi-cuoc/speedx10-pro/,P1,UNKNOWN,UNKNOWN,UNKNOWN,AEO_MAP,2026-08-15,AEO_QUESTION
khi nào nên chọn speedx10 pro fpt?,khi nào nên chọn speedx10 pro fpt?,INFORMATIONAL,PACKAGES,/goi-cuoc/speedx10-pro/,P1,UNKNOWN,UNKNOWN,UNKNOWN,AEO_MAP,2026-08-15,AEO_QUESTION
camera play 3 fpt phù hợp với ai?,camera play 3 fpt phù hợp với ai?,INFORMATIONAL,CAMERA,/camera-fpt/play-3/,P1,UNKNOWN,UNKNOWN,UNKNOWN,AEO_MAP,2026-08-15,AEO_QUESTION
camera play 3 fpt có tốt không?,camera play 3 fpt có tốt không?,INFORMATIONAL,CAMERA,/camera-fpt/play-3/,P1,UNKNOWN,UNKNOWN,UNKNOWN,AEO_MAP,2026-08-15,AEO_QUESTION
camera play 3 fpt khác gì lựa chọn khác?,camera play 3 fpt khác gì lựa chọn khác?,INFORMATIONAL,CAMERA,/camera-fpt/play-3/,P1,UNKNOWN,UNKNOWN,UNKNOWN,AEO_MAP,2026-08-15,AEO_QUESTION
khi nào nên chọn camera play 3 fpt?,khi nào nên chọn camera play 3 fpt?,INFORMATIONAL,CAMERA,/camera-fpt/play-3/,P1,UNKNOWN,UNKNOWN,UNKNOWN,AEO_MAP,2026-08-15,AEO_QUESTION
camera play 4 fpt phù hợp với ai?,camera play 4 fpt phù hợp với ai?,INFORMATIONAL,CAMERA,/camera-fpt/play-4/,P1,UNKNOWN,UNKNOWN,UNKNOWN,AEO_MAP,2026-08-15,AEO_QUESTION
camera play 4 fpt có tốt không?,camera play 4 fpt có tốt không?,INFORMATIONAL,CAMERA,/camera-fpt/play-4/,P1,UNKNOWN,UNKNOWN,UNKNOWN,AEO_MAP,2026-08-15,AEO_QUESTION
camera play 4 fpt khác gì lựa chọn khác?,camera play 4 fpt khác gì lựa chọn khác?,INFORMATIONAL,CAMERA,/camera-fpt/play-4/,P1,UNKNOWN,UNKNOWN,UNKNOWN,AEO_MAP,2026-08-15,AEO_QUESTION
khi nào nên chọn camera play 4 fpt?,khi nào nên chọn camera play 4 fpt?,INFORMATIONAL,CAMERA,/camera-fpt/play-4/,P1,UNKNOWN,UNKNOWN,UNKNOWN,AEO_MAP,2026-08-15,AEO_QUESTION
mạng fpt cho gia đình phù hợp với ai?,mạng fpt cho gia đình phù hợp với ai?,INFORMATIONAL,USE_FAMILY,/giai-phap/gia-dinh/,P1,UNKNOWN,UNKNOWN,UNKNOWN,AEO_MAP,2026-08-15,AEO_QUESTION
mạng fpt cho gia đình có tốt không?,mạng fpt cho gia đình có tốt không?,INFORMATIONAL,USE_FAMILY,/giai-phap/gia-dinh/,P1,UNKNOWN,UNKNOWN,UNKNOWN,AEO_MAP,2026-08-15,AEO_QUESTION
mạng fpt cho gia đình khác gì lựa chọn khác?,mạng fpt cho gia đình khác gì lựa chọn khác?,INFORMATIONAL,USE_FAMILY,/giai-phap/gia-dinh/,P1,UNKNOWN,UNKNOWN,UNKNOWN,AEO_MAP,2026-08-15,AEO_QUESTION
khi nào nên chọn mạng fpt cho gia đình?,khi nào nên chọn mạng fpt cho gia đình?,INFORMATIONAL,USE_FAMILY,/giai-phap/gia-dinh/,P1,UNKNOWN,UNKNOWN,UNKNOWN,AEO_MAP,2026-08-15,AEO_QUESTION
wifi fpt cho nhà nhiều tầng phù hợp với ai?,wifi fpt cho nhà nhiều tầng phù hợp với ai?,INFORMATIONAL,USE_MULTIFLOOR,/giai-phap/nha-nhieu-tang/,P1,UNKNOWN,UNKNOWN,UNKNOWN,AEO_MAP,2026-08-15,AEO_QUESTION
wifi fpt cho nhà nhiều tầng có tốt không?,wifi fpt cho nhà nhiều tầng có tốt không?,INFORMATIONAL,USE_MULTIFLOOR,/giai-phap/nha-nhieu-tang/,P1,UNKNOWN,UNKNOWN,UNKNOWN,AEO_MAP,2026-08-15,AEO_QUESTION
wifi fpt cho nhà nhiều tầng khác gì lựa chọn khác?,wifi fpt cho nhà nhiều tầng khác gì lựa chọn khác?,INFORMATIONAL,USE_MULTIFLOOR,/giai-phap/nha-nhieu-tang/,P1,UNKNOWN,UNKNOWN,UNKNOWN,AEO_MAP,2026-08-15,AEO_QUESTION
khi nào nên chọn wifi fpt cho nhà nhiều tầng?,khi nào nên chọn wifi fpt cho nhà nhiều tầng?,INFORMATIONAL,USE_MULTIFLOOR,/giai-phap/nha-nhieu-tang/,P1,UNKNOWN,UNKNOWN,UNKNOWN,AEO_MAP,2026-08-15,AEO_QUESTION
mạng fpt cho chung cư phù hợp với ai?,mạng fpt cho chung cư phù hợp với ai?,INFORMATIONAL,USE_APARTMENT,/giai-phap/chung-cu/,P1,UNKNOWN,UNKNOWN,UNKNOWN,AEO_MAP,2026-08-15,AEO_QUESTION
mạng fpt cho chung cư có tốt không?,mạng fpt cho chung cư có tốt không?,INFORMATIONAL,USE_APARTMENT,/giai-phap/chung-cu/,P1,UNKNOWN,UNKNOWN,UNKNOWN,AEO_MAP,2026-08-15,AEO_QUESTION
mạng fpt cho chung cư khác gì lựa chọn khác?,mạng fpt cho chung cư khác gì lựa chọn khác?,INFORMATIONAL,USE_APARTMENT,/giai-phap/chung-cu/,P1,UNKNOWN,UNKNOWN,UNKNOWN,AEO_MAP,2026-08-15,AEO_QUESTION
khi nào nên chọn mạng fpt cho chung cư?,khi nào nên chọn mạng fpt cho chung cư?,INFORMATIONAL,USE_APARTMENT,/giai-phap/chung-cu/,P1,UNKNOWN,UNKNOWN,UNKNOWN,AEO_MAP,2026-08-15,AEO_QUESTION
mạng fpt cho game thủ phù hợp với ai?,mạng fpt cho game thủ phù hợp với ai?,INFORMATIONAL,USE_GAME,/giai-phap/game-thu/,P1,UNKNOWN,UNKNOWN,UNKNOWN,AEO_MAP,2026-08-15,AEO_QUESTION
mạng fpt cho game thủ có tốt không?,mạng fpt cho game thủ có tốt không?,INFORMATIONAL,USE_GAME,/giai-phap/game-thu/,P1,UNKNOWN,UNKNOWN,UNKNOWN,AEO_MAP,2026-08-15,AEO_QUESTION
mạng fpt cho game thủ khác gì lựa chọn khác?,mạng fpt cho game thủ khác gì lựa chọn khác?,INFORMATIONAL,USE_GAME,/giai-phap/game-thu/,P1,UNKNOWN,UNKNOWN,UNKNOWN,AEO_MAP,2026-08-15,AEO_QUESTION
khi nào nên chọn mạng fpt cho game thủ?,khi nào nên chọn mạng fpt cho game thủ?,INFORMATIONAL,USE_GAME,/giai-phap/game-thu/,P1,UNKNOWN,UNKNOWN,UNKNOWN,AEO_MAP,2026-08-15,AEO_QUESTION
mạng fpt cho livestream phù hợp với ai?,mạng fpt cho livestream phù hợp với ai?,INFORMATIONAL,USE_STREAM,/giai-phap/livestream/,P1,UNKNOWN,UNKNOWN,UNKNOWN,AEO_MAP,2026-08-15,AEO_QUESTION
mạng fpt cho livestream có tốt không?,mạng fpt cho livestream có tốt không?,INFORMATIONAL,USE_STREAM,/giai-phap/livestream/,P1,UNKNOWN,UNKNOWN,UNKNOWN,AEO_MAP,2026-08-15,AEO_QUESTION
mạng fpt cho livestream khác gì lựa chọn khác?,mạng fpt cho livestream khác gì lựa chọn khác?,INFORMATIONAL,USE_STREAM,/giai-phap/livestream/,P1,UNKNOWN,UNKNOWN,UNKNOWN,AEO_MAP,2026-08-15,AEO_QUESTION
khi nào nên chọn mạng fpt cho livestream?,khi nào nên chọn mạng fpt cho livestream?,INFORMATIONAL,USE_STREAM,/giai-phap/livestream/,P1,UNKNOWN,UNKNOWN,UNKNOWN,AEO_MAP,2026-08-15,AEO_QUESTION
mạng fpt cho camera phù hợp với ai?,mạng fpt cho camera phù hợp với ai?,INFORMATIONAL,USE_CAMERA,/giai-phap/camera/,P1,UNKNOWN,UNKNOWN,UNKNOWN,AEO_MAP,2026-08-15,AEO_QUESTION
mạng fpt cho camera có tốt không?,mạng fpt cho camera có tốt không?,INFORMATIONAL,USE_CAMERA,/giai-phap/camera/,P1,UNKNOWN,UNKNOWN,UNKNOWN,AEO_MAP,2026-08-15,AEO_QUESTION
mạng fpt cho camera khác gì lựa chọn khác?,mạng fpt cho camera khác gì lựa chọn khác?,INFORMATIONAL,USE_CAMERA,/giai-phap/camera/,P1,UNKNOWN,UNKNOWN,UNKNOWN,AEO_MAP,2026-08-15,AEO_QUESTION
khi nào nên chọn mạng fpt cho camera?,khi nào nên chọn mạng fpt cho camera?,INFORMATIONAL,USE_CAMERA,/giai-phap/camera/,P1,UNKNOWN,UNKNOWN,UNKNOWN,AEO_MAP,2026-08-15,AEO_QUESTION
internet fpt cho smart home phù hợp với ai?,internet fpt cho smart home phù hợp với ai?,INFORMATIONAL,USE_SMARTHOME,/giai-phap/smart-home/,P1,UNKNOWN,UNKNOWN,UNKNOWN,AEO_MAP,2026-08-15,AEO_QUESTION
internet fpt cho smart home có tốt không?,internet fpt cho smart home có tốt không?,INFORMATIONAL,USE_SMARTHOME,/giai-phap/smart-home/,P1,UNKNOWN,UNKNOWN,UNKNOWN,AEO_MAP,2026-08-15,AEO_QUESTION
internet fpt cho smart home khác gì lựa chọn khác?,internet fpt cho smart home khác gì lựa chọn khác?,INFORMATIONAL,USE_SMARTHOME,/giai-phap/smart-home/,P1,UNKNOWN,UNKNOWN,UNKNOWN,AEO_MAP,2026-08-15,AEO_QUESTION
khi nào nên chọn internet fpt cho smart home?,khi nào nên chọn internet fpt cho smart home?,INFORMATIONAL,USE_SMARTHOME,/giai-phap/smart-home/,P1,UNKNOWN,UNKNOWN,UNKNOWN,AEO_MAP,2026-08-15,AEO_QUESTION
mạng fpt cho văn phòng phù hợp với ai?,mạng fpt cho văn phòng phù hợp với ai?,INFORMATIONAL,USE_OFFICE,/giai-phap/van-phong/,P1,UNKNOWN,UNKNOWN,UNKNOWN,AEO_MAP,2026-08-15,AEO_QUESTION
mạng fpt cho văn phòng có tốt không?,mạng fpt cho văn phòng có tốt không?,INFORMATIONAL,USE_OFFICE,/giai-phap/van-phong/,P1,UNKNOWN,UNKNOWN,UNKNOWN,AEO_MAP,2026-08-15,AEO_QUESTION
mạng fpt cho văn phòng khác gì lựa chọn khác?,mạng fpt cho văn phòng khác gì lựa chọn khác?,INFORMATIONAL,USE_OFFICE,/giai-phap/van-phong/,P1,UNKNOWN,UNKNOWN,UNKNOWN,AEO_MAP,2026-08-15,AEO_QUESTION
khi nào nên chọn mạng fpt cho văn phòng?,khi nào nên chọn mạng fpt cho văn phòng?,INFORMATIONAL,USE_OFFICE,/giai-phap/van-phong/,P1,UNKNOWN,UNKNOWN,UNKNOWN,AEO_MAP,2026-08-15,AEO_QUESTION
mạng fpt cho doanh nghiệp nhỏ phù hợp với ai?,mạng fpt cho doanh nghiệp nhỏ phù hợp với ai?,INFORMATIONAL,USE_SME,/giai-phap/doanh-nghiep-nho/,P1,UNKNOWN,UNKNOWN,UNKNOWN,AEO_MAP,2026-08-15,AEO_QUESTION
mạng fpt cho doanh nghiệp nhỏ có tốt không?,mạng fpt cho doanh nghiệp nhỏ có tốt không?,INFORMATIONAL,USE_SME,/giai-phap/doanh-nghiep-nho/,P1,UNKNOWN,UNKNOWN,UNKNOWN,AEO_MAP,2026-08-15,AEO_QUESTION
mạng fpt cho doanh nghiệp nhỏ khác gì lựa chọn khác?,mạng fpt cho doanh nghiệp nhỏ khác gì lựa chọn khác?,INFORMATIONAL,USE_SME,/giai-phap/doanh-nghiep-nho/,P1,UNKNOWN,UNKNOWN,UNKNOWN,AEO_MAP,2026-08-15,AEO_QUESTION
khi nào nên chọn mạng fpt cho doanh nghiệp nhỏ?,khi nào nên chọn mạng fpt cho doanh nghiệp nhỏ?,INFORMATIONAL,USE_SME,/giai-phap/doanh-nghiep-nho/,P1,UNKNOWN,UNKNOWN,UNKNOWN,AEO_MAP,2026-08-15,AEO_QUESTION
mạng fpt cho quán cafe phù hợp với ai?,mạng fpt cho quán cafe phù hợp với ai?,INFORMATIONAL,USE_CAFE,/giai-phap/quan-cafe/,P1,UNKNOWN,UNKNOWN,UNKNOWN,AEO_MAP,2026-08-15,AEO_QUESTION
mạng fpt cho quán cafe có tốt không?,mạng fpt cho quán cafe có tốt không?,INFORMATIONAL,USE_CAFE,/giai-phap/quan-cafe/,P1,UNKNOWN,UNKNOWN,UNKNOWN,AEO_MAP,2026-08-15,AEO_QUESTION
mạng fpt cho quán cafe khác gì lựa chọn khác?,mạng fpt cho quán cafe khác gì lựa chọn khác?,INFORMATIONAL,USE_CAFE,/giai-phap/quan-cafe/,P1,UNKNOWN,UNKNOWN,UNKNOWN,AEO_MAP,2026-08-15,AEO_QUESTION
khi nào nên chọn mạng fpt cho quán cafe?,khi nào nên chọn mạng fpt cho quán cafe?,INFORMATIONAL,USE_CAFE,/giai-phap/quan-cafe/,P1,UNKNOWN,UNKNOWN,UNKNOWN,AEO_MAP,2026-08-15,AEO_QUESTION
mạng fpt cho homestay phù hợp với ai?,mạng fpt cho homestay phù hợp với ai?,INFORMATIONAL,USE_HOMESTAY,/giai-phap/homestay/,P1,UNKNOWN,UNKNOWN,UNKNOWN,AEO_MAP,2026-08-15,AEO_QUESTION
mạng fpt cho homestay có tốt không?,mạng fpt cho homestay có tốt không?,INFORMATIONAL,USE_HOMESTAY,/giai-phap/homestay/,P1,UNKNOWN,UNKNOWN,UNKNOWN,AEO_MAP,2026-08-15,AEO_QUESTION
mạng fpt cho homestay khác gì lựa chọn khác?,mạng fpt cho homestay khác gì lựa chọn khác?,INFORMATIONAL,USE_HOMESTAY,/giai-phap/homestay/,P1,UNKNOWN,UNKNOWN,UNKNOWN,AEO_MAP,2026-08-15,AEO_QUESTION
khi nào nên chọn mạng fpt cho homestay?,khi nào nên chọn mạng fpt cho homestay?,INFORMATIONAL,USE_HOMESTAY,/giai-phap/homestay/,P1,UNKNOWN,UNKNOWN,UNKNOWN,AEO_MAP,2026-08-15,AEO_QUESTION
mạng fpt cho cửa hàng phù hợp với ai?,mạng fpt cho cửa hàng phù hợp với ai?,INFORMATIONAL,USE_RETAIL,/giai-phap/cua-hang/,P1,UNKNOWN,UNKNOWN,UNKNOWN,AEO_MAP,2026-08-15,AEO_QUESTION
mạng fpt cho cửa hàng có tốt không?,mạng fpt cho cửa hàng có tốt không?,INFORMATIONAL,USE_RETAIL,/giai-phap/cua-hang/,P1,UNKNOWN,UNKNOWN,UNKNOWN,AEO_MAP,2026-08-15,AEO_QUESTION
mạng fpt cho cửa hàng khác gì lựa chọn khác?,mạng fpt cho cửa hàng khác gì lựa chọn khác?,INFORMATIONAL,USE_RETAIL,/giai-phap/cua-hang/,P1,UNKNOWN,UNKNOWN,UNKNOWN,AEO_MAP,2026-08-15,AEO_QUESTION
khi nào nên chọn mạng fpt cho cửa hàng?,khi nào nên chọn mạng fpt cho cửa hàng?,INFORMATIONAL,USE_RETAIL,/giai-phap/cua-hang/,P1,UNKNOWN,UNKNOWN,UNKNOWN,AEO_MAP,2026-08-15,AEO_QUESTION
fpt vs viettel khác nhau ở điểm nào?,fpt vs viettel khác nhau ở điểm nào?,INFORMATIONAL,COMPARE,/so-sanh/fpt-vs-viettel/,P1,UNKNOWN,UNKNOWN,UNKNOWN,AEO_MAP,2026-08-15,AEO_QUESTION
nên chọn fpt vs viettel trong trường hợp nào?,nên chọn fpt vs viettel trong trường hợp nào?,INFORMATIONAL,COMPARE,/so-sanh/fpt-vs-viettel/,P1,UNKNOWN,UNKNOWN,UNKNOWN,AEO_MAP,2026-08-15,AEO_QUESTION
fpt vs viettel cái nào phù hợp gia đình hơn?,fpt vs viettel cái nào phù hợp gia đình hơn?,INFORMATIONAL,COMPARE,/so-sanh/fpt-vs-viettel/,P1,UNKNOWN,UNKNOWN,UNKNOWN,AEO_MAP,2026-08-15,AEO_QUESTION
fpt vs vnpt khác nhau ở điểm nào?,fpt vs vnpt khác nhau ở điểm nào?,INFORMATIONAL,COMPARE,/so-sanh/fpt-vs-vnpt/,P1,UNKNOWN,UNKNOWN,UNKNOWN,AEO_MAP,2026-08-15,AEO_QUESTION
nên chọn fpt vs vnpt trong trường hợp nào?,nên chọn fpt vs vnpt trong trường hợp nào?,INFORMATIONAL,COMPARE,/so-sanh/fpt-vs-vnpt/,P1,UNKNOWN,UNKNOWN,UNKNOWN,AEO_MAP,2026-08-15,AEO_QUESTION
fpt vs vnpt cái nào phù hợp gia đình hơn?,fpt vs vnpt cái nào phù hợp gia đình hơn?,INFORMATIONAL,COMPARE,/so-sanh/fpt-vs-vnpt/,P1,UNKNOWN,UNKNOWN,UNKNOWN,AEO_MAP,2026-08-15,AEO_QUESTION
wifi 6 vs wifi 7 khác nhau ở điểm nào?,wifi 6 vs wifi 7 khác nhau ở điểm nào?,INFORMATIONAL,COMPARE,/so-sanh/wifi-6-vs-wifi-7/,P1,UNKNOWN,UNKNOWN,UNKNOWN,AEO_MAP,2026-08-15,AEO_QUESTION
nên chọn wifi 6 vs wifi 7 trong trường hợp nào?,nên chọn wifi 6 vs wifi 7 trong trường hợp nào?,INFORMATIONAL,COMPARE,/so-sanh/wifi-6-vs-wifi-7/,P1,UNKNOWN,UNKNOWN,UNKNOWN,AEO_MAP,2026-08-15,AEO_QUESTION
wifi 6 vs wifi 7 cái nào phù hợp gia đình hơn?,wifi 6 vs wifi 7 cái nào phù hợp gia đình hơn?,INFORMATIONAL,COMPARE,/so-sanh/wifi-6-vs-wifi-7/,P1,UNKNOWN,UNKNOWN,UNKNOWN,AEO_MAP,2026-08-15,AEO_QUESTION
giga vs sky fpt khác nhau ở điểm nào?,giga vs sky fpt khác nhau ở điểm nào?,INFORMATIONAL,COMPARE,/so-sanh/giga-vs-sky/,P1,UNKNOWN,UNKNOWN,UNKNOWN,AEO_MAP,2026-08-15,AEO_QUESTION
nên chọn giga vs sky fpt trong trường hợp nào?,nên chọn giga vs sky fpt trong trường hợp nào?,INFORMATIONAL,COMPARE,/so-sanh/giga-vs-sky/,P1,UNKNOWN,UNKNOWN,UNKNOWN,AEO_MAP,2026-08-15,AEO_QUESTION
giga vs sky fpt cái nào phù hợp gia đình hơn?,giga vs sky fpt cái nào phù hợp gia đình hơn?,INFORMATIONAL,COMPARE,/so-sanh/giga-vs-sky/,P1,UNKNOWN,UNKNOWN,UNKNOWN,AEO_MAP,2026-08-15,AEO_QUESTION
sky vs meta fpt khác nhau ở điểm nào?,sky vs meta fpt khác nhau ở điểm nào?,INFORMATIONAL,COMPARE,/so-sanh/sky-vs-meta/,P1,UNKNOWN,UNKNOWN,UNKNOWN,AEO_MAP,2026-08-15,AEO_QUESTION
nên chọn sky vs meta fpt trong trường hợp nào?,nên chọn sky vs meta fpt trong trường hợp nào?,INFORMATIONAL,COMPARE,/so-sanh/sky-vs-meta/,P1,UNKNOWN,UNKNOWN,UNKNOWN,AEO_MAP,2026-08-15,AEO_QUESTION
sky vs meta fpt cái nào phù hợp gia đình hơn?,sky vs meta fpt cái nào phù hợp gia đình hơn?,INFORMATIONAL,COMPARE,/so-sanh/sky-vs-meta/,P1,UNKNOWN,UNKNOWN,UNKNOWN,AEO_MAP,2026-08-15,AEO_QUESTION
f-game vs meta fpt khác nhau ở điểm nào?,f-game vs meta fpt khác nhau ở điểm nào?,INFORMATIONAL,COMPARE,/so-sanh/f-game-vs-meta/,P1,UNKNOWN,UNKNOWN,UNKNOWN,AEO_MAP,2026-08-15,AEO_QUESTION
nên chọn f-game vs meta fpt trong trường hợp nào?,nên chọn f-game vs meta fpt trong trường hợp nào?,INFORMATIONAL,COMPARE,/so-sanh/f-game-vs-meta/,P1,UNKNOWN,UNKNOWN,UNKNOWN,AEO_MAP,2026-08-15,AEO_QUESTION
f-game vs meta fpt cái nào phù hợp gia đình hơn?,f-game vs meta fpt cái nào phù hợp gia đình hơn?,INFORMATIONAL,COMPARE,/so-sanh/f-game-vs-meta/,P1,UNKNOWN,UNKNOWN,UNKNOWN,AEO_MAP,2026-08-15,AEO_QUESTION
lắp mạng fpt mất bao lâu? là gì?,lắp mạng fpt mất bao lâu? là gì?,INFORMATIONAL,SUPPORT,/ho-tro/lap-mang-fpt-mat-bao-lau/,P2,UNKNOWN,UNKNOWN,UNKNOWN,AEO_MAP,2026-08-15,AEO_QUESTION
lắp mạng fpt mất bao lâu? hoạt động thế nào?,lắp mạng fpt mất bao lâu? hoạt động thế nào?,INFORMATIONAL,SUPPORT,/ho-tro/lap-mang-fpt-mat-bao-lau/,P2,UNKNOWN,UNKNOWN,UNKNOWN,AEO_MAP,2026-08-15,AEO_QUESTION
lắp mạng fpt mất bao lâu? có ưu nhược điểm gì?,lắp mạng fpt mất bao lâu? có ưu nhược điểm gì?,INFORMATIONAL,SUPPORT,/ho-tro/lap-mang-fpt-mat-bao-lau/,P2,UNKNOWN,UNKNOWN,UNKNOWN,AEO_MAP,2026-08-15,AEO_QUESTION
khi nào cần lắp mạng fpt mất bao lâu??,khi nào cần lắp mạng fpt mất bao lâu??,INFORMATIONAL,SUPPORT,/ho-tro/lap-mang-fpt-mat-bao-lau/,P2,UNKNOWN,UNKNOWN,UNKNOWN,AEO_MAP,2026-08-15,AEO_QUESTION
phí lắp đặt fpt là gì?,phí lắp đặt fpt là gì?,INFORMATIONAL,SUPPORT,/ho-tro/phi-lap-dat-fpt/,P2,UNKNOWN,UNKNOWN,UNKNOWN,AEO_MAP,2026-08-15,AEO_QUESTION
phí lắp đặt fpt hoạt động thế nào?,phí lắp đặt fpt hoạt động thế nào?,INFORMATIONAL,SUPPORT,/ho-tro/phi-lap-dat-fpt/,P2,UNKNOWN,UNKNOWN,UNKNOWN,AEO_MAP,2026-08-15,AEO_QUESTION
phí lắp đặt fpt có ưu nhược điểm gì?,phí lắp đặt fpt có ưu nhược điểm gì?,INFORMATIONAL,SUPPORT,/ho-tro/phi-lap-dat-fpt/,P2,UNKNOWN,UNKNOWN,UNKNOWN,AEO_MAP,2026-08-15,AEO_QUESTION
khi nào cần phí lắp đặt fpt?,khi nào cần phí lắp đặt fpt?,INFORMATIONAL,SUPPORT,/ho-tro/phi-lap-dat-fpt/,P2,UNKNOWN,UNKNOWN,UNKNOWN,AEO_MAP,2026-08-15,AEO_QUESTION
đổi mật khẩu wifi fpt là gì?,đổi mật khẩu wifi fpt là gì?,INFORMATIONAL,SUPPORT,/ho-tro/doi-mat-khau-wifi-fpt/,P2,UNKNOWN,UNKNOWN,UNKNOWN,AEO_MAP,2026-08-15,AEO_QUESTION
đổi mật khẩu wifi fpt hoạt động thế nào?,đổi mật khẩu wifi fpt hoạt động thế nào?,INFORMATIONAL,SUPPORT,/ho-tro/doi-mat-khau-wifi-fpt/,P2,UNKNOWN,UNKNOWN,UNKNOWN,AEO_MAP,2026-08-15,AEO_QUESTION
đổi mật khẩu wifi fpt có ưu nhược điểm gì?,đổi mật khẩu wifi fpt có ưu nhược điểm gì?,INFORMATIONAL,SUPPORT,/ho-tro/doi-mat-khau-wifi-fpt/,P2,UNKNOWN,UNKNOWN,UNKNOWN,AEO_MAP,2026-08-15,AEO_QUESTION
khi nào cần đổi mật khẩu wifi fpt?,khi nào cần đổi mật khẩu wifi fpt?,INFORMATIONAL,SUPPORT,/ho-tro/doi-mat-khau-wifi-fpt/,P2,UNKNOWN,UNKNOWN,UNKNOWN,AEO_MAP,2026-08-15,AEO_QUESTION
wifi fpt yếu là gì?,wifi fpt yếu là gì?,INFORMATIONAL,SUPPORT,/ho-tro/wifi-fpt-yeu/,P2,UNKNOWN,UNKNOWN,UNKNOWN,AEO_MAP,2026-08-15,AEO_QUESTION
wifi fpt yếu hoạt động thế nào?,wifi fpt yếu hoạt động thế nào?,INFORMATIONAL,SUPPORT,/ho-tro/wifi-fpt-yeu/,P2,UNKNOWN,UNKNOWN,UNKNOWN,AEO_MAP,2026-08-15,AEO_QUESTION
wifi fpt yếu có ưu nhược điểm gì?,wifi fpt yếu có ưu nhược điểm gì?,INFORMATIONAL,SUPPORT,/ho-tro/wifi-fpt-yeu/,P2,UNKNOWN,UNKNOWN,UNKNOWN,AEO_MAP,2026-08-15,AEO_QUESTION
khi nào cần wifi fpt yếu?,khi nào cần wifi fpt yếu?,INFORMATIONAL,SUPPORT,/ho-tro/wifi-fpt-yeu/,P2,UNKNOWN,UNKNOWN,UNKNOWN,AEO_MAP,2026-08-15,AEO_QUESTION
mạng fpt chậm là gì?,mạng fpt chậm là gì?,INFORMATIONAL,SUPPORT,/ho-tro/mang-fpt-cham/,P2,UNKNOWN,UNKNOWN,UNKNOWN,AEO_MAP,2026-08-15,AEO_QUESTION
mạng fpt chậm hoạt động thế nào?,mạng fpt chậm hoạt động thế nào?,INFORMATIONAL,SUPPORT,/ho-tro/mang-fpt-cham/,P2,UNKNOWN,UNKNOWN,UNKNOWN,AEO_MAP,2026-08-15,AEO_QUESTION
mạng fpt chậm có ưu nhược điểm gì?,mạng fpt chậm có ưu nhược điểm gì?,INFORMATIONAL,SUPPORT,/ho-tro/mang-fpt-cham/,P2,UNKNOWN,UNKNOWN,UNKNOWN,AEO_MAP,2026-08-15,AEO_QUESTION
khi nào cần mạng fpt chậm?,khi nào cần mạng fpt chậm?,INFORMATIONAL,SUPPORT,/ho-tro/mang-fpt-cham/,P2,UNKNOWN,UNKNOWN,UNKNOWN,AEO_MAP,2026-08-15,AEO_QUESTION
mất mạng fpt là gì?,mất mạng fpt là gì?,INFORMATIONAL,SUPPORT,/ho-tro/mat-mang-fpt/,P2,UNKNOWN,UNKNOWN,UNKNOWN,AEO_MAP,2026-08-15,AEO_QUESTION
mất mạng fpt hoạt động thế nào?,mất mạng fpt hoạt động thế nào?,INFORMATIONAL,SUPPORT,/ho-tro/mat-mang-fpt/,P2,UNKNOWN,UNKNOWN,UNKNOWN,AEO_MAP,2026-08-15,AEO_QUESTION
mất mạng fpt có ưu nhược điểm gì?,mất mạng fpt có ưu nhược điểm gì?,INFORMATIONAL,SUPPORT,/ho-tro/mat-mang-fpt/,P2,UNKNOWN,UNKNOWN,UNKNOWN,AEO_MAP,2026-08-15,AEO_QUESTION
khi nào cần mất mạng fpt?,khi nào cần mất mạng fpt?,INFORMATIONAL,SUPPORT,/ho-tro/mat-mang-fpt/,P2,UNKNOWN,UNKNOWN,UNKNOWN,AEO_MAP,2026-08-15,AEO_QUESTION
chuyển địa điểm fpt là gì?,chuyển địa điểm fpt là gì?,INFORMATIONAL,SUPPORT,/ho-tro/chuyen-dia-diem-fpt/,P2,UNKNOWN,UNKNOWN,UNKNOWN,AEO_MAP,2026-08-15,AEO_QUESTION
chuyển địa điểm fpt hoạt động thế nào?,chuyển địa điểm fpt hoạt động thế nào?,INFORMATIONAL,SUPPORT,/ho-tro/chuyen-dia-diem-fpt/,P2,UNKNOWN,UNKNOWN,UNKNOWN,AEO_MAP,2026-08-15,AEO_QUESTION
chuyển địa điểm fpt có ưu nhược điểm gì?,chuyển địa điểm fpt có ưu nhược điểm gì?,INFORMATIONAL,SUPPORT,/ho-tro/chuyen-dia-diem-fpt/,P2,UNKNOWN,UNKNOWN,UNKNOWN,AEO_MAP,2026-08-15,AEO_QUESTION
khi nào cần chuyển địa điểm fpt?,khi nào cần chuyển địa điểm fpt?,INFORMATIONAL,SUPPORT,/ho-tro/chuyen-dia-diem-fpt/,P2,UNKNOWN,UNKNOWN,UNKNOWN,AEO_MAP,2026-08-15,AEO_QUESTION
nâng cấp gói fpt là gì?,nâng cấp gói fpt là gì?,INFORMATIONAL,SUPPORT,/ho-tro/nang-cap-goi-fpt/,P2,UNKNOWN,UNKNOWN,UNKNOWN,AEO_MAP,2026-08-15,AEO_QUESTION
nâng cấp gói fpt hoạt động thế nào?,nâng cấp gói fpt hoạt động thế nào?,INFORMATIONAL,SUPPORT,/ho-tro/nang-cap-goi-fpt/,P2,UNKNOWN,UNKNOWN,UNKNOWN,AEO_MAP,2026-08-15,AEO_QUESTION
nâng cấp gói fpt có ưu nhược điểm gì?,nâng cấp gói fpt có ưu nhược điểm gì?,INFORMATIONAL,SUPPORT,/ho-tro/nang-cap-goi-fpt/,P2,UNKNOWN,UNKNOWN,UNKNOWN,AEO_MAP,2026-08-15,AEO_QUESTION
khi nào cần nâng cấp gói fpt?,khi nào cần nâng cấp gói fpt?,INFORMATIONAL,SUPPORT,/ho-tro/nang-cap-goi-fpt/,P2,UNKNOWN,UNKNOWN,UNKNOWN,AEO_MAP,2026-08-15,AEO_QUESTION
hủy dịch vụ fpt là gì?,hủy dịch vụ fpt là gì?,INFORMATIONAL,SUPPORT,/ho-tro/huy-goi-fpt/,P2,UNKNOWN,UNKNOWN,UNKNOWN,AEO_MAP,2026-08-15,AEO_QUESTION
hủy dịch vụ fpt hoạt động thế nào?,hủy dịch vụ fpt hoạt động thế nào?,INFORMATIONAL,SUPPORT,/ho-tro/huy-goi-fpt/,P2,UNKNOWN,UNKNOWN,UNKNOWN,AEO_MAP,2026-08-15,AEO_QUESTION
hủy dịch vụ fpt có ưu nhược điểm gì?,hủy dịch vụ fpt có ưu nhược điểm gì?,INFORMATIONAL,SUPPORT,/ho-tro/huy-goi-fpt/,P2,UNKNOWN,UNKNOWN,UNKNOWN,AEO_MAP,2026-08-15,AEO_QUESTION
khi nào cần hủy dịch vụ fpt?,khi nào cần hủy dịch vụ fpt?,INFORMATIONAL,SUPPORT,/ho-tro/huy-goi-fpt/,P2,UNKNOWN,UNKNOWN,UNKNOWN,AEO_MAP,2026-08-15,AEO_QUESTION
kiểm tra tốc độ mạng fpt là gì?,kiểm tra tốc độ mạng fpt là gì?,INFORMATIONAL,SUPPORT,/ho-tro/kiem-tra-toc-do-mang-fpt/,P2,UNKNOWN,UNKNOWN,UNKNOWN,AEO_MAP,2026-08-15,AEO_QUESTION
kiểm tra tốc độ mạng fpt hoạt động thế nào?,kiểm tra tốc độ mạng fpt hoạt động thế nào?,INFORMATIONAL,SUPPORT,/ho-tro/kiem-tra-toc-do-mang-fpt/,P2,UNKNOWN,UNKNOWN,UNKNOWN,AEO_MAP,2026-08-15,AEO_QUESTION
kiểm tra tốc độ mạng fpt có ưu nhược điểm gì?,kiểm tra tốc độ mạng fpt có ưu nhược điểm gì?,INFORMATIONAL,SUPPORT,/ho-tro/kiem-tra-toc-do-mang-fpt/,P2,UNKNOWN,UNKNOWN,UNKNOWN,AEO_MAP,2026-08-15,AEO_QUESTION
khi nào cần kiểm tra tốc độ mạng fpt?,khi nào cần kiểm tra tốc độ mạng fpt?,INFORMATIONAL,SUPPORT,/ho-tro/kiem-tra-toc-do-mang-fpt/,P2,UNKNOWN,UNKNOWN,UNKNOWN,AEO_MAP,2026-08-15,AEO_QUESTION
modem wifi 6 fpt là gì?,modem wifi 6 fpt là gì?,INFORMATIONAL,SUPPORT,/kien-thuc/modem-wifi-6-fpt/,P2,UNKNOWN,UNKNOWN,UNKNOWN,AEO_MAP,2026-08-15,AEO_QUESTION
modem wifi 6 fpt hoạt động thế nào?,modem wifi 6 fpt hoạt động thế nào?,INFORMATIONAL,SUPPORT,/kien-thuc/modem-wifi-6-fpt/,P2,UNKNOWN,UNKNOWN,UNKNOWN,AEO_MAP,2026-08-15,AEO_QUESTION
modem wifi 6 fpt có ưu nhược điểm gì?,modem wifi 6 fpt có ưu nhược điểm gì?,INFORMATIONAL,SUPPORT,/kien-thuc/modem-wifi-6-fpt/,P2,UNKNOWN,UNKNOWN,UNKNOWN,AEO_MAP,2026-08-15,AEO_QUESTION
khi nào cần modem wifi 6 fpt?,khi nào cần modem wifi 6 fpt?,INFORMATIONAL,SUPPORT,/kien-thuc/modem-wifi-6-fpt/,P2,UNKNOWN,UNKNOWN,UNKNOWN,AEO_MAP,2026-08-15,AEO_QUESTION
mesh wifi là gì? là gì?,mesh wifi là gì? là gì?,INFORMATIONAL,SUPPORT,/kien-thuc/mesh-wifi-la-gi/,P2,UNKNOWN,UNKNOWN,UNKNOWN,AEO_MAP,2026-08-15,AEO_QUESTION
mesh wifi là gì? hoạt động thế nào?,mesh wifi là gì? hoạt động thế nào?,INFORMATIONAL,SUPPORT,/kien-thuc/mesh-wifi-la-gi/,P2,UNKNOWN,UNKNOWN,UNKNOWN,AEO_MAP,2026-08-15,AEO_QUESTION
mesh wifi là gì? có ưu nhược điểm gì?,mesh wifi là gì? có ưu nhược điểm gì?,INFORMATIONAL,SUPPORT,/kien-thuc/mesh-wifi-la-gi/,P2,UNKNOWN,UNKNOWN,UNKNOWN,AEO_MAP,2026-08-15,AEO_QUESTION
khi nào cần mesh wifi là gì??,khi nào cần mesh wifi là gì??,INFORMATIONAL,SUPPORT,/kien-thuc/mesh-wifi-la-gi/,P2,UNKNOWN,UNKNOWN,UNKNOWN,AEO_MAP,2026-08-15,AEO_QUESTION
300 mbps đủ dùng không? là gì?,300 mbps đủ dùng không? là gì?,INFORMATIONAL,SUPPORT,/kien-thuc/300mbps-du-khong/,P2,UNKNOWN,UNKNOWN,UNKNOWN,AEO_MAP,2026-08-15,AEO_QUESTION
300 mbps đủ dùng không? hoạt động thế nào?,300 mbps đủ dùng không? hoạt động thế nào?,INFORMATIONAL,SUPPORT,/kien-thuc/300mbps-du-khong/,P2,UNKNOWN,UNKNOWN,UNKNOWN,AEO_MAP,2026-08-15,AEO_QUESTION
300 mbps đủ dùng không? có ưu nhược điểm gì?,300 mbps đủ dùng không? có ưu nhược điểm gì?,INFORMATIONAL,SUPPORT,/kien-thuc/300mbps-du-khong/,P2,UNKNOWN,UNKNOWN,UNKNOWN,AEO_MAP,2026-08-15,AEO_QUESTION
khi nào cần 300 mbps đủ dùng không??,khi nào cần 300 mbps đủ dùng không??,INFORMATIONAL,SUPPORT,/kien-thuc/300mbps-du-khong/,P2,UNKNOWN,UNKNOWN,UNKNOWN,AEO_MAP,2026-08-15,AEO_QUESTION
1 gbps dùng được bao nhiêu thiết bị? là gì?,1 gbps dùng được bao nhiêu thiết bị? là gì?,INFORMATIONAL,SUPPORT,/kien-thuc/1gbps-bao-nhieu-thiet-bi/,P2,UNKNOWN,UNKNOWN,UNKNOWN,AEO_MAP,2026-08-15,AEO_QUESTION
1 gbps dùng được bao nhiêu thiết bị? hoạt động thế nào?,1 gbps dùng được bao nhiêu thiết bị? hoạt động thế nào?,INFORMATIONAL,SUPPORT,/kien-thuc/1gbps-bao-nhieu-thiet-bi/,P2,UNKNOWN,UNKNOWN,UNKNOWN,AEO_MAP,2026-08-15,AEO_QUESTION
1 gbps dùng được bao nhiêu thiết bị? có ưu nhược điểm gì?,1 gbps dùng được bao nhiêu thiết bị? có ưu nhược điểm gì?,INFORMATIONAL,SUPPORT,/kien-thuc/1gbps-bao-nhieu-thiet-bi/,P2,UNKNOWN,UNKNOWN,UNKNOWN,AEO_MAP,2026-08-15,AEO_QUESTION
khi nào cần 1 gbps dùng được bao nhiêu thiết bị??,khi nào cần 1 gbps dùng được bao nhiêu thiết bị??,INFORMATIONAL,SUPPORT,/kien-thuc/1gbps-bao-nhieu-thiet-bi/,P2,UNKNOWN,UNKNOWN,UNKNOWN,AEO_MAP,2026-08-15,AEO_QUESTION
ftth là gì? là gì?,ftth là gì? là gì?,INFORMATIONAL,SUPPORT,/kien-thuc/ftth-la-gi/,P2,UNKNOWN,UNKNOWN,UNKNOWN,AEO_MAP,2026-08-15,AEO_QUESTION
ftth là gì? hoạt động thế nào?,ftth là gì? hoạt động thế nào?,INFORMATIONAL,SUPPORT,/kien-thuc/ftth-la-gi/,P2,UNKNOWN,UNKNOWN,UNKNOWN,AEO_MAP,2026-08-15,AEO_QUESTION
ftth là gì? có ưu nhược điểm gì?,ftth là gì? có ưu nhược điểm gì?,INFORMATIONAL,SUPPORT,/kien-thuc/ftth-la-gi/,P2,UNKNOWN,UNKNOWN,UNKNOWN,AEO_MAP,2026-08-15,AEO_QUESTION
khi nào cần ftth là gì??,khi nào cần ftth là gì??,INFORMATIONAL,SUPPORT,/kien-thuc/ftth-la-gi/,P2,UNKNOWN,UNKNOWN,UNKNOWN,AEO_MAP,2026-08-15,AEO_QUESTION
xgs-pon là gì? là gì?,xgs-pon là gì? là gì?,INFORMATIONAL,SUPPORT,/kien-thuc/xgs-pon-la-gi/,P2,UNKNOWN,UNKNOWN,UNKNOWN,AEO_MAP,2026-08-15,AEO_QUESTION
xgs-pon là gì? hoạt động thế nào?,xgs-pon là gì? hoạt động thế nào?,INFORMATIONAL,SUPPORT,/kien-thuc/xgs-pon-la-gi/,P2,UNKNOWN,UNKNOWN,UNKNOWN,AEO_MAP,2026-08-15,AEO_QUESTION
xgs-pon là gì? có ưu nhược điểm gì?,xgs-pon là gì? có ưu nhược điểm gì?,INFORMATIONAL,SUPPORT,/kien-thuc/xgs-pon-la-gi/,P2,UNKNOWN,UNKNOWN,UNKNOWN,AEO_MAP,2026-08-15,AEO_QUESTION
khi nào cần xgs-pon là gì??,khi nào cần xgs-pon là gì??,INFORMATIONAL,SUPPORT,/kien-thuc/xgs-pon-la-gi/,P2,UNKNOWN,UNKNOWN,UNKNOWN,AEO_MAP,2026-08-15,AEO_QUESTION
giải pháp internet fpt phù hợp với ai?,giải pháp internet fpt phù hợp với ai?,INFORMATIONAL,USE_CASE,/giai-phap/,P1,UNKNOWN,UNKNOWN,UNKNOWN,AEO_MAP,2026-08-15,AEO_QUESTION
giải pháp internet fpt có tốt không?,giải pháp internet fpt có tốt không?,INFORMATIONAL,USE_CASE,/giai-phap/,P1,UNKNOWN,UNKNOWN,UNKNOWN,AEO_MAP,2026-08-15,AEO_QUESTION
giải pháp internet fpt khác gì lựa chọn khác?,giải pháp internet fpt khác gì lựa chọn khác?,INFORMATIONAL,USE_CASE,/giai-phap/,P1,UNKNOWN,UNKNOWN,UNKNOWN,AEO_MAP,2026-08-15,AEO_QUESTION
khi nào nên chọn giải pháp internet fpt?,khi nào nên chọn giải pháp internet fpt?,INFORMATIONAL,USE_CASE,/giai-phap/,P1,UNKNOWN,UNKNOWN,UNKNOWN,AEO_MAP,2026-08-15,AEO_QUESTION
so sánh internet fpt khác nhau ở điểm nào?,so sánh internet fpt khác nhau ở điểm nào?,INFORMATIONAL,COMPARE,/so-sanh/,P1,UNKNOWN,UNKNOWN,UNKNOWN,AEO_MAP,2026-08-15,AEO_QUESTION
nên chọn so sánh internet fpt trong trường hợp nào?,nên chọn so sánh internet fpt trong trường hợp nào?,INFORMATIONAL,COMPARE,/so-sanh/,P1,UNKNOWN,UNKNOWN,UNKNOWN,AEO_MAP,2026-08-15,AEO_QUESTION
so sánh internet fpt cái nào phù hợp gia đình hơn?,so sánh internet fpt cái nào phù hợp gia đình hơn?,INFORMATIONAL,COMPARE,/so-sanh/,P1,UNKNOWN,UNKNOWN,UNKNOWN,AEO_MAP,2026-08-15,AEO_QUESTION
cách xử lý hỗ trợ internet fpt?,cách xử lý hỗ trợ internet fpt?,SUPPORT,SUPPORT,/ho-tro/,P1,UNKNOWN,UNKNOWN,UNKNOWN,AEO_MAP,2026-08-15,AEO_QUESTION
vì sao hỗ trợ internet fpt?,vì sao hỗ trợ internet fpt?,SUPPORT,SUPPORT,/ho-tro/,P1,UNKNOWN,UNKNOWN,UNKNOWN,AEO_MAP,2026-08-15,AEO_QUESTION
khi nào cần gọi kỹ thuật về hỗ trợ internet fpt?,khi nào cần gọi kỹ thuật về hỗ trợ internet fpt?,SUPPORT,SUPPORT,/ho-tro/,P1,UNKNOWN,UNKNOWN,UNKNOWN,AEO_MAP,2026-08-15,AEO_QUESTION
kiến thức internet fpt là gì?,kiến thức internet fpt là gì?,INFORMATIONAL,KNOWLEDGE,/kien-thuc/,P2,UNKNOWN,UNKNOWN,UNKNOWN,AEO_MAP,2026-08-15,AEO_QUESTION
kiến thức internet fpt hoạt động thế nào?,kiến thức internet fpt hoạt động thế nào?,INFORMATIONAL,KNOWLEDGE,/kien-thuc/,P2,UNKNOWN,UNKNOWN,UNKNOWN,AEO_MAP,2026-08-15,AEO_QUESTION
kiến thức internet fpt có ưu nhược điểm gì?,kiến thức internet fpt có ưu nhược điểm gì?,INFORMATIONAL,KNOWLEDGE,/kien-thuc/,P2,UNKNOWN,UNKNOWN,UNKNOWN,AEO_MAP,2026-08-15,AEO_QUESTION
khi nào cần kiến thức internet fpt?,khi nào cần kiến thức internet fpt?,INFORMATIONAL,KNOWLEDGE,/kien-thuc/,P2,UNKNOWN,UNKNOWN,UNKNOWN,AEO_MAP,2026-08-15,AEO_QUESTION
lắp mạng fpt theo khu vực là gì?,lắp mạng fpt theo khu vực là gì?,INFORMATIONAL,LOCAL,/khu-vuc/,P1,UNKNOWN,UNKNOWN,UNKNOWN,AEO_MAP,2026-08-15,AEO_QUESTION
lắp mạng fpt theo khu vực phù hợp với ai?,lắp mạng fpt theo khu vực phù hợp với ai?,INFORMATIONAL,LOCAL,/khu-vuc/,P1,UNKNOWN,UNKNOWN,UNKNOWN,AEO_MAP,2026-08-15,AEO_QUESTION
lắp mạng fpt bao nhiêu tiền?,lắp mạng fpt bao nhiêu tiền?,INFORMATIONAL,INSTALL,/lap-mang-fpt/,P0,UNKNOWN,UNKNOWN,UNKNOWN,AEO_MAP,2026-08-15,AEO_QUESTION
lắp mạng fpt mất bao lâu?,lắp mạng fpt mất bao lâu?,INFORMATIONAL,INSTALL,/lap-mang-fpt/,P0,UNKNOWN,UNKNOWN,UNKNOWN,AEO_MAP,2026-08-15,AEO_QUESTION
lắp mạng fpt cần thủ tục gì?,lắp mạng fpt cần thủ tục gì?,INFORMATIONAL,INSTALL,/lap-mang-fpt/,P0,UNKNOWN,UNKNOWN,UNKNOWN,AEO_MAP,2026-08-15,AEO_QUESTION
lắp mạng fpt có áp dụng ở khu vực của tôi không?,lắp mạng fpt có áp dụng ở khu vực của tôi không?,INFORMATIONAL,INSTALL,/lap-mang-fpt/,P0,UNKNOWN,UNKNOWN,UNKNOWN,AEO_MAP,2026-08-15,AEO_QUESTION
internet fpt phù hợp với ai?,internet fpt phù hợp với ai?,INFORMATIONAL,INTERNET,/internet-fpt/,P0,UNKNOWN,UNKNOWN,UNKNOWN,AEO_MAP,2026-08-15,AEO_QUESTION
internet fpt có tốt không?,internet fpt có tốt không?,INFORMATIONAL,INTERNET,/internet-fpt/,P0,UNKNOWN,UNKNOWN,UNKNOWN,AEO_MAP,2026-08-15,AEO_QUESTION
internet fpt khác gì lựa chọn khác?,internet fpt khác gì lựa chọn khác?,INFORMATIONAL,INTERNET,/internet-fpt/,P0,UNKNOWN,UNKNOWN,UNKNOWN,AEO_MAP,2026-08-15,AEO_QUESTION
khi nào nên chọn internet fpt?,khi nào nên chọn internet fpt?,INFORMATIONAL,INTERNET,/internet-fpt/,P0,UNKNOWN,UNKNOWN,UNKNOWN,AEO_MAP,2026-08-15,AEO_QUESTION
wifi fpt phù hợp với ai?,wifi fpt phù hợp với ai?,INFORMATIONAL,WIFI,/wifi-fpt/,P0,UNKNOWN,UNKNOWN,UNKNOWN,AEO_MAP,2026-08-15,AEO_QUESTION
wifi fpt có tốt không?,wifi fpt có tốt không?,INFORMATIONAL,WIFI,/wifi-fpt/,P0,UNKNOWN,UNKNOWN,UNKNOWN,AEO_MAP,2026-08-15,AEO_QUESTION
wifi fpt khác gì lựa chọn khác?,wifi fpt khác gì lựa chọn khác?,INFORMATIONAL,WIFI,/wifi-fpt/,P0,UNKNOWN,UNKNOWN,UNKNOWN,AEO_MAP,2026-08-15,AEO_QUESTION
khi nào nên chọn wifi fpt?,khi nào nên chọn wifi fpt?,INFORMATIONAL,WIFI,/wifi-fpt/,P0,UNKNOWN,UNKNOWN,UNKNOWN,AEO_MAP,2026-08-15,AEO_QUESTION
cáp quang fpt là gì?,cáp quang fpt là gì?,INFORMATIONAL,FTTH,/cap-quang-fpt/,P0,UNKNOWN,UNKNOWN,UNKNOWN,AEO_MAP,2026-08-15,AEO_QUESTION
cáp quang fpt hoạt động thế nào?,cáp quang fpt hoạt động thế nào?,INFORMATIONAL,FTTH,/cap-quang-fpt/,P0,UNKNOWN,UNKNOWN,UNKNOWN,AEO_MAP,2026-08-15,AEO_QUESTION
cáp quang fpt có ưu nhược điểm gì?,cáp quang fpt có ưu nhược điểm gì?,INFORMATIONAL,FTTH,/cap-quang-fpt/,P0,UNKNOWN,UNKNOWN,UNKNOWN,AEO_MAP,2026-08-15,AEO_QUESTION
khi nào cần cáp quang fpt?,khi nào cần cáp quang fpt?,INFORMATIONAL,FTTH,/cap-quang-fpt/,P0,UNKNOWN,UNKNOWN,UNKNOWN,AEO_MAP,2026-08-15,AEO_QUESTION
wifi 7 fpt phù hợp với ai?,wifi 7 fpt phù hợp với ai?,INFORMATIONAL,WIFI7,/wifi-7/,P1,UNKNOWN,UNKNOWN,UNKNOWN,AEO_MAP,2026-08-15,AEO_QUESTION
wifi 7 fpt có tốt không?,wifi 7 fpt có tốt không?,INFORMATIONAL,WIFI7,/wifi-7/,P1,UNKNOWN,UNKNOWN,UNKNOWN,AEO_MAP,2026-08-15,AEO_QUESTION
wifi 7 fpt khác gì lựa chọn khác?,wifi 7 fpt khác gì lựa chọn khác?,INFORMATIONAL,WIFI7,/wifi-7/,P1,UNKNOWN,UNKNOWN,UNKNOWN,AEO_MAP,2026-08-15,AEO_QUESTION
khi nào nên chọn wifi 7 fpt?,khi nào nên chọn wifi 7 fpt?,INFORMATIONAL,WIFI7,/wifi-7/,P1,UNKNOWN,UNKNOWN,UNKNOWN,AEO_MAP,2026-08-15,AEO_QUESTION
camera fpt phù hợp với ai?,camera fpt phù hợp với ai?,INFORMATIONAL,CAMERA,/camera-fpt/,P1,UNKNOWN,UNKNOWN,UNKNOWN,AEO_MAP,2026-08-15,AEO_QUESTION
camera fpt có tốt không?,camera fpt có tốt không?,INFORMATIONAL,CAMERA,/camera-fpt/,P1,UNKNOWN,UNKNOWN,UNKNOWN,AEO_MAP,2026-08-15,AEO_QUESTION
camera fpt khác gì lựa chọn khác?,camera fpt khác gì lựa chọn khác?,INFORMATIONAL,CAMERA,/camera-fpt/,P1,UNKNOWN,UNKNOWN,UNKNOWN,AEO_MAP,2026-08-15,AEO_QUESTION
khi nào nên chọn camera fpt?,khi nào nên chọn camera fpt?,INFORMATIONAL,CAMERA,/camera-fpt/,P1,UNKNOWN,UNKNOWN,UNKNOWN,AEO_MAP,2026-08-15,AEO_QUESTION
fpt play phù hợp với ai?,fpt play phù hợp với ai?,INFORMATIONAL,PLAY,/fpt-play/,P1,UNKNOWN,UNKNOWN,UNKNOWN,AEO_MAP,2026-08-15,AEO_QUESTION
fpt play có tốt không?,fpt play có tốt không?,INFORMATIONAL,PLAY,/fpt-play/,P1,UNKNOWN,UNKNOWN,UNKNOWN,AEO_MAP,2026-08-15,AEO_QUESTION
fpt play khác gì lựa chọn khác?,fpt play khác gì lựa chọn khác?,INFORMATIONAL,PLAY,/fpt-play/,P1,UNKNOWN,UNKNOWN,UNKNOWN,AEO_MAP,2026-08-15,AEO_QUESTION
khi nào nên chọn fpt play?,khi nào nên chọn fpt play?,INFORMATIONAL,PLAY,/fpt-play/,P1,UNKNOWN,UNKNOWN,UNKNOWN,AEO_MAP,2026-08-15,AEO_QUESTION
cách xử lý hỗ trợ fpt?,cách xử lý hỗ trợ fpt?,SUPPORT,SUPPORT,/support/,P1,UNKNOWN,UNKNOWN,UNKNOWN,AEO_MAP,2026-08-15,AEO_QUESTION
vì sao hỗ trợ fpt?,vì sao hỗ trợ fpt?,SUPPORT,SUPPORT,/support/,P1,UNKNOWN,UNKNOWN,UNKNOWN,AEO_MAP,2026-08-15,AEO_QUESTION
khi nào cần gọi kỹ thuật về hỗ trợ fpt?,khi nào cần gọi kỹ thuật về hỗ trợ fpt?,SUPPORT,SUPPORT,/support/,P1,UNKNOWN,UNKNOWN,UNKNOWN,AEO_MAP,2026-08-15,AEO_QUESTION
tin tức fpt là gì?,tin tức fpt là gì?,INFORMATIONAL,NEWS,/tin-tuc/,P1,UNKNOWN,UNKNOWN,UNKNOWN,AEO_MAP,2026-08-15,AEO_QUESTION
tin tức fpt hoạt động thế nào?,tin tức fpt hoạt động thế nào?,INFORMATIONAL,NEWS,/tin-tuc/,P1,UNKNOWN,UNKNOWN,UNKNOWN,AEO_MAP,2026-08-15,AEO_QUESTION
tin tức fpt có ưu nhược điểm gì?,tin tức fpt có ưu nhược điểm gì?,INFORMATIONAL,NEWS,/tin-tuc/,P1,UNKNOWN,UNKNOWN,UNKNOWN,AEO_MAP,2026-08-15,AEO_QUESTION
khi nào cần tin tức fpt?,khi nào cần tin tức fpt?,INFORMATIONAL,NEWS,/tin-tuc/,P1,UNKNOWN,UNKNOWN,UNKNOWN,AEO_MAP,2026-08-15,AEO_QUESTION
liên hệ fpt bao nhiêu tiền?,liên hệ fpt bao nhiêu tiền?,INFORMATIONAL,CONTACT,/lien-he/,P1,UNKNOWN,UNKNOWN,UNKNOWN,AEO_MAP,2026-08-15,AEO_QUESTION
liên hệ fpt mất bao lâu?,liên hệ fpt mất bao lâu?,INFORMATIONAL,CONTACT,/lien-he/,P1,UNKNOWN,UNKNOWN,UNKNOWN,AEO_MAP,2026-08-15,AEO_QUESTION
liên hệ fpt cần thủ tục gì?,liên hệ fpt cần thủ tục gì?,INFORMATIONAL,CONTACT,/lien-he/,P1,UNKNOWN,UNKNOWN,UNKNOWN,AEO_MAP,2026-08-15,AEO_QUESTION
liên hệ fpt có áp dụng ở khu vực của tôi không?,liên hệ fpt có áp dụng ở khu vực của tôi không?,INFORMATIONAL,CONTACT,/lien-he/,P1,UNKNOWN,UNKNOWN,UNKNOWN,AEO_MAP,2026-08-15,AEO_QUESTION
giga fpt phù hợp với ai?,giga fpt phù hợp với ai?,INFORMATIONAL,PACKAGES,/goi-cuoc/giga/,P1,UNKNOWN,UNKNOWN,UNKNOWN,AEO_MAP,2026-08-15,AEO_QUESTION
giga fpt có tốt không?,giga fpt có tốt không?,INFORMATIONAL,PACKAGES,/goi-cuoc/giga/,P1,UNKNOWN,UNKNOWN,UNKNOWN,AEO_MAP,2026-08-15,AEO_QUESTION
giga fpt khác gì lựa chọn khác?,giga fpt khác gì lựa chọn khác?,INFORMATIONAL,PACKAGES,/goi-cuoc/giga/,P1,UNKNOWN,UNKNOWN,UNKNOWN,AEO_MAP,2026-08-15,AEO_QUESTION
khi nào nên chọn giga fpt?,khi nào nên chọn giga fpt?,INFORMATIONAL,PACKAGES,/goi-cuoc/giga/,P1,UNKNOWN,UNKNOWN,UNKNOWN,AEO_MAP,2026-08-15,AEO_QUESTION
sky fpt phù hợp với ai?,sky fpt phù hợp với ai?,INFORMATIONAL,PACKAGES,/goi-cuoc/sky/,P1,UNKNOWN,UNKNOWN,UNKNOWN,AEO_MAP,2026-08-15,AEO_QUESTION
sky fpt có tốt không?,sky fpt có tốt không?,INFORMATIONAL,PACKAGES,/goi-cuoc/sky/,P1,UNKNOWN,UNKNOWN,UNKNOWN,AEO_MAP,2026-08-15,AEO_QUESTION
sky fpt khác gì lựa chọn khác?,sky fpt khác gì lựa chọn khác?,INFORMATIONAL,PACKAGES,/goi-cuoc/sky/,P1,UNKNOWN,UNKNOWN,UNKNOWN,AEO_MAP,2026-08-15,AEO_QUESTION
khi nào nên chọn sky fpt?,khi nào nên chọn sky fpt?,INFORMATIONAL,PACKAGES,/goi-cuoc/sky/,P1,UNKNOWN,UNKNOWN,UNKNOWN,AEO_MAP,2026-08-15,AEO_QUESTION
meta fpt phù hợp với ai?,meta fpt phù hợp với ai?,INFORMATIONAL,PACKAGES,/goi-cuoc/meta/,P1,UNKNOWN,UNKNOWN,UNKNOWN,AEO_MAP,2026-08-15,AEO_QUESTION
meta fpt có tốt không?,meta fpt có tốt không?,INFORMATIONAL,PACKAGES,/goi-cuoc/meta/,P1,UNKNOWN,UNKNOWN,UNKNOWN,AEO_MAP,2026-08-15,AEO_QUESTION
meta fpt khác gì lựa chọn khác?,meta fpt khác gì lựa chọn khác?,INFORMATIONAL,PACKAGES,/goi-cuoc/meta/,P1,UNKNOWN,UNKNOWN,UNKNOWN,AEO_MAP,2026-08-15,AEO_QUESTION
khi nào nên chọn meta fpt?,khi nào nên chọn meta fpt?,INFORMATIONAL,PACKAGES,/goi-cuoc/meta/,P1,UNKNOWN,UNKNOWN,UNKNOWN,AEO_MAP,2026-08-15,AEO_QUESTION
