keyword,primary_intent,cluster_id,target_url,status
gói cước fpt,COMMERCIAL,PACKAGES,/goi-cuoc-fpt/,VERIFIED_INTENT
bảng giá fpt,COMMERCIAL,PACKAGES,/goi-cuoc-fpt/,VERIFIED_INTENT
gói internet fpt,COMMERCIAL,PACKAGES,/goi-cuoc-fpt/,VERIFIED_INTENT
gói cước fpt giá,COMMERCIAL,PACKAGES,/goi-cuoc-fpt/,VARIANT_MAPPED
gói cước fpt đăng ký,COMMERCIAL,PACKAGES,/goi-cuoc-fpt/,VARIANT_MAPPED
gói cước fpt tư vấn,COMMERCIAL,PACKAGES,/goi-cuoc-fpt/,VARIANT_MAPPED
gói cước fpt mới nhất,COMMERCIAL,PACKAGES,/goi-cuoc-fpt/,VARIANT_MAPPED
bảng giá fpt,COMMERCIAL,PACKAGES,/bang-gia-fpt/,VERIFIED_INTENT
giá mạng fpt,COMMERCIAL,PACKAGES,/bang-gia-fpt/,VERIFIED_INTENT
giá internet fpt,COMMERCIAL,PACKAGES,/bang-gia-fpt/,VERIFIED_INTENT
bảng giá fpt giá,COMMERCIAL,PACKAGES,/bang-gia-fpt/,VARIANT_MAPPED
bảng giá fpt đăng ký,COMMERCIAL,PACKAGES,/bang-gia-fpt/,VARIANT_MAPPED
bảng giá fpt tư vấn,COMMERCIAL,PACKAGES,/bang-gia-fpt/,VARIANT_MAPPED
bảng giá fpt mới nhất,COMMERCIAL,PACKAGES,/bang-gia-fpt/,VARIANT_MAPPED
combo fpt,COMMERCIAL,COMBO,/combo-fpt/,VERIFIED_INTENT
combo internet fpt,COMMERCIAL,COMBO,/combo-fpt/,VERIFIED_INTENT
internet truyền hình fpt,COMMERCIAL,COMBO,/combo-fpt/,VERIFIED_INTENT
combo fpt giá,COMMERCIAL,COMBO,/combo-fpt/,VARIANT_MAPPED
combo fpt đăng ký,COMMERCIAL,COMBO,/combo-fpt/,VARIANT_MAPPED
combo fpt tư vấn,COMMERCIAL,COMBO,/combo-fpt/,VARIANT_MAPPED
combo fpt mới nhất,COMMERCIAL,COMBO,/combo-fpt/,VARIANT_MAPPED
internet truyền hình fpt,COMMERCIAL,COMBO,/internet-truyen-hinh-fpt/,VERIFIED_INTENT
combo internet truyền hình fpt,COMMERCIAL,COMBO,/internet-truyen-hinh-fpt/,VERIFIED_INTENT
internet + truyền hình fpt giá,COMMERCIAL,COMBO,/internet-truyen-hinh-fpt/,VARIANT_MAPPED
internet + truyền hình fpt đăng ký,COMMERCIAL,COMBO,/internet-truyen-hinh-fpt/,VARIANT_MAPPED
internet + truyền hình fpt tư vấn,COMMERCIAL,COMBO,/internet-truyen-hinh-fpt/,VARIANT_MAPPED
internet + truyền hình fpt mới nhất,COMMERCIAL,COMBO,/internet-truyen-hinh-fpt/,VARIANT_MAPPED
f-game fpt,COMMERCIAL,GAMING,/f-game-fpt/,VERIFIED_INTENT
mạng fpt chơi game,COMMERCIAL,GAMING,/f-game-fpt/,VERIFIED_INTENT
internet game thủ fpt,COMMERCIAL,GAMING,/f-game-fpt/,VERIFIED_INTENT
f-game fpt giá,COMMERCIAL,GAMING,/f-game-fpt/,VARIANT_MAPPED
f-game fpt đăng ký,COMMERCIAL,GAMING,/f-game-fpt/,VARIANT_MAPPED
f-game fpt tư vấn,COMMERCIAL,GAMING,/f-game-fpt/,VARIANT_MAPPED
f-game fpt mới nhất,COMMERCIAL,GAMING,/f-game-fpt/,VARIANT_MAPPED
mesh wifi fpt,COMMERCIAL,WIFI,/mesh-wifi-fpt/,VERIFIED_INTENT
wifi fpt nhà nhiều tầng,COMMERCIAL,WIFI,/mesh-wifi-fpt/,VERIFIED_INTENT
bộ phát wifi fpt,COMMERCIAL,WIFI,/mesh-wifi-fpt/,VERIFIED_INTENT
mesh wifi fpt giá,COMMERCIAL,WIFI,/mesh-wifi-fpt/,VARIANT_MAPPED
mesh wifi fpt đăng ký,COMMERCIAL,WIFI,/mesh-wifi-fpt/,VARIANT_MAPPED
mesh wifi fpt tư vấn,COMMERCIAL,WIFI,/mesh-wifi-fpt/,VARIANT_MAPPED
mesh wifi fpt mới nhất,COMMERCIAL,WIFI,/mesh-wifi-fpt/,VARIANT_MAPPED
wifi 6 fpt,INFORMATIONAL,WIFI,/wifi-6-fpt/,VERIFIED_INTENT
modem wifi 6 fpt,INFORMATIONAL,WIFI,/wifi-6-fpt/,VERIFIED_INTENT
xgs-pon fpt,INFORMATIONAL,WIFI7,/xgs-pon-fpt/,VERIFIED_INTENT
xgspon fpt,INFORMATIONAL,WIFI7,/xgs-pon-fpt/,VERIFIED_INTENT
wifi 7 xgspon,INFORMATIONAL,WIFI7,/xgs-pon-fpt/,VERIFIED_INTENT
speedx fpt,COMMERCIAL,WIFI7,/speedx-fpt/,VERIFIED_INTENT
speedx2 fpt,COMMERCIAL,WIFI7,/speedx-fpt/,VERIFIED_INTENT
speedx10 fpt,COMMERCIAL,WIFI7,/speedx-fpt/,VERIFIED_INTENT
speedx fpt giá,COMMERCIAL,WIFI7,/speedx-fpt/,VARIANT_MAPPED
speedx fpt đăng ký,COMMERCIAL,WIFI7,/speedx-fpt/,VARIANT_MAPPED
speedx fpt tư vấn,COMMERCIAL,WIFI7,/speedx-fpt/,VARIANT_MAPPED
speedx fpt mới nhất,COMMERCIAL,WIFI7,/speedx-fpt/,VARIANT_MAPPED
gói f-game fpt,COMMERCIAL,PACKAGES,/goi-cuoc/f-game/,VERIFIED_INTENT
gói f-game fpt giá,COMMERCIAL,PACKAGES,/goi-cuoc/f-game/,VARIANT_MAPPED
gói f-game fpt đăng ký,COMMERCIAL,PACKAGES,/goi-cuoc/f-game/,VARIANT_MAPPED
gói f-game fpt tư vấn,COMMERCIAL,PACKAGES,/goi-cuoc/f-game/,VARIANT_MAPPED
gói f-game fpt mới nhất,COMMERCIAL,PACKAGES,/goi-cuoc/f-game/,VARIANT_MAPPED
combo giga fpt,COMMERCIAL,PACKAGES,/goi-cuoc/combo-giga/,VERIFIED_INTENT
combo giga fpt giá,COMMERCIAL,PACKAGES,/goi-cuoc/combo-giga/,VARIANT_MAPPED
combo giga fpt đăng ký,COMMERCIAL,PACKAGES,/goi-cuoc/combo-giga/,VARIANT_MAPPED
combo giga fpt tư vấn,COMMERCIAL,PACKAGES,/goi-cuoc/combo-giga/,VARIANT_MAPPED
combo giga fpt mới nhất,COMMERCIAL,PACKAGES,/goi-cuoc/combo-giga/,VARIANT_MAPPED
combo sky fpt,COMMERCIAL,PACKAGES,/goi-cuoc/combo-sky/,VERIFIED_INTENT
combo sky fpt giá,COMMERCIAL,PACKAGES,/goi-cuoc/combo-sky/,VARIANT_MAPPED
combo sky fpt đăng ký,COMMERCIAL,PACKAGES,/goi-cuoc/combo-sky/,VARIANT_MAPPED
combo sky fpt tư vấn,COMMERCIAL,PACKAGES,/goi-cuoc/combo-sky/,VARIANT_MAPPED
combo sky fpt mới nhất,COMMERCIAL,PACKAGES,/goi-cuoc/combo-sky/,VARIANT_MAPPED
combo meta fpt,COMMERCIAL,PACKAGES,/goi-cuoc/combo-meta/,VERIFIED_INTENT
combo meta fpt giá,COMMERCIAL,PACKAGES,/goi-cuoc/combo-meta/,VARIANT_MAPPED
combo meta fpt đăng ký,COMMERCIAL,PACKAGES,/goi-cuoc/combo-meta/,VARIANT_MAPPED
combo meta fpt tư vấn,COMMERCIAL,PACKAGES,/goi-cuoc/combo-meta/,VARIANT_MAPPED
combo meta fpt mới nhất,COMMERCIAL,PACKAGES,/goi-cuoc/combo-meta/,VARIANT_MAPPED
combo f-game fpt,COMMERCIAL,PACKAGES,/goi-cuoc/combo-f-game/,VERIFIED_INTENT
combo f-game fpt giá,COMMERCIAL,PACKAGES,/goi-cuoc/combo-f-game/,VARIANT_MAPPED
combo f-game fpt đăng ký,COMMERCIAL,PACKAGES,/goi-cuoc/combo-f-game/,VARIANT_MAPPED
combo f-game fpt tư vấn,COMMERCIAL,PACKAGES,/goi-cuoc/combo-f-game/,VARIANT_MAPPED
combo f-game fpt mới nhất,COMMERCIAL,PACKAGES,/goi-cuoc/combo-f-game/,VARIANT_MAPPED
speedx2 fpt,COMMERCIAL,PACKAGES,/goi-cuoc/speedx2/,VERIFIED_INTENT
speedx2 fpt giá,COMMERCIAL,PACKAGES,/goi-cuoc/speedx2/,VARIANT_MAPPED
speedx2 fpt đăng ký,COMMERCIAL,PACKAGES,/goi-cuoc/speedx2/,VARIANT_MAPPED
speedx2 fpt tư vấn,COMMERCIAL,PACKAGES,/goi-cuoc/speedx2/,VARIANT_MAPPED
speedx2 fpt mới nhất,COMMERCIAL,PACKAGES,/goi-cuoc/speedx2/,VARIANT_MAPPED
speedx2 pro fpt,COMMERCIAL,PACKAGES,/goi-cuoc/speedx2-pro/,VERIFIED_INTENT
speedx2 pro fpt giá,COMMERCIAL,PACKAGES,/goi-cuoc/speedx2-pro/,VARIANT_MAPPED
speedx2 pro fpt đăng ký,COMMERCIAL,PACKAGES,/goi-cuoc/speedx2-pro/,VARIANT_MAPPED
speedx2 pro fpt tư vấn,COMMERCIAL,PACKAGES,/goi-cuoc/speedx2-pro/,VARIANT_MAPPED
speedx2 pro fpt mới nhất,COMMERCIAL,PACKAGES,/goi-cuoc/speedx2-pro/,VARIANT_MAPPED
speedx10 fpt,COMMERCIAL,PACKAGES,/goi-cuoc/speedx10/,VERIFIED_INTENT
speedx10 fpt giá,COMMERCIAL,PACKAGES,/goi-cuoc/speedx10/,VARIANT_MAPPED
speedx10 fpt đăng ký,COMMERCIAL,PACKAGES,/goi-cuoc/speedx10/,VARIANT_MAPPED
speedx10 fpt tư vấn,COMMERCIAL,PACKAGES,/goi-cuoc/speedx10/,VARIANT_MAPPED
speedx10 fpt mới nhất,COMMERCIAL,PACKAGES,/goi-cuoc/speedx10/,VARIANT_MAPPED
speedx10 pro fpt,COMMERCIAL,PACKAGES,/goi-cuoc/speedx10-pro/,VERIFIED_INTENT
speedx10 pro fpt giá,COMMERCIAL,PACKAGES,/goi-cuoc/speedx10-pro/,VARIANT_MAPPED
speedx10 pro fpt đăng ký,COMMERCIAL,PACKAGES,/goi-cuoc/speedx10-pro/,VARIANT_MAPPED
speedx10 pro fpt tư vấn,COMMERCIAL,PACKAGES,/goi-cuoc/speedx10-pro/,VARIANT_MAPPED
speedx10 pro fpt mới nhất,COMMERCIAL,PACKAGES,/goi-cuoc/speedx10-pro/,VARIANT_MAPPED
camera play 3 fpt,COMMERCIAL,CAMERA,/camera-fpt/play-3/,VERIFIED_INTENT
camera play 3 fpt giá,COMMERCIAL,CAMERA,/camera-fpt/play-3/,VARIANT_MAPPED
camera play 3 fpt đăng ký,COMMERCIAL,CAMERA,/camera-fpt/play-3/,VARIANT_MAPPED
camera play 3 fpt tư vấn,COMMERCIAL,CAMERA,/camera-fpt/play-3/,VARIANT_MAPPED
camera play 3 fpt mới nhất,COMMERCIAL,CAMERA,/camera-fpt/play-3/,VARIANT_MAPPED
camera play 4 fpt,COMMERCIAL,CAMERA,/camera-fpt/play-4/,VERIFIED_INTENT
camera play 4 fpt giá,COMMERCIAL,CAMERA,/camera-fpt/play-4/,VARIANT_MAPPED
camera play 4 fpt đăng ký,COMMERCIAL,CAMERA,/camera-fpt/play-4/,VARIANT_MAPPED
camera play 4 fpt tư vấn,COMMERCIAL,CAMERA,/camera-fpt/play-4/,VARIANT_MAPPED
camera play 4 fpt mới nhất,COMMERCIAL,CAMERA,/camera-fpt/play-4/,VARIANT_MAPPED
mạng fpt cho gia đình,COMMERCIAL,USE_FAMILY,/giai-phap/gia-dinh/,VERIFIED_INTENT
wifi fpt gia đình,COMMERCIAL,USE_FAMILY,/giai-phap/gia-dinh/,VERIFIED_INTENT
mạng fpt cho gia đình giá,COMMERCIAL,USE_FAMILY,/giai-phap/gia-dinh/,VARIANT_MAPPED
mạng fpt cho gia đình đăng ký,COMMERCIAL,USE_FAMILY,/giai-phap/gia-dinh/,VARIANT_MAPPED
mạng fpt cho gia đình tư vấn,COMMERCIAL,USE_FAMILY,/giai-phap/gia-dinh/,VARIANT_MAPPED
mạng fpt cho gia đình mới nhất,COMMERCIAL,USE_FAMILY,/giai-phap/gia-dinh/,VARIANT_MAPPED
wifi fpt nhà nhiều tầng,COMMERCIAL,USE_MULTIFLOOR,/giai-phap/nha-nhieu-tang/,VERIFIED_INTENT
mạng fpt nhà 3 tầng,COMMERCIAL,USE_MULTIFLOOR,/giai-phap/nha-nhieu-tang/,VERIFIED_INTENT
wifi fpt cho nhà nhiều tầng giá,COMMERCIAL,USE_MULTIFLOOR,/giai-phap/nha-nhieu-tang/,VARIANT_MAPPED
wifi fpt cho nhà nhiều tầng đăng ký,COMMERCIAL,USE_MULTIFLOOR,/giai-phap/nha-nhieu-tang/,VARIANT_MAPPED
wifi fpt cho nhà nhiều tầng tư vấn,COMMERCIAL,USE_MULTIFLOOR,/giai-phap/nha-nhieu-tang/,VARIANT_MAPPED
wifi fpt cho nhà nhiều tầng mới nhất,COMMERCIAL,USE_MULTIFLOOR,/giai-phap/nha-nhieu-tang/,VARIANT_MAPPED
mạng fpt chung cư,COMMERCIAL,USE_APARTMENT,/giai-phap/chung-cu/,VERIFIED_INTENT
internet fpt căn hộ,COMMERCIAL,USE_APARTMENT,/giai-phap/chung-cu/,VERIFIED_INTENT
mạng fpt cho chung cư giá,COMMERCIAL,USE_APARTMENT,/giai-phap/chung-cu/,VARIANT_MAPPED
mạng fpt cho chung cư đăng ký,COMMERCIAL,USE_APARTMENT,/giai-phap/chung-cu/,VARIANT_MAPPED
mạng fpt cho chung cư tư vấn,COMMERCIAL,USE_APARTMENT,/giai-phap/chung-cu/,VARIANT_MAPPED
mạng fpt cho chung cư mới nhất,COMMERCIAL,USE_APARTMENT,/giai-phap/chung-cu/,VARIANT_MAPPED
mạng fpt chơi game,COMMERCIAL,USE_GAME,/giai-phap/game-thu/,VERIFIED_INTENT
internet fpt game thủ,COMMERCIAL,USE_GAME,/giai-phap/game-thu/,VERIFIED_INTENT
mạng fpt cho game thủ giá,COMMERCIAL,USE_GAME,/giai-phap/game-thu/,VARIANT_MAPPED
mạng fpt cho game thủ đăng ký,COMMERCIAL,USE_GAME,/giai-phap/game-thu/,VARIANT_MAPPED
mạng fpt cho game thủ tư vấn,COMMERCIAL,USE_GAME,/giai-phap/game-thu/,VARIANT_MAPPED
mạng fpt cho game thủ mới nhất,COMMERCIAL,USE_GAME,/giai-phap/game-thu/,VARIANT_MAPPED
mạng fpt livestream,COMMERCIAL,USE_STREAM,/giai-phap/livestream/,VERIFIED_INTENT
internet upload cao fpt,COMMERCIAL,USE_STREAM,/giai-phap/livestream/,VERIFIED_INTENT
mạng fpt cho livestream giá,COMMERCIAL,USE_STREAM,/giai-phap/livestream/,VARIANT_MAPPED
mạng fpt cho livestream đăng ký,COMMERCIAL,USE_STREAM,/giai-phap/livestream/,VARIANT_MAPPED
mạng fpt cho livestream tư vấn,COMMERCIAL,USE_STREAM,/giai-phap/livestream/,VARIANT_MAPPED
mạng fpt cho livestream mới nhất,COMMERCIAL,USE_STREAM,/giai-phap/livestream/,VARIANT_MAPPED
mạng fpt cho camera,COMMERCIAL,USE_CAMERA,/giai-phap/camera/,VERIFIED_INTENT
wifi cho camera,COMMERCIAL,USE_CAMERA,/giai-phap/camera/,VERIFIED_INTENT
mạng fpt cho camera giá,COMMERCIAL,USE_CAMERA,/giai-phap/camera/,VARIANT_MAPPED
mạng fpt cho camera đăng ký,COMMERCIAL,USE_CAMERA,/giai-phap/camera/,VARIANT_MAPPED
mạng fpt cho camera tư vấn,COMMERCIAL,USE_CAMERA,/giai-phap/camera/,VARIANT_MAPPED
mạng fpt cho camera mới nhất,COMMERCIAL,USE_CAMERA,/giai-phap/camera/,VARIANT_MAPPED
internet fpt smart home,COMMERCIAL,USE_SMARTHOME,/giai-phap/smart-home/,VERIFIED_INTENT
wifi fpt nhiều thiết bị,COMMERCIAL,USE_SMARTHOME,/giai-phap/smart-home/,VERIFIED_INTENT
internet fpt cho smart home giá,COMMERCIAL,USE_SMARTHOME,/giai-phap/smart-home/,VARIANT_MAPPED
internet fpt cho smart home đăng ký,COMMERCIAL,USE_SMARTHOME,/giai-phap/smart-home/,VARIANT_MAPPED
internet fpt cho smart home tư vấn,COMMERCIAL,USE_SMARTHOME,/giai-phap/smart-home/,VARIANT_MAPPED
internet fpt cho smart home mới nhất,COMMERCIAL,USE_SMARTHOME,/giai-phap/smart-home/,VARIANT_MAPPED
mạng fpt văn phòng,COMMERCIAL,USE_OFFICE,/giai-phap/van-phong/,VERIFIED_INTENT
internet fpt văn phòng,COMMERCIAL,USE_OFFICE,/giai-phap/van-phong/,VERIFIED_INTENT
mạng fpt cho văn phòng giá,COMMERCIAL,USE_OFFICE,/giai-phap/van-phong/,VARIANT_MAPPED
mạng fpt cho văn phòng đăng ký,COMMERCIAL,USE_OFFICE,/giai-phap/van-phong/,VARIANT_MAPPED
mạng fpt cho văn phòng tư vấn,COMMERCIAL,USE_OFFICE,/giai-phap/van-phong/,VARIANT_MAPPED
mạng fpt cho văn phòng mới nhất,COMMERCIAL,USE_OFFICE,/giai-phap/van-phong/,VARIANT_MAPPED
internet fpt doanh nghiệp nhỏ,COMMERCIAL,USE_SME,/giai-phap/doanh-nghiep-nho/,VERIFIED_INTENT
mạng fpt công ty,COMMERCIAL,USE_SME,/giai-phap/doanh-nghiep-nho/,VERIFIED_INTENT
mạng fpt cho doanh nghiệp nhỏ giá,COMMERCIAL,USE_SME,/giai-phap/doanh-nghiep-nho/,VARIANT_MAPPED
mạng fpt cho doanh nghiệp nhỏ đăng ký,COMMERCIAL,USE_SME,/giai-phap/doanh-nghiep-nho/,VARIANT_MAPPED
mạng fpt cho doanh nghiệp nhỏ tư vấn,COMMERCIAL,USE_SME,/giai-phap/doanh-nghiep-nho/,VARIANT_MAPPED
mạng fpt cho doanh nghiệp nhỏ mới nhất,COMMERCIAL,USE_SME,/giai-phap/doanh-nghiep-nho/,VARIANT_MAPPED
mạng fpt quán cafe,COMMERCIAL,USE_CAFE,/giai-phap/quan-cafe/,VERIFIED_INTENT
wifi quán cafe fpt,COMMERCIAL,USE_CAFE,/giai-phap/quan-cafe/,VERIFIED_INTENT
mạng fpt cho quán cafe giá,COMMERCIAL,USE_CAFE,/giai-phap/quan-cafe/,VARIANT_MAPPED
mạng fpt cho quán cafe đăng ký,COMMERCIAL,USE_CAFE,/giai-phap/quan-cafe/,VARIANT_MAPPED
mạng fpt cho quán cafe tư vấn,COMMERCIAL,USE_CAFE,/giai-phap/quan-cafe/,VARIANT_MAPPED
mạng fpt cho quán cafe mới nhất,COMMERCIAL,USE_CAFE,/giai-phap/quan-cafe/,VARIANT_MAPPED
wifi fpt homestay,COMMERCIAL,USE_HOMESTAY,/giai-phap/homestay/,VERIFIED_INTENT
mạng fpt nhà nghỉ,COMMERCIAL,USE_HOMESTAY,/giai-phap/homestay/,VERIFIED_INTENT
mạng fpt cho homestay giá,COMMERCIAL,USE_HOMESTAY,/giai-phap/homestay/,VARIANT_MAPPED
mạng fpt cho homestay đăng ký,COMMERCIAL,USE_HOMESTAY,/giai-phap/homestay/,VARIANT_MAPPED
mạng fpt cho homestay tư vấn,COMMERCIAL,USE_HOMESTAY,/giai-phap/homestay/,VARIANT_MAPPED
mạng fpt cho homestay mới nhất,COMMERCIAL,USE_HOMESTAY,/giai-phap/homestay/,VARIANT_MAPPED
mạng fpt cửa hàng,COMMERCIAL,USE_RETAIL,/giai-phap/cua-hang/,VERIFIED_INTENT
internet fpt shop,COMMERCIAL,USE_RETAIL,/giai-phap/cua-hang/,VERIFIED_INTENT
mạng fpt cho cửa hàng giá,COMMERCIAL,USE_RETAIL,/giai-phap/cua-hang/,VARIANT_MAPPED
mạng fpt cho cửa hàng đăng ký,COMMERCIAL,USE_RETAIL,/giai-phap/cua-hang/,VARIANT_MAPPED
mạng fpt cho cửa hàng tư vấn,COMMERCIAL,USE_RETAIL,/giai-phap/cua-hang/,VARIANT_MAPPED
mạng fpt cho cửa hàng mới nhất,COMMERCIAL,USE_RETAIL,/giai-phap/cua-hang/,VARIANT_MAPPED
fpt vs viettel,COMPARISON,COMPARE,/so-sanh/fpt-vs-viettel/,VERIFIED_INTENT
mạng fpt hay viettel,COMPARISON,COMPARE,/so-sanh/fpt-vs-viettel/,VERIFIED_INTENT
fpt vs vnpt,COMPARISON,COMPARE,/so-sanh/fpt-vs-vnpt/,VERIFIED_INTENT
mạng fpt hay vnpt,COMPARISON,COMPARE,/so-sanh/fpt-vs-vnpt/,VERIFIED_INTENT
wifi 6 vs wifi 7,COMPARISON,COMPARE,/so-sanh/wifi-6-vs-wifi-7/,VERIFIED_INTENT
wifi 7 khác wifi 6,COMPARISON,COMPARE,/so-sanh/wifi-6-vs-wifi-7/,VERIFIED_INTENT
giga vs sky fpt,COMPARISON,COMPARE,/so-sanh/giga-vs-sky/,VERIFIED_INTENT
so sánh giga sky,COMPARISON,COMPARE,/so-sanh/giga-vs-sky/,VERIFIED_INTENT
sky vs meta fpt,COMPARISON,COMPARE,/so-sanh/sky-vs-meta/,VERIFIED_INTENT
so sánh sky meta,COMPARISON,COMPARE,/so-sanh/sky-vs-meta/,VERIFIED_INTENT
f-game vs meta,COMPARISON,COMPARE,/so-sanh/f-game-vs-meta/,VERIFIED_INTENT
so sánh fgame meta,COMPARISON,COMPARE,/so-sanh/f-game-vs-meta/,VERIFIED_INTENT
lắp mạng fpt mất bao lâu,INFORMATIONAL,SUPPORT,/ho-tro/lap-mang-fpt-mat-bao-lau/,VERIFIED_INTENT
phí lắp đặt fpt,INFORMATIONAL,SUPPORT,/ho-tro/phi-lap-dat-fpt/,VERIFIED_INTENT
lắp fpt có mất phí không,INFORMATIONAL,SUPPORT,/ho-tro/phi-lap-dat-fpt/,VERIFIED_INTENT
đổi mật khẩu wifi fpt,INFORMATIONAL,SUPPORT,/ho-tro/doi-mat-khau-wifi-fpt/,VERIFIED_INTENT
cách đổi pass wifi fpt,INFORMATIONAL,SUPPORT,/ho-tro/doi-mat-khau-wifi-fpt/,VERIFIED_INTENT
wifi fpt yếu,INFORMATIONAL,SUPPORT,/ho-tro/wifi-fpt-yeu/,VERIFIED_INTENT
wifi fpt chậm,INFORMATIONAL,SUPPORT,/ho-tro/wifi-fpt-yeu/,VERIFIED_INTENT
mạng fpt chậm,INFORMATIONAL,SUPPORT,/ho-tro/mang-fpt-cham/,VERIFIED_INTENT
internet fpt chậm,INFORMATIONAL,SUPPORT,/ho-tro/mang-fpt-cham/,VERIFIED_INTENT
mất mạng fpt,INFORMATIONAL,SUPPORT,/ho-tro/mat-mang-fpt/,VERIFIED_INTENT
fpt mất mạng,INFORMATIONAL,SUPPORT,/ho-tro/mat-mang-fpt/,VERIFIED_INTENT
chuyển địa điểm fpt,INFORMATIONAL,SUPPORT,/ho-tro/chuyen-dia-diem-fpt/,VERIFIED_INTENT
chuyển mạng fpt,INFORMATIONAL,SUPPORT,/ho-tro/chuyen-dia-diem-fpt/,VERIFIED_INTENT
nâng cấp gói fpt,INFORMATIONAL,SUPPORT,/ho-tro/nang-cap-goi-fpt/,VERIFIED_INTENT
nâng cấp wifi fpt,INFORMATIONAL,SUPPORT,/ho-tro/nang-cap-goi-fpt/,VERIFIED_INTENT
hủy mạng fpt,INFORMATIONAL,SUPPORT,/ho-tro/huy-goi-fpt/,VERIFIED_INTENT
hủy dịch vụ fpt,INFORMATIONAL,SUPPORT,/ho-tro/huy-goi-fpt/,VERIFIED_INTENT
kiểm tra tốc độ mạng fpt,INFORMATIONAL,SUPPORT,/ho-tro/kiem-tra-toc-do-mang-fpt/,VERIFIED_INTENT
speedtest fpt,INFORMATIONAL,SUPPORT,/ho-tro/kiem-tra-toc-do-mang-fpt/,VERIFIED_INTENT
modem wifi 6 fpt,INFORMATIONAL,SUPPORT,/kien-thuc/modem-wifi-6-fpt/,VERIFIED_INTENT
mesh wifi là gì,INFORMATIONAL,SUPPORT,/kien-thuc/mesh-wifi-la-gi/,VERIFIED_INTENT
mesh fpt là gì,INFORMATIONAL,SUPPORT,/kien-thuc/mesh-wifi-la-gi/,VERIFIED_INTENT
300mbps đủ không,INFORMATIONAL,SUPPORT,/kien-thuc/300mbps-du-khong/,VERIFIED_INTENT
300 mbps dùng được bao nhiêu thiết bị,INFORMATIONAL,SUPPORT,/kien-thuc/300mbps-du-khong/,VERIFIED_INTENT
1gbps bao nhiêu thiết bị,INFORMATIONAL,SUPPORT,/kien-thuc/1gbps-bao-nhieu-thiet-bi/,VERIFIED_INTENT
1 gbps đủ không,INFORMATIONAL,SUPPORT,/kien-thuc/1gbps-bao-nhieu-thiet-bi/,VERIFIED_INTENT
ftth là gì,INFORMATIONAL,SUPPORT,/kien-thuc/ftth-la-gi/,VERIFIED_INTENT
cáp quang ftth,INFORMATIONAL,SUPPORT,/kien-thuc/ftth-la-gi/,VERIFIED_INTENT
xgs-pon là gì,INFORMATIONAL,SUPPORT,/kien-thuc/xgs-pon-la-gi/,VERIFIED_INTENT
xgspon là gì,INFORMATIONAL,SUPPORT,/kien-thuc/xgs-pon-la-gi/,VERIFIED_INTENT
giải pháp internet fpt,COMMERCIAL,USE_CASE,/giai-phap/,VERIFIED_INTENT
mạng fpt theo nhu cầu,COMMERCIAL,USE_CASE,/giai-phap/,VERIFIED_INTENT
giải pháp internet fpt giá,COMMERCIAL,USE_CASE,/giai-phap/,VARIANT_MAPPED
giải pháp internet fpt đăng ký,COMMERCIAL,USE_CASE,/giai-phap/,VARIANT_MAPPED
giải pháp internet fpt tư vấn,COMMERCIAL,USE_CASE,/giai-phap/,VARIANT_MAPPED
giải pháp internet fpt mới nhất,COMMERCIAL,USE_CASE,/giai-phap/,VARIANT_MAPPED
so sánh mạng fpt,COMPARISON,COMPARE,/so-sanh/,VERIFIED_INTENT
so sánh gói fpt,COMPARISON,COMPARE,/so-sanh/,VERIFIED_INTENT
hỗ trợ fpt,SUPPORT,SUPPORT,/ho-tro/,VERIFIED_INTENT
hướng dẫn fpt,SUPPORT,SUPPORT,/ho-tro/,VERIFIED_INTENT
kiến thức internet fpt,INFORMATIONAL,KNOWLEDGE,/kien-thuc/,VERIFIED_INTENT
wifi fpt là gì,INFORMATIONAL,KNOWLEDGE,/kien-thuc/,VERIFIED_INTENT
lắp mạng fpt theo khu vực,LOCAL_TRANSACTIONAL,LOCAL,/khu-vuc/,VERIFIED_INTENT
fpt gần đây,LOCAL_TRANSACTIONAL,LOCAL,/khu-vuc/,VERIFIED_INTENT
gói cước fpt review,COMMERCIAL,PACKAGES,/goi-cuoc-fpt/,VARIANT_MAPPED
gói cước fpt có tốt không,COMMERCIAL,PACKAGES,/goi-cuoc-fpt/,VARIANT_MAPPED
gói cước fpt phù hợp ai,COMMERCIAL,PACKAGES,/goi-cuoc-fpt/,VARIANT_MAPPED
gói cước fpt nên dùng không,COMMERCIAL,PACKAGES,/goi-cuoc-fpt/,VARIANT_MAPPED
gói cước fpt so sánh,COMMERCIAL,PACKAGES,/goi-cuoc-fpt/,VARIANT_MAPPED
gói cước fpt mới nhất 2026,COMMERCIAL,PACKAGES,/goi-cuoc-fpt/,VARIANT_MAPPED
gói cước fpt bao nhiêu tiền,COMMERCIAL,PACKAGES,/goi-cuoc-fpt/,VARIANT_MAPPED
bảng giá fpt giá,COMMERCIAL,PACKAGES,/goi-cuoc-fpt/,VARIANT_MAPPED
bảng giá fpt review,COMMERCIAL,PACKAGES,/goi-cuoc-fpt/,VARIANT_MAPPED
bảng giá fpt có tốt không,COMMERCIAL,PACKAGES,/goi-cuoc-fpt/,VARIANT_MAPPED
bảng giá fpt phù hợp ai,COMMERCIAL,PACKAGES,/goi-cuoc-fpt/,VARIANT_MAPPED
bảng giá fpt nên dùng không,COMMERCIAL,PACKAGES,/goi-cuoc-fpt/,VARIANT_MAPPED
bảng giá fpt so sánh,COMMERCIAL,PACKAGES,/goi-cuoc-fpt/,VARIANT_MAPPED
bảng giá fpt đăng ký,COMMERCIAL,PACKAGES,/goi-cuoc-fpt/,VARIANT_MAPPED
bảng giá fpt mới nhất 2026,COMMERCIAL,PACKAGES,/goi-cuoc-fpt/,VARIANT_MAPPED
bảng giá fpt bao nhiêu tiền,COMMERCIAL,PACKAGES,/goi-cuoc-fpt/,VARIANT_MAPPED
gói internet fpt giá,COMMERCIAL,PACKAGES,/goi-cuoc-fpt/,VARIANT_MAPPED
gói internet fpt review,COMMERCIAL,PACKAGES,/goi-cuoc-fpt/,VARIANT_MAPPED
gói internet fpt có tốt không,COMMERCIAL,PACKAGES,/goi-cuoc-fpt/,VARIANT_MAPPED
gói internet fpt phù hợp ai,COMMERCIAL,PACKAGES,/goi-cuoc-fpt/,VARIANT_MAPPED
gói internet fpt nên dùng không,COMMERCIAL,PACKAGES,/goi-cuoc-fpt/,VARIANT_MAPPED
gói internet fpt so sánh,COMMERCIAL,PACKAGES,/goi-cuoc-fpt/,VARIANT_MAPPED
gói internet fpt đăng ký,COMMERCIAL,PACKAGES,/goi-cuoc-fpt/,VARIANT_MAPPED
gói internet fpt mới nhất 2026,COMMERCIAL,PACKAGES,/goi-cuoc-fpt/,VARIANT_MAPPED
gói internet fpt bao nhiêu tiền,COMMERCIAL,PACKAGES,/goi-cuoc-fpt/,VARIANT_MAPPED
bảng giá fpt review,COMMERCIAL,PACKAGES,/bang-gia-fpt/,VARIANT_MAPPED
bảng giá fpt có tốt không,COMMERCIAL,PACKAGES,/bang-gia-fpt/,VARIANT_MAPPED
bảng giá fpt phù hợp ai,COMMERCIAL,PACKAGES,/bang-gia-fpt/,VARIANT_MAPPED
bảng giá fpt nên dùng không,COMMERCIAL,PACKAGES,/bang-gia-fpt/,VARIANT_MAPPED
bảng giá fpt so sánh,COMMERCIAL,PACKAGES,/bang-gia-fpt/,VARIANT_MAPPED
bảng giá fpt mới nhất 2026,COMMERCIAL,PACKAGES,/bang-gia-fpt/,VARIANT_MAPPED
bảng giá fpt bao nhiêu tiền,COMMERCIAL,PACKAGES,/bang-gia-fpt/,VARIANT_MAPPED
giá mạng fpt giá,COMMERCIAL,PACKAGES,/bang-gia-fpt/,VARIANT_MAPPED
giá mạng fpt review,COMMERCIAL,PACKAGES,/bang-gia-fpt/,VARIANT_MAPPED
giá mạng fpt có tốt không,COMMERCIAL,PACKAGES,/bang-gia-fpt/,VARIANT_MAPPED
giá mạng fpt phù hợp ai,COMMERCIAL,PACKAGES,/bang-gia-fpt/,VARIANT_MAPPED
giá mạng fpt nên dùng không,COMMERCIAL,PACKAGES,/bang-gia-fpt/,VARIANT_MAPPED
giá mạng fpt so sánh,COMMERCIAL,PACKAGES,/bang-gia-fpt/,VARIANT_MAPPED
giá mạng fpt đăng ký,COMMERCIAL,PACKAGES,/bang-gia-fpt/,VARIANT_MAPPED
giá mạng fpt mới nhất 2026,COMMERCIAL,PACKAGES,/bang-gia-fpt/,VARIANT_MAPPED
giá mạng fpt bao nhiêu tiền,COMMERCIAL,PACKAGES,/bang-gia-fpt/,VARIANT_MAPPED
giá internet fpt giá,COMMERCIAL,PACKAGES,/bang-gia-fpt/,VARIANT_MAPPED
giá internet fpt review,COMMERCIAL,PACKAGES,/bang-gia-fpt/,VARIANT_MAPPED
giá internet fpt có tốt không,COMMERCIAL,PACKAGES,/bang-gia-fpt/,VARIANT_MAPPED
giá internet fpt phù hợp ai,COMMERCIAL,PACKAGES,/bang-gia-fpt/,VARIANT_MAPPED
giá internet fpt nên dùng không,COMMERCIAL,PACKAGES,/bang-gia-fpt/,VARIANT_MAPPED
giá internet fpt so sánh,COMMERCIAL,PACKAGES,/bang-gia-fpt/,VARIANT_MAPPED
giá internet fpt đăng ký,COMMERCIAL,PACKAGES,/bang-gia-fpt/,VARIANT_MAPPED
giá internet fpt mới nhất 2026,COMMERCIAL,PACKAGES,/bang-gia-fpt/,VARIANT_MAPPED
giá internet fpt bao nhiêu tiền,COMMERCIAL,PACKAGES,/bang-gia-fpt/,VARIANT_MAPPED
combo fpt review,COMMERCIAL,COMBO,/combo-fpt/,VARIANT_MAPPED
combo fpt có tốt không,COMMERCIAL,COMBO,/combo-fpt/,VARIANT_MAPPED
combo fpt phù hợp ai,COMMERCIAL,COMBO,/combo-fpt/,VARIANT_MAPPED
combo fpt nên dùng không,COMMERCIAL,COMBO,/combo-fpt/,VARIANT_MAPPED
combo fpt so sánh,COMMERCIAL,COMBO,/combo-fpt/,VARIANT_MAPPED
combo fpt mới nhất 2026,COMMERCIAL,COMBO,/combo-fpt/,VARIANT_MAPPED
combo fpt bao nhiêu tiền,COMMERCIAL,COMBO,/combo-fpt/,VARIANT_MAPPED
combo internet fpt giá,COMMERCIAL,COMBO,/combo-fpt/,VARIANT_MAPPED
combo internet fpt review,COMMERCIAL,COMBO,/combo-fpt/,VARIANT_MAPPED
combo internet fpt có tốt không,COMMERCIAL,COMBO,/combo-fpt/,VARIANT_MAPPED
combo internet fpt phù hợp ai,COMMERCIAL,COMBO,/combo-fpt/,VARIANT_MAPPED
combo internet fpt nên dùng không,COMMERCIAL,COMBO,/combo-fpt/,VARIANT_MAPPED
combo internet fpt so sánh,COMMERCIAL,COMBO,/combo-fpt/,VARIANT_MAPPED
combo internet fpt đăng ký,COMMERCIAL,COMBO,/combo-fpt/,VARIANT_MAPPED
combo internet fpt mới nhất 2026,COMMERCIAL,COMBO,/combo-fpt/,VARIANT_MAPPED
combo internet fpt bao nhiêu tiền,COMMERCIAL,COMBO,/combo-fpt/,VARIANT_MAPPED
internet truyền hình fpt giá,COMMERCIAL,COMBO,/combo-fpt/,VARIANT_MAPPED
internet truyền hình fpt review,COMMERCIAL,COMBO,/combo-fpt/,VARIANT_MAPPED
internet truyền hình fpt có tốt không,COMMERCIAL,COMBO,/combo-fpt/,VARIANT_MAPPED
internet truyền hình fpt phù hợp ai,COMMERCIAL,COMBO,/combo-fpt/,VARIANT_MAPPED
internet truyền hình fpt nên dùng không,COMMERCIAL,COMBO,/combo-fpt/,VARIANT_MAPPED
internet truyền hình fpt so sánh,COMMERCIAL,COMBO,/combo-fpt/,VARIANT_MAPPED
internet truyền hình fpt đăng ký,COMMERCIAL,COMBO,/combo-fpt/,VARIANT_MAPPED
internet truyền hình fpt mới nhất 2026,COMMERCIAL,COMBO,/combo-fpt/,VARIANT_MAPPED
internet truyền hình fpt bao nhiêu tiền,COMMERCIAL,COMBO,/combo-fpt/,VARIANT_MAPPED
internet + truyền hình fpt review,COMMERCIAL,COMBO,/internet-truyen-hinh-fpt/,VARIANT_MAPPED
internet + truyền hình fpt có tốt không,COMMERCIAL,COMBO,/internet-truyen-hinh-fpt/,VARIANT_MAPPED
internet + truyền hình fpt phù hợp ai,COMMERCIAL,COMBO,/internet-truyen-hinh-fpt/,VARIANT_MAPPED
internet + truyền hình fpt nên dùng không,COMMERCIAL,COMBO,/internet-truyen-hinh-fpt/,VARIANT_MAPPED
internet + truyền hình fpt so sánh,COMMERCIAL,COMBO,/internet-truyen-hinh-fpt/,VARIANT_MAPPED
internet + truyền hình fpt mới nhất 2026,COMMERCIAL,COMBO,/internet-truyen-hinh-fpt/,VARIANT_MAPPED
internet + truyền hình fpt bao nhiêu tiền,COMMERCIAL,COMBO,/internet-truyen-hinh-fpt/,VARIANT_MAPPED
internet truyền hình fpt giá,COMMERCIAL,COMBO,/internet-truyen-hinh-fpt/,VARIANT_MAPPED
internet truyền hình fpt review,COMMERCIAL,COMBO,/internet-truyen-hinh-fpt/,VARIANT_MAPPED
internet truyền hình fpt có tốt không,COMMERCIAL,COMBO,/internet-truyen-hinh-fpt/,VARIANT_MAPPED
internet truyền hình fpt phù hợp ai,COMMERCIAL,COMBO,/internet-truyen-hinh-fpt/,VARIANT_MAPPED
internet truyền hình fpt nên dùng không,COMMERCIAL,COMBO,/internet-truyen-hinh-fpt/,VARIANT_MAPPED
internet truyền hình fpt so sánh,COMMERCIAL,COMBO,/internet-truyen-hinh-fpt/,VARIANT_MAPPED
internet truyền hình fpt đăng ký,COMMERCIAL,COMBO,/internet-truyen-hinh-fpt/,VARIANT_MAPPED
internet truyền hình fpt mới nhất 2026,COMMERCIAL,COMBO,/internet-truyen-hinh-fpt/,VARIANT_MAPPED
internet truyền hình fpt bao nhiêu tiền,COMMERCIAL,COMBO,/internet-truyen-hinh-fpt/,VARIANT_MAPPED
combo internet truyền hình fpt giá,COMMERCIAL,COMBO,/internet-truyen-hinh-fpt/,VARIANT_MAPPED
combo internet truyền hình fpt review,COMMERCIAL,COMBO,/internet-truyen-hinh-fpt/,VARIANT_MAPPED
combo internet truyền hình fpt có tốt không,COMMERCIAL,COMBO,/internet-truyen-hinh-fpt/,VARIANT_MAPPED
combo internet truyền hình fpt phù hợp ai,COMMERCIAL,COMBO,/internet-truyen-hinh-fpt/,VARIANT_MAPPED
combo internet truyền hình fpt nên dùng không,COMMERCIAL,COMBO,/internet-truyen-hinh-fpt/,VARIANT_MAPPED
combo internet truyền hình fpt so sánh,COMMERCIAL,COMBO,/internet-truyen-hinh-fpt/,VARIANT_MAPPED
combo internet truyền hình fpt đăng ký,COMMERCIAL,COMBO,/internet-truyen-hinh-fpt/,VARIANT_MAPPED
combo internet truyền hình fpt mới nhất 2026,COMMERCIAL,COMBO,/internet-truyen-hinh-fpt/,VARIANT_MAPPED
combo internet truyền hình fpt bao nhiêu tiền,COMMERCIAL,COMBO,/internet-truyen-hinh-fpt/,VARIANT_MAPPED
f-game fpt review,COMMERCIAL,GAMING,/f-game-fpt/,VARIANT_MAPPED
f-game fpt có tốt không,COMMERCIAL,GAMING,/f-game-fpt/,VARIANT_MAPPED
f-game fpt phù hợp ai,COMMERCIAL,GAMING,/f-game-fpt/,VARIANT_MAPPED
f-game fpt nên dùng không,COMMERCIAL,GAMING,/f-game-fpt/,VARIANT_MAPPED
f-game fpt so sánh,COMMERCIAL,GAMING,/f-game-fpt/,VARIANT_MAPPED
f-game fpt mới nhất 2026,COMMERCIAL,GAMING,/f-game-fpt/,VARIANT_MAPPED
f-game fpt bao nhiêu tiền,COMMERCIAL,GAMING,/f-game-fpt/,VARIANT_MAPPED
mạng fpt chơi game giá,COMMERCIAL,GAMING,/f-game-fpt/,VARIANT_MAPPED
mạng fpt chơi game review,COMMERCIAL,GAMING,/f-game-fpt/,VARIANT_MAPPED
mạng fpt chơi game có tốt không,COMMERCIAL,GAMING,/f-game-fpt/,VARIANT_MAPPED
mạng fpt chơi game phù hợp ai,COMMERCIAL,GAMING,/f-game-fpt/,VARIANT_MAPPED
mạng fpt chơi game nên dùng không,COMMERCIAL,GAMING,/f-game-fpt/,VARIANT_MAPPED
mạng fpt chơi game so sánh,COMMERCIAL,GAMING,/f-game-fpt/,VARIANT_MAPPED
mạng fpt chơi game đăng ký,COMMERCIAL,GAMING,/f-game-fpt/,VARIANT_MAPPED
mạng fpt chơi game mới nhất 2026,COMMERCIAL,GAMING,/f-game-fpt/,VARIANT_MAPPED
mạng fpt chơi game bao nhiêu tiền,COMMERCIAL,GAMING,/f-game-fpt/,VARIANT_MAPPED
internet game thủ fpt giá,COMMERCIAL,GAMING,/f-game-fpt/,VARIANT_MAPPED
internet game thủ fpt review,COMMERCIAL,GAMING,/f-game-fpt/,VARIANT_MAPPED
internet game thủ fpt có tốt không,COMMERCIAL,GAMING,/f-game-fpt/,VARIANT_MAPPED
internet game thủ fpt phù hợp ai,COMMERCIAL,GAMING,/f-game-fpt/,VARIANT_MAPPED
internet game thủ fpt nên dùng không,COMMERCIAL,GAMING,/f-game-fpt/,VARIANT_MAPPED
internet game thủ fpt so sánh,COMMERCIAL,GAMING,/f-game-fpt/,VARIANT_MAPPED
internet game thủ fpt đăng ký,COMMERCIAL,GAMING,/f-game-fpt/,VARIANT_MAPPED
internet game thủ fpt mới nhất 2026,COMMERCIAL,GAMING,/f-game-fpt/,VARIANT_MAPPED
internet game thủ fpt bao nhiêu tiền,COMMERCIAL,GAMING,/f-game-fpt/,VARIANT_MAPPED
mesh wifi fpt review,COMMERCIAL,WIFI,/mesh-wifi-fpt/,VARIANT_MAPPED
mesh wifi fpt có tốt không,COMMERCIAL,WIFI,/mesh-wifi-fpt/,VARIANT_MAPPED
mesh wifi fpt phù hợp ai,COMMERCIAL,WIFI,/mesh-wifi-fpt/,VARIANT_MAPPED
mesh wifi fpt nên dùng không,COMMERCIAL,WIFI,/mesh-wifi-fpt/,VARIANT_MAPPED
mesh wifi fpt so sánh,COMMERCIAL,WIFI,/mesh-wifi-fpt/,VARIANT_MAPPED
mesh wifi fpt mới nhất 2026,COMMERCIAL,WIFI,/mesh-wifi-fpt/,VARIANT_MAPPED
mesh wifi fpt bao nhiêu tiền,COMMERCIAL,WIFI,/mesh-wifi-fpt/,VARIANT_MAPPED
wifi fpt nhà nhiều tầng giá,COMMERCIAL,WIFI,/mesh-wifi-fpt/,VARIANT_MAPPED
wifi fpt nhà nhiều tầng review,COMMERCIAL,WIFI,/mesh-wifi-fpt/,VARIANT_MAPPED
wifi fpt nhà nhiều tầng có tốt không,COMMERCIAL,WIFI,/mesh-wifi-fpt/,VARIANT_MAPPED
wifi fpt nhà nhiều tầng phù hợp ai,COMMERCIAL,WIFI,/mesh-wifi-fpt/,VARIANT_MAPPED
wifi fpt nhà nhiều tầng nên dùng không,COMMERCIAL,WIFI,/mesh-wifi-fpt/,VARIANT_MAPPED
wifi fpt nhà nhiều tầng so sánh,COMMERCIAL,WIFI,/mesh-wifi-fpt/,VARIANT_MAPPED
wifi fpt nhà nhiều tầng đăng ký,COMMERCIAL,WIFI,/mesh-wifi-fpt/,VARIANT_MAPPED
wifi fpt nhà nhiều tầng mới nhất 2026,COMMERCIAL,WIFI,/mesh-wifi-fpt/,VARIANT_MAPPED
wifi fpt nhà nhiều tầng bao nhiêu tiền,COMMERCIAL,WIFI,/mesh-wifi-fpt/,VARIANT_MAPPED
bộ phát wifi fpt giá,COMMERCIAL,WIFI,/mesh-wifi-fpt/,VARIANT_MAPPED
bộ phát wifi fpt review,COMMERCIAL,WIFI,/mesh-wifi-fpt/,VARIANT_MAPPED
bộ phát wifi fpt có tốt không,COMMERCIAL,WIFI,/mesh-wifi-fpt/,VARIANT_MAPPED
bộ phát wifi fpt phù hợp ai,COMMERCIAL,WIFI,/mesh-wifi-fpt/,VARIANT_MAPPED
bộ phát wifi fpt nên dùng không,COMMERCIAL,WIFI,/mesh-wifi-fpt/,VARIANT_MAPPED
bộ phát wifi fpt so sánh,COMMERCIAL,WIFI,/mesh-wifi-fpt/,VARIANT_MAPPED
bộ phát wifi fpt đăng ký,COMMERCIAL,WIFI,/mesh-wifi-fpt/,VARIANT_MAPPED
bộ phát wifi fpt mới nhất 2026,COMMERCIAL,WIFI,/mesh-wifi-fpt/,VARIANT_MAPPED
bộ phát wifi fpt bao nhiêu tiền,COMMERCIAL,WIFI,/mesh-wifi-fpt/,VARIANT_MAPPED
wifi 6 fpt là gì,INFORMATIONAL,WIFI,/wifi-6-fpt/,VARIANT_MAPPED
wifi 6 fpt hoạt động thế nào,INFORMATIONAL,WIFI,/wifi-6-fpt/,VARIANT_MAPPED
wifi 6 fpt có gì mới,INFORMATIONAL,WIFI,/wifi-6-fpt/,VARIANT_MAPPED
wifi 6 fpt hướng dẫn,INFORMATIONAL,WIFI,/wifi-6-fpt/,VARIANT_MAPPED
wifi 6 fpt có nên dùng,INFORMATIONAL,WIFI,/wifi-6-fpt/,VARIANT_MAPPED
wifi 6 fpt ưu nhược điểm,INFORMATIONAL,WIFI,/wifi-6-fpt/,VARIANT_MAPPED
wifi 6 fpt 2026,INFORMATIONAL,WIFI,/wifi-6-fpt/,VARIANT_MAPPED
modem wifi 6 fpt là gì,INFORMATIONAL,WIFI,/wifi-6-fpt/,VARIANT_MAPPED
modem wifi 6 fpt hoạt động thế nào,INFORMATIONAL,WIFI,/wifi-6-fpt/,VARIANT_MAPPED
modem wifi 6 fpt có gì mới,INFORMATIONAL,WIFI,/wifi-6-fpt/,VARIANT_MAPPED
modem wifi 6 fpt hướng dẫn,INFORMATIONAL,WIFI,/wifi-6-fpt/,VARIANT_MAPPED
modem wifi 6 fpt có nên dùng,INFORMATIONAL,WIFI,/wifi-6-fpt/,VARIANT_MAPPED
modem wifi 6 fpt ưu nhược điểm,INFORMATIONAL,WIFI,/wifi-6-fpt/,VARIANT_MAPPED
modem wifi 6 fpt 2026,INFORMATIONAL,WIFI,/wifi-6-fpt/,VARIANT_MAPPED
xgs-pon fpt là gì,INFORMATIONAL,WIFI7,/xgs-pon-fpt/,VARIANT_MAPPED
xgs-pon fpt hoạt động thế nào,INFORMATIONAL,WIFI7,/xgs-pon-fpt/,VARIANT_MAPPED
xgs-pon fpt có gì mới,INFORMATIONAL,WIFI7,/xgs-pon-fpt/,VARIANT_MAPPED
xgs-pon fpt hướng dẫn,INFORMATIONAL,WIFI7,/xgs-pon-fpt/,VARIANT_MAPPED
xgs-pon fpt có nên dùng,INFORMATIONAL,WIFI7,/xgs-pon-fpt/,VARIANT_MAPPED
xgs-pon fpt ưu nhược điểm,INFORMATIONAL,WIFI7,/xgs-pon-fpt/,VARIANT_MAPPED
xgs-pon fpt 2026,INFORMATIONAL,WIFI7,/xgs-pon-fpt/,VARIANT_MAPPED
xgspon fpt là gì,INFORMATIONAL,WIFI7,/xgs-pon-fpt/,VARIANT_MAPPED
xgspon fpt hoạt động thế nào,INFORMATIONAL,WIFI7,/xgs-pon-fpt/,VARIANT_MAPPED
xgspon fpt có gì mới,INFORMATIONAL,WIFI7,/xgs-pon-fpt/,VARIANT_MAPPED
xgspon fpt hướng dẫn,INFORMATIONAL,WIFI7,/xgs-pon-fpt/,VARIANT_MAPPED
xgspon fpt có nên dùng,INFORMATIONAL,WIFI7,/xgs-pon-fpt/,VARIANT_MAPPED
xgspon fpt ưu nhược điểm,INFORMATIONAL,WIFI7,/xgs-pon-fpt/,VARIANT_MAPPED
xgspon fpt 2026,INFORMATIONAL,WIFI7,/xgs-pon-fpt/,VARIANT_MAPPED
wifi 7 xgspon là gì,INFORMATIONAL,WIFI7,/xgs-pon-fpt/,VARIANT_MAPPED
wifi 7 xgspon hoạt động thế nào,INFORMATIONAL,WIFI7,/xgs-pon-fpt/,VARIANT_MAPPED
wifi 7 xgspon có gì mới,INFORMATIONAL,WIFI7,/xgs-pon-fpt/,VARIANT_MAPPED
wifi 7 xgspon hướng dẫn,INFORMATIONAL,WIFI7,/xgs-pon-fpt/,VARIANT_MAPPED
wifi 7 xgspon có nên dùng,INFORMATIONAL,WIFI7,/xgs-pon-fpt/,VARIANT_MAPPED
wifi 7 xgspon ưu nhược điểm,INFORMATIONAL,WIFI7,/xgs-pon-fpt/,VARIANT_MAPPED
wifi 7 xgspon 2026,INFORMATIONAL,WIFI7,/xgs-pon-fpt/,VARIANT_MAPPED
speedx fpt review,COMMERCIAL,WIFI7,/speedx-fpt/,VARIANT_MAPPED
speedx fpt có tốt không,COMMERCIAL,WIFI7,/speedx-fpt/,VARIANT_MAPPED
speedx fpt phù hợp ai,COMMERCIAL,WIFI7,/speedx-fpt/,VARIANT_MAPPED
speedx fpt nên dùng không,COMMERCIAL,WIFI7,/speedx-fpt/,VARIANT_MAPPED
speedx fpt so sánh,COMMERCIAL,WIFI7,/speedx-fpt/,VARIANT_MAPPED
speedx fpt mới nhất 2026,COMMERCIAL,WIFI7,/speedx-fpt/,VARIANT_MAPPED
speedx fpt bao nhiêu tiền,COMMERCIAL,WIFI7,/speedx-fpt/,VARIANT_MAPPED
speedx2 fpt giá,COMMERCIAL,WIFI7,/speedx-fpt/,VARIANT_MAPPED
speedx2 fpt review,COMMERCIAL,WIFI7,/speedx-fpt/,VARIANT_MAPPED
speedx2 fpt có tốt không,COMMERCIAL,WIFI7,/speedx-fpt/,VARIANT_MAPPED
speedx2 fpt phù hợp ai,COMMERCIAL,WIFI7,/speedx-fpt/,VARIANT_MAPPED
speedx2 fpt nên dùng không,COMMERCIAL,WIFI7,/speedx-fpt/,VARIANT_MAPPED
speedx2 fpt so sánh,COMMERCIAL,WIFI7,/speedx-fpt/,VARIANT_MAPPED
speedx2 fpt đăng ký,COMMERCIAL,WIFI7,/speedx-fpt/,VARIANT_MAPPED
speedx2 fpt mới nhất 2026,COMMERCIAL,WIFI7,/speedx-fpt/,VARIANT_MAPPED
speedx2 fpt bao nhiêu tiền,COMMERCIAL,WIFI7,/speedx-fpt/,VARIANT_MAPPED
speedx10 fpt giá,COMMERCIAL,WIFI7,/speedx-fpt/,VARIANT_MAPPED
speedx10 fpt review,COMMERCIAL,WIFI7,/speedx-fpt/,VARIANT_MAPPED
speedx10 fpt có tốt không,COMMERCIAL,WIFI7,/speedx-fpt/,VARIANT_MAPPED
speedx10 fpt phù hợp ai,COMMERCIAL,WIFI7,/speedx-fpt/,VARIANT_MAPPED
speedx10 fpt nên dùng không,COMMERCIAL,WIFI7,/speedx-fpt/,VARIANT_MAPPED
speedx10 fpt so sánh,COMMERCIAL,WIFI7,/speedx-fpt/,VARIANT_MAPPED
speedx10 fpt đăng ký,COMMERCIAL,WIFI7,/speedx-fpt/,VARIANT_MAPPED
speedx10 fpt mới nhất 2026,COMMERCIAL,WIFI7,/speedx-fpt/,VARIANT_MAPPED
speedx10 fpt bao nhiêu tiền,COMMERCIAL,WIFI7,/speedx-fpt/,VARIANT_MAPPED
gói f-game fpt review,COMMERCIAL,PACKAGES,/goi-cuoc/f-game/,VARIANT_MAPPED
gói f-game fpt có tốt không,COMMERCIAL,PACKAGES,/goi-cuoc/f-game/,VARIANT_MAPPED
gói f-game fpt phù hợp ai,COMMERCIAL,PACKAGES,/goi-cuoc/f-game/,VARIANT_MAPPED
gói f-game fpt nên dùng không,COMMERCIAL,PACKAGES,/goi-cuoc/f-game/,VARIANT_MAPPED
gói f-game fpt so sánh,COMMERCIAL,PACKAGES,/goi-cuoc/f-game/,VARIANT_MAPPED
gói f-game fpt mới nhất 2026,COMMERCIAL,PACKAGES,/goi-cuoc/f-game/,VARIANT_MAPPED
gói f-game fpt bao nhiêu tiền,COMMERCIAL,PACKAGES,/goi-cuoc/f-game/,VARIANT_MAPPED
gói f-game fpt giá giá,COMMERCIAL,PACKAGES,/goi-cuoc/f-game/,VARIANT_MAPPED
gói f-game fpt giá review,COMMERCIAL,PACKAGES,/goi-cuoc/f-game/,VARIANT_MAPPED
gói f-game fpt giá có tốt không,COMMERCIAL,PACKAGES,/goi-cuoc/f-game/,VARIANT_MAPPED
gói f-game fpt giá phù hợp ai,COMMERCIAL,PACKAGES,/goi-cuoc/f-game/,VARIANT_MAPPED
gói f-game fpt giá nên dùng không,COMMERCIAL,PACKAGES,/goi-cuoc/f-game/,VARIANT_MAPPED
gói f-game fpt giá so sánh,COMMERCIAL,PACKAGES,/goi-cuoc/f-game/,VARIANT_MAPPED
gói f-game fpt giá đăng ký,COMMERCIAL,PACKAGES,/goi-cuoc/f-game/,VARIANT_MAPPED
gói f-game fpt giá mới nhất 2026,COMMERCIAL,PACKAGES,/goi-cuoc/f-game/,VARIANT_MAPPED
gói f-game fpt giá bao nhiêu tiền,COMMERCIAL,PACKAGES,/goi-cuoc/f-game/,VARIANT_MAPPED
gói f-game fpt đăng ký giá,COMMERCIAL,PACKAGES,/goi-cuoc/f-game/,VARIANT_MAPPED
gói f-game fpt đăng ký review,COMMERCIAL,PACKAGES,/goi-cuoc/f-game/,VARIANT_MAPPED
gói f-game fpt đăng ký có tốt không,COMMERCIAL,PACKAGES,/goi-cuoc/f-game/,VARIANT_MAPPED
gói f-game fpt đăng ký phù hợp ai,COMMERCIAL,PACKAGES,/goi-cuoc/f-game/,VARIANT_MAPPED
gói f-game fpt đăng ký nên dùng không,COMMERCIAL,PACKAGES,/goi-cuoc/f-game/,VARIANT_MAPPED
gói f-game fpt đăng ký so sánh,COMMERCIAL,PACKAGES,/goi-cuoc/f-game/,VARIANT_MAPPED
gói f-game fpt đăng ký đăng ký,COMMERCIAL,PACKAGES,/goi-cuoc/f-game/,VARIANT_MAPPED
gói f-game fpt đăng ký mới nhất 2026,COMMERCIAL,PACKAGES,/goi-cuoc/f-game/,VARIANT_MAPPED
gói f-game fpt đăng ký bao nhiêu tiền,COMMERCIAL,PACKAGES,/goi-cuoc/f-game/,VARIANT_MAPPED
combo giga fpt review,COMMERCIAL,PACKAGES,/goi-cuoc/combo-giga/,VARIANT_MAPPED
combo giga fpt có tốt không,COMMERCIAL,PACKAGES,/goi-cuoc/combo-giga/,VARIANT_MAPPED
combo giga fpt phù hợp ai,COMMERCIAL,PACKAGES,/goi-cuoc/combo-giga/,VARIANT_MAPPED
combo giga fpt nên dùng không,COMMERCIAL,PACKAGES,/goi-cuoc/combo-giga/,VARIANT_MAPPED
combo giga fpt so sánh,COMMERCIAL,PACKAGES,/goi-cuoc/combo-giga/,VARIANT_MAPPED
combo giga fpt mới nhất 2026,COMMERCIAL,PACKAGES,/goi-cuoc/combo-giga/,VARIANT_MAPPED
combo giga fpt bao nhiêu tiền,COMMERCIAL,PACKAGES,/goi-cuoc/combo-giga/,VARIANT_MAPPED
combo giga fpt giá giá,COMMERCIAL,PACKAGES,/goi-cuoc/combo-giga/,VARIANT_MAPPED
combo giga fpt giá review,COMMERCIAL,PACKAGES,/goi-cuoc/combo-giga/,VARIANT_MAPPED
combo giga fpt giá có tốt không,COMMERCIAL,PACKAGES,/goi-cuoc/combo-giga/,VARIANT_MAPPED
combo giga fpt giá phù hợp ai,COMMERCIAL,PACKAGES,/goi-cuoc/combo-giga/,VARIANT_MAPPED
combo giga fpt giá nên dùng không,COMMERCIAL,PACKAGES,/goi-cuoc/combo-giga/,VARIANT_MAPPED
combo giga fpt giá so sánh,COMMERCIAL,PACKAGES,/goi-cuoc/combo-giga/,VARIANT_MAPPED
combo giga fpt giá đăng ký,COMMERCIAL,PACKAGES,/goi-cuoc/combo-giga/,VARIANT_MAPPED
combo giga fpt giá mới nhất 2026,COMMERCIAL,PACKAGES,/goi-cuoc/combo-giga/,VARIANT_MAPPED
combo giga fpt giá bao nhiêu tiền,COMMERCIAL,PACKAGES,/goi-cuoc/combo-giga/,VARIANT_MAPPED
combo giga fpt đăng ký giá,COMMERCIAL,PACKAGES,/goi-cuoc/combo-giga/,VARIANT_MAPPED
combo giga fpt đăng ký review,COMMERCIAL,PACKAGES,/goi-cuoc/combo-giga/,VARIANT_MAPPED
combo giga fpt đăng ký có tốt không,COMMERCIAL,PACKAGES,/goi-cuoc/combo-giga/,VARIANT_MAPPED
combo giga fpt đăng ký phù hợp ai,COMMERCIAL,PACKAGES,/goi-cuoc/combo-giga/,VARIANT_MAPPED
combo giga fpt đăng ký nên dùng không,COMMERCIAL,PACKAGES,/goi-cuoc/combo-giga/,VARIANT_MAPPED
combo giga fpt đăng ký so sánh,COMMERCIAL,PACKAGES,/goi-cuoc/combo-giga/,VARIANT_MAPPED
combo giga fpt đăng ký đăng ký,COMMERCIAL,PACKAGES,/goi-cuoc/combo-giga/,VARIANT_MAPPED
combo giga fpt đăng ký mới nhất 2026,COMMERCIAL,PACKAGES,/goi-cuoc/combo-giga/,VARIANT_MAPPED
combo giga fpt đăng ký bao nhiêu tiền,COMMERCIAL,PACKAGES,/goi-cuoc/combo-giga/,VARIANT_MAPPED
combo sky fpt review,COMMERCIAL,PACKAGES,/goi-cuoc/combo-sky/,VARIANT_MAPPED
combo sky fpt có tốt không,COMMERCIAL,PACKAGES,/goi-cuoc/combo-sky/,VARIANT_MAPPED
combo sky fpt phù hợp ai,COMMERCIAL,PACKAGES,/goi-cuoc/combo-sky/,VARIANT_MAPPED
combo sky fpt nên dùng không,COMMERCIAL,PACKAGES,/goi-cuoc/combo-sky/,VARIANT_MAPPED
combo sky fpt so sánh,COMMERCIAL,PACKAGES,/goi-cuoc/combo-sky/,VARIANT_MAPPED
combo sky fpt mới nhất 2026,COMMERCIAL,PACKAGES,/goi-cuoc/combo-sky/,VARIANT_MAPPED
combo sky fpt bao nhiêu tiền,COMMERCIAL,PACKAGES,/goi-cuoc/combo-sky/,VARIANT_MAPPED
combo sky fpt giá giá,COMMERCIAL,PACKAGES,/goi-cuoc/combo-sky/,VARIANT_MAPPED
combo sky fpt giá review,COMMERCIAL,PACKAGES,/goi-cuoc/combo-sky/,VARIANT_MAPPED
combo sky fpt giá có tốt không,COMMERCIAL,PACKAGES,/goi-cuoc/combo-sky/,VARIANT_MAPPED
combo sky fpt giá phù hợp ai,COMMERCIAL,PACKAGES,/goi-cuoc/combo-sky/,VARIANT_MAPPED
combo sky fpt giá nên dùng không,COMMERCIAL,PACKAGES,/goi-cuoc/combo-sky/,VARIANT_MAPPED
combo sky fpt giá so sánh,COMMERCIAL,PACKAGES,/goi-cuoc/combo-sky/,VARIANT_MAPPED
combo sky fpt giá đăng ký,COMMERCIAL,PACKAGES,/goi-cuoc/combo-sky/,VARIANT_MAPPED
combo sky fpt giá mới nhất 2026,COMMERCIAL,PACKAGES,/goi-cuoc/combo-sky/,VARIANT_MAPPED
combo sky fpt giá bao nhiêu tiền,COMMERCIAL,PACKAGES,/goi-cuoc/combo-sky/,VARIANT_MAPPED
combo sky fpt đăng ký giá,COMMERCIAL,PACKAGES,/goi-cuoc/combo-sky/,VARIANT_MAPPED
combo sky fpt đăng ký review,COMMERCIAL,PACKAGES,/goi-cuoc/combo-sky/,VARIANT_MAPPED
combo sky fpt đăng ký có tốt không,COMMERCIAL,PACKAGES,/goi-cuoc/combo-sky/,VARIANT_MAPPED
combo sky fpt đăng ký phù hợp ai,COMMERCIAL,PACKAGES,/goi-cuoc/combo-sky/,VARIANT_MAPPED
combo sky fpt đăng ký nên dùng không,COMMERCIAL,PACKAGES,/goi-cuoc/combo-sky/,VARIANT_MAPPED
combo sky fpt đăng ký so sánh,COMMERCIAL,PACKAGES,/goi-cuoc/combo-sky/,VARIANT_MAPPED
combo sky fpt đăng ký đăng ký,COMMERCIAL,PACKAGES,/goi-cuoc/combo-sky/,VARIANT_MAPPED
combo sky fpt đăng ký mới nhất 2026,COMMERCIAL,PACKAGES,/goi-cuoc/combo-sky/,VARIANT_MAPPED
combo sky fpt đăng ký bao nhiêu tiền,COMMERCIAL,PACKAGES,/goi-cuoc/combo-sky/,VARIANT_MAPPED
combo meta fpt review,COMMERCIAL,PACKAGES,/goi-cuoc/combo-meta/,VARIANT_MAPPED
combo meta fpt có tốt không,COMMERCIAL,PACKAGES,/goi-cuoc/combo-meta/,VARIANT_MAPPED
combo meta fpt phù hợp ai,COMMERCIAL,PACKAGES,/goi-cuoc/combo-meta/,VARIANT_MAPPED
combo meta fpt nên dùng không,COMMERCIAL,PACKAGES,/goi-cuoc/combo-meta/,VARIANT_MAPPED
combo meta fpt so sánh,COMMERCIAL,PACKAGES,/goi-cuoc/combo-meta/,VARIANT_MAPPED
combo meta fpt mới nhất 2026,COMMERCIAL,PACKAGES,/goi-cuoc/combo-meta/,VARIANT_MAPPED
combo meta fpt bao nhiêu tiền,COMMERCIAL,PACKAGES,/goi-cuoc/combo-meta/,VARIANT_MAPPED
combo meta fpt giá giá,COMMERCIAL,PACKAGES,/goi-cuoc/combo-meta/,VARIANT_MAPPED
combo meta fpt giá review,COMMERCIAL,PACKAGES,/goi-cuoc/combo-meta/,VARIANT_MAPPED
combo meta fpt giá có tốt không,COMMERCIAL,PACKAGES,/goi-cuoc/combo-meta/,VARIANT_MAPPED
combo meta fpt giá phù hợp ai,COMMERCIAL,PACKAGES,/goi-cuoc/combo-meta/,VARIANT_MAPPED
combo meta fpt giá nên dùng không,COMMERCIAL,PACKAGES,/goi-cuoc/combo-meta/,VARIANT_MAPPED
combo meta fpt giá so sánh,COMMERCIAL,PACKAGES,/goi-cuoc/combo-meta/,VARIANT_MAPPED
combo meta fpt giá đăng ký,COMMERCIAL,PACKAGES,/goi-cuoc/combo-meta/,VARIANT_MAPPED
combo meta fpt giá mới nhất 2026,COMMERCIAL,PACKAGES,/goi-cuoc/combo-meta/,VARIANT_MAPPED
combo meta fpt giá bao nhiêu tiền,COMMERCIAL,PACKAGES,/goi-cuoc/combo-meta/,VARIANT_MAPPED
combo meta fpt đăng ký giá,COMMERCIAL,PACKAGES,/goi-cuoc/combo-meta/,VARIANT_MAPPED
combo meta fpt đăng ký review,COMMERCIAL,PACKAGES,/goi-cuoc/combo-meta/,VARIANT_MAPPED
combo meta fpt đăng ký có tốt không,COMMERCIAL,PACKAGES,/goi-cuoc/combo-meta/,VARIANT_MAPPED
combo meta fpt đăng ký phù hợp ai,COMMERCIAL,PACKAGES,/goi-cuoc/combo-meta/,VARIANT_MAPPED
combo meta fpt đăng ký nên dùng không,COMMERCIAL,PACKAGES,/goi-cuoc/combo-meta/,VARIANT_MAPPED
combo meta fpt đăng ký so sánh,COMMERCIAL,PACKAGES,/goi-cuoc/combo-meta/,VARIANT_MAPPED
combo meta fpt đăng ký đăng ký,COMMERCIAL,PACKAGES,/goi-cuoc/combo-meta/,VARIANT_MAPPED
combo meta fpt đăng ký mới nhất 2026,COMMERCIAL,PACKAGES,/goi-cuoc/combo-meta/,VARIANT_MAPPED
combo meta fpt đăng ký bao nhiêu tiền,COMMERCIAL,PACKAGES,/goi-cuoc/combo-meta/,VARIANT_MAPPED
combo f-game fpt review,COMMERCIAL,PACKAGES,/goi-cuoc/combo-f-game/,VARIANT_MAPPED
combo f-game fpt có tốt không,COMMERCIAL,PACKAGES,/goi-cuoc/combo-f-game/,VARIANT_MAPPED
combo f-game fpt phù hợp ai,COMMERCIAL,PACKAGES,/goi-cuoc/combo-f-game/,VARIANT_MAPPED
combo f-game fpt nên dùng không,COMMERCIAL,PACKAGES,/goi-cuoc/combo-f-game/,VARIANT_MAPPED
combo f-game fpt so sánh,COMMERCIAL,PACKAGES,/goi-cuoc/combo-f-game/,VARIANT_MAPPED
combo f-game fpt mới nhất 2026,COMMERCIAL,PACKAGES,/goi-cuoc/combo-f-game/,VARIANT_MAPPED
combo f-game fpt bao nhiêu tiền,COMMERCIAL,PACKAGES,/goi-cuoc/combo-f-game/,VARIANT_MAPPED
combo f-game fpt giá giá,COMMERCIAL,PACKAGES,/goi-cuoc/combo-f-game/,VARIANT_MAPPED
combo f-game fpt giá review,COMMERCIAL,PACKAGES,/goi-cuoc/combo-f-game/,VARIANT_MAPPED
combo f-game fpt giá có tốt không,COMMERCIAL,PACKAGES,/goi-cuoc/combo-f-game/,VARIANT_MAPPED
combo f-game fpt giá phù hợp ai,COMMERCIAL,PACKAGES,/goi-cuoc/combo-f-game/,VARIANT_MAPPED
combo f-game fpt giá nên dùng không,COMMERCIAL,PACKAGES,/goi-cuoc/combo-f-game/,VARIANT_MAPPED
combo f-game fpt giá so sánh,COMMERCIAL,PACKAGES,/goi-cuoc/combo-f-game/,VARIANT_MAPPED
combo f-game fpt giá đăng ký,COMMERCIAL,PACKAGES,/goi-cuoc/combo-f-game/,VARIANT_MAPPED
combo f-game fpt giá mới nhất 2026,COMMERCIAL,PACKAGES,/goi-cuoc/combo-f-game/,VARIANT_MAPPED
combo f-game fpt giá bao nhiêu tiền,COMMERCIAL,PACKAGES,/goi-cuoc/combo-f-game/,VARIANT_MAPPED
combo f-game fpt đăng ký giá,COMMERCIAL,PACKAGES,/goi-cuoc/combo-f-game/,VARIANT_MAPPED
combo f-game fpt đăng ký review,COMMERCIAL,PACKAGES,/goi-cuoc/combo-f-game/,VARIANT_MAPPED
combo f-game fpt đăng ký có tốt không,COMMERCIAL,PACKAGES,/goi-cuoc/combo-f-game/,VARIANT_MAPPED
combo f-game fpt đăng ký phù hợp ai,COMMERCIAL,PACKAGES,/goi-cuoc/combo-f-game/,VARIANT_MAPPED
combo f-game fpt đăng ký nên dùng không,COMMERCIAL,PACKAGES,/goi-cuoc/combo-f-game/,VARIANT_MAPPED
combo f-game fpt đăng ký so sánh,COMMERCIAL,PACKAGES,/goi-cuoc/combo-f-game/,VARIANT_MAPPED
combo f-game fpt đăng ký đăng ký,COMMERCIAL,PACKAGES,/goi-cuoc/combo-f-game/,VARIANT_MAPPED
combo f-game fpt đăng ký mới nhất 2026,COMMERCIAL,PACKAGES,/goi-cuoc/combo-f-game/,VARIANT_MAPPED
combo f-game fpt đăng ký bao nhiêu tiền,COMMERCIAL,PACKAGES,/goi-cuoc/combo-f-game/,VARIANT_MAPPED
speedx2 fpt review,COMMERCIAL,PACKAGES,/goi-cuoc/speedx2/,VARIANT_MAPPED
speedx2 fpt có tốt không,COMMERCIAL,PACKAGES,/goi-cuoc/speedx2/,VARIANT_MAPPED
speedx2 fpt phù hợp ai,COMMERCIAL,PACKAGES,/goi-cuoc/speedx2/,VARIANT_MAPPED
speedx2 fpt nên dùng không,COMMERCIAL,PACKAGES,/goi-cuoc/speedx2/,VARIANT_MAPPED
speedx2 fpt so sánh,COMMERCIAL,PACKAGES,/goi-cuoc/speedx2/,VARIANT_MAPPED
speedx2 fpt mới nhất 2026,COMMERCIAL,PACKAGES,/goi-cuoc/speedx2/,VARIANT_MAPPED
speedx2 fpt bao nhiêu tiền,COMMERCIAL,PACKAGES,/goi-cuoc/speedx2/,VARIANT_MAPPED
speedx2 fpt giá giá,COMMERCIAL,PACKAGES,/goi-cuoc/speedx2/,VARIANT_MAPPED
speedx2 fpt giá review,COMMERCIAL,PACKAGES,/goi-cuoc/speedx2/,VARIANT_MAPPED
speedx2 fpt giá có tốt không,COMMERCIAL,PACKAGES,/goi-cuoc/speedx2/,VARIANT_MAPPED
speedx2 fpt giá phù hợp ai,COMMERCIAL,PACKAGES,/goi-cuoc/speedx2/,VARIANT_MAPPED
speedx2 fpt giá nên dùng không,COMMERCIAL,PACKAGES,/goi-cuoc/speedx2/,VARIANT_MAPPED
speedx2 fpt giá so sánh,COMMERCIAL,PACKAGES,/goi-cuoc/speedx2/,VARIANT_MAPPED
speedx2 fpt giá đăng ký,COMMERCIAL,PACKAGES,/goi-cuoc/speedx2/,VARIANT_MAPPED
speedx2 fpt giá mới nhất 2026,COMMERCIAL,PACKAGES,/goi-cuoc/speedx2/,VARIANT_MAPPED
speedx2 fpt giá bao nhiêu tiền,COMMERCIAL,PACKAGES,/goi-cuoc/speedx2/,VARIANT_MAPPED
speedx2 fpt đăng ký giá,COMMERCIAL,PACKAGES,/goi-cuoc/speedx2/,VARIANT_MAPPED
speedx2 fpt đăng ký review,COMMERCIAL,PACKAGES,/goi-cuoc/speedx2/,VARIANT_MAPPED
speedx2 fpt đăng ký có tốt không,COMMERCIAL,PACKAGES,/goi-cuoc/speedx2/,VARIANT_MAPPED
speedx2 fpt đăng ký phù hợp ai,COMMERCIAL,PACKAGES,/goi-cuoc/speedx2/,VARIANT_MAPPED
speedx2 fpt đăng ký nên dùng không,COMMERCIAL,PACKAGES,/goi-cuoc/speedx2/,VARIANT_MAPPED
speedx2 fpt đăng ký so sánh,COMMERCIAL,PACKAGES,/goi-cuoc/speedx2/,VARIANT_MAPPED
speedx2 fpt đăng ký đăng ký,COMMERCIAL,PACKAGES,/goi-cuoc/speedx2/,VARIANT_MAPPED
speedx2 fpt đăng ký mới nhất 2026,COMMERCIAL,PACKAGES,/goi-cuoc/speedx2/,VARIANT_MAPPED
speedx2 fpt đăng ký bao nhiêu tiền,COMMERCIAL,PACKAGES,/goi-cuoc/speedx2/,VARIANT_MAPPED
speedx2 pro fpt review,COMMERCIAL,PACKAGES,/goi-cuoc/speedx2-pro/,VARIANT_MAPPED
speedx2 pro fpt có tốt không,COMMERCIAL,PACKAGES,/goi-cuoc/speedx2-pro/,VARIANT_MAPPED
speedx2 pro fpt phù hợp ai,COMMERCIAL,PACKAGES,/goi-cuoc/speedx2-pro/,VARIANT_MAPPED
speedx2 pro fpt nên dùng không,COMMERCIAL,PACKAGES,/goi-cuoc/speedx2-pro/,VARIANT_MAPPED
speedx2 pro fpt so sánh,COMMERCIAL,PACKAGES,/goi-cuoc/speedx2-pro/,VARIANT_MAPPED
speedx2 pro fpt mới nhất 2026,COMMERCIAL,PACKAGES,/goi-cuoc/speedx2-pro/,VARIANT_MAPPED
speedx2 pro fpt bao nhiêu tiền,COMMERCIAL,PACKAGES,/goi-cuoc/speedx2-pro/,VARIANT_MAPPED
speedx2 pro fpt giá giá,COMMERCIAL,PACKAGES,/goi-cuoc/speedx2-pro/,VARIANT_MAPPED
speedx2 pro fpt giá review,COMMERCIAL,PACKAGES,/goi-cuoc/speedx2-pro/,VARIANT_MAPPED
speedx2 pro fpt giá có tốt không,COMMERCIAL,PACKAGES,/goi-cuoc/speedx2-pro/,VARIANT_MAPPED
speedx2 pro fpt giá phù hợp ai,COMMERCIAL,PACKAGES,/goi-cuoc/speedx2-pro/,VARIANT_MAPPED
speedx2 pro fpt giá nên dùng không,COMMERCIAL,PACKAGES,/goi-cuoc/speedx2-pro/,VARIANT_MAPPED
speedx2 pro fpt giá so sánh,COMMERCIAL,PACKAGES,/goi-cuoc/speedx2-pro/,VARIANT_MAPPED
speedx2 pro fpt giá đăng ký,COMMERCIAL,PACKAGES,/goi-cuoc/speedx2-pro/,VARIANT_MAPPED
speedx2 pro fpt giá mới nhất 2026,COMMERCIAL,PACKAGES,/goi-cuoc/speedx2-pro/,VARIANT_MAPPED
speedx2 pro fpt giá bao nhiêu tiền,COMMERCIAL,PACKAGES,/goi-cuoc/speedx2-pro/,VARIANT_MAPPED
speedx2 pro fpt đăng ký giá,COMMERCIAL,PACKAGES,/goi-cuoc/speedx2-pro/,VARIANT_MAPPED
speedx2 pro fpt đăng ký review,COMMERCIAL,PACKAGES,/goi-cuoc/speedx2-pro/,VARIANT_MAPPED
speedx2 pro fpt đăng ký có tốt không,COMMERCIAL,PACKAGES,/goi-cuoc/speedx2-pro/,VARIANT_MAPPED
speedx2 pro fpt đăng ký phù hợp ai,COMMERCIAL,PACKAGES,/goi-cuoc/speedx2-pro/,VARIANT_MAPPED
speedx2 pro fpt đăng ký nên dùng không,COMMERCIAL,PACKAGES,/goi-cuoc/speedx2-pro/,VARIANT_MAPPED
speedx2 pro fpt đăng ký so sánh,COMMERCIAL,PACKAGES,/goi-cuoc/speedx2-pro/,VARIANT_MAPPED
speedx2 pro fpt đăng ký đăng ký,COMMERCIAL,PACKAGES,/goi-cuoc/speedx2-pro/,VARIANT_MAPPED
speedx2 pro fpt đăng ký mới nhất 2026,COMMERCIAL,PACKAGES,/goi-cuoc/speedx2-pro/,VARIANT_MAPPED
speedx2 pro fpt đăng ký bao nhiêu tiền,COMMERCIAL,PACKAGES,/goi-cuoc/speedx2-pro/,VARIANT_MAPPED
speedx10 fpt review,COMMERCIAL,PACKAGES,/goi-cuoc/speedx10/,VARIANT_MAPPED
speedx10 fpt có tốt không,COMMERCIAL,PACKAGES,/goi-cuoc/speedx10/,VARIANT_MAPPED
speedx10 fpt phù hợp ai,COMMERCIAL,PACKAGES,/goi-cuoc/speedx10/,VARIANT_MAPPED
speedx10 fpt nên dùng không,COMMERCIAL,PACKAGES,/goi-cuoc/speedx10/,VARIANT_MAPPED
speedx10 fpt so sánh,COMMERCIAL,PACKAGES,/goi-cuoc/speedx10/,VARIANT_MAPPED
speedx10 fpt mới nhất 2026,COMMERCIAL,PACKAGES,/goi-cuoc/speedx10/,VARIANT_MAPPED
speedx10 fpt bao nhiêu tiền,COMMERCIAL,PACKAGES,/goi-cuoc/speedx10/,VARIANT_MAPPED
speedx10 fpt giá giá,COMMERCIAL,PACKAGES,/goi-cuoc/speedx10/,VARIANT_MAPPED
speedx10 fpt giá review,COMMERCIAL,PACKAGES,/goi-cuoc/speedx10/,VARIANT_MAPPED
speedx10 fpt giá có tốt không,COMMERCIAL,PACKAGES,/goi-cuoc/speedx10/,VARIANT_MAPPED
speedx10 fpt giá phù hợp ai,COMMERCIAL,PACKAGES,/goi-cuoc/speedx10/,VARIANT_MAPPED
speedx10 fpt giá nên dùng không,COMMERCIAL,PACKAGES,/goi-cuoc/speedx10/,VARIANT_MAPPED
speedx10 fpt giá so sánh,COMMERCIAL,PACKAGES,/goi-cuoc/speedx10/,VARIANT_MAPPED
speedx10 fpt giá đăng ký,COMMERCIAL,PACKAGES,/goi-cuoc/speedx10/,VARIANT_MAPPED
speedx10 fpt giá mới nhất 2026,COMMERCIAL,PACKAGES,/goi-cuoc/speedx10/,VARIANT_MAPPED
speedx10 fpt giá bao nhiêu tiền,COMMERCIAL,PACKAGES,/goi-cuoc/speedx10/,VARIANT_MAPPED
speedx10 fpt đăng ký giá,COMMERCIAL,PACKAGES,/goi-cuoc/speedx10/,VARIANT_MAPPED
speedx10 fpt đăng ký review,COMMERCIAL,PACKAGES,/goi-cuoc/speedx10/,VARIANT_MAPPED
speedx10 fpt đăng ký có tốt không,COMMERCIAL,PACKAGES,/goi-cuoc/speedx10/,VARIANT_MAPPED
speedx10 fpt đăng ký phù hợp ai,COMMERCIAL,PACKAGES,/goi-cuoc/speedx10/,VARIANT_MAPPED
speedx10 fpt đăng ký nên dùng không,COMMERCIAL,PACKAGES,/goi-cuoc/speedx10/,VARIANT_MAPPED
speedx10 fpt đăng ký so sánh,COMMERCIAL,PACKAGES,/goi-cuoc/speedx10/,VARIANT_MAPPED
speedx10 fpt đăng ký đăng ký,COMMERCIAL,PACKAGES,/goi-cuoc/speedx10/,VARIANT_MAPPED
speedx10 fpt đăng ký mới nhất 2026,COMMERCIAL,PACKAGES,/goi-cuoc/speedx10/,VARIANT_MAPPED
speedx10 fpt đăng ký bao nhiêu tiền,COMMERCIAL,PACKAGES,/goi-cuoc/speedx10/,VARIANT_MAPPED
speedx10 pro fpt review,COMMERCIAL,PACKAGES,/goi-cuoc/speedx10-pro/,VARIANT_MAPPED
speedx10 pro fpt có tốt không,COMMERCIAL,PACKAGES,/goi-cuoc/speedx10-pro/,VARIANT_MAPPED
speedx10 pro fpt phù hợp ai,COMMERCIAL,PACKAGES,/goi-cuoc/speedx10-pro/,VARIANT_MAPPED
speedx10 pro fpt nên dùng không,COMMERCIAL,PACKAGES,/goi-cuoc/speedx10-pro/,VARIANT_MAPPED
speedx10 pro fpt so sánh,COMMERCIAL,PACKAGES,/goi-cuoc/speedx10-pro/,VARIANT_MAPPED
speedx10 pro fpt mới nhất 2026,COMMERCIAL,PACKAGES,/goi-cuoc/speedx10-pro/,VARIANT_MAPPED
speedx10 pro fpt bao nhiêu tiền,COMMERCIAL,PACKAGES,/goi-cuoc/speedx10-pro/,VARIANT_MAPPED
speedx10 pro fpt giá giá,COMMERCIAL,PACKAGES,/goi-cuoc/speedx10-pro/,VARIANT_MAPPED
speedx10 pro fpt giá review,COMMERCIAL,PACKAGES,/goi-cuoc/speedx10-pro/,VARIANT_MAPPED
speedx10 pro fpt giá có tốt không,COMMERCIAL,PACKAGES,/goi-cuoc/speedx10-pro/,VARIANT_MAPPED
speedx10 pro fpt giá phù hợp ai,COMMERCIAL,PACKAGES,/goi-cuoc/speedx10-pro/,VARIANT_MAPPED
speedx10 pro fpt giá nên dùng không,COMMERCIAL,PACKAGES,/goi-cuoc/speedx10-pro/,VARIANT_MAPPED
speedx10 pro fpt giá so sánh,COMMERCIAL,PACKAGES,/goi-cuoc/speedx10-pro/,VARIANT_MAPPED
speedx10 pro fpt giá đăng ký,COMMERCIAL,PACKAGES,/goi-cuoc/speedx10-pro/,VARIANT_MAPPED
speedx10 pro fpt giá mới nhất 2026,COMMERCIAL,PACKAGES,/goi-cuoc/speedx10-pro/,VARIANT_MAPPED
speedx10 pro fpt giá bao nhiêu tiền,COMMERCIAL,PACKAGES,/goi-cuoc/speedx10-pro/,VARIANT_MAPPED
speedx10 pro fpt đăng ký giá,COMMERCIAL,PACKAGES,/goi-cuoc/speedx10-pro/,VARIANT_MAPPED
speedx10 pro fpt đăng ký review,COMMERCIAL,PACKAGES,/goi-cuoc/speedx10-pro/,VARIANT_MAPPED
speedx10 pro fpt đăng ký có tốt không,COMMERCIAL,PACKAGES,/goi-cuoc/speedx10-pro/,VARIANT_MAPPED
speedx10 pro fpt đăng ký phù hợp ai,COMMERCIAL,PACKAGES,/goi-cuoc/speedx10-pro/,VARIANT_MAPPED
speedx10 pro fpt đăng ký nên dùng không,COMMERCIAL,PACKAGES,/goi-cuoc/speedx10-pro/,VARIANT_MAPPED
speedx10 pro fpt đăng ký so sánh,COMMERCIAL,PACKAGES,/goi-cuoc/speedx10-pro/,VARIANT_MAPPED
speedx10 pro fpt đăng ký đăng ký,COMMERCIAL,PACKAGES,/goi-cuoc/speedx10-pro/,VARIANT_MAPPED
speedx10 pro fpt đăng ký mới nhất 2026,COMMERCIAL,PACKAGES,/goi-cuoc/speedx10-pro/,VARIANT_MAPPED
speedx10 pro fpt đăng ký bao nhiêu tiền,COMMERCIAL,PACKAGES,/goi-cuoc/speedx10-pro/,VARIANT_MAPPED
camera play 3 fpt review,COMMERCIAL,CAMERA,/camera-fpt/play-3/,VARIANT_MAPPED
camera play 3 fpt có tốt không,COMMERCIAL,CAMERA,/camera-fpt/play-3/,VARIANT_MAPPED
camera play 3 fpt phù hợp ai,COMMERCIAL,CAMERA,/camera-fpt/play-3/,VARIANT_MAPPED
camera play 3 fpt nên dùng không,COMMERCIAL,CAMERA,/camera-fpt/play-3/,VARIANT_MAPPED
camera play 3 fpt so sánh,COMMERCIAL,CAMERA,/camera-fpt/play-3/,VARIANT_MAPPED
camera play 3 fpt mới nhất 2026,COMMERCIAL,CAMERA,/camera-fpt/play-3/,VARIANT_MAPPED
camera play 3 fpt bao nhiêu tiền,COMMERCIAL,CAMERA,/camera-fpt/play-3/,VARIANT_MAPPED
camera play 3 fpt giá giá,COMMERCIAL,CAMERA,/camera-fpt/play-3/,VARIANT_MAPPED
camera play 3 fpt giá review,COMMERCIAL,CAMERA,/camera-fpt/play-3/,VARIANT_MAPPED
camera play 3 fpt giá có tốt không,COMMERCIAL,CAMERA,/camera-fpt/play-3/,VARIANT_MAPPED
camera play 3 fpt giá phù hợp ai,COMMERCIAL,CAMERA,/camera-fpt/play-3/,VARIANT_MAPPED
camera play 3 fpt giá nên dùng không,COMMERCIAL,CAMERA,/camera-fpt/play-3/,VARIANT_MAPPED
camera play 3 fpt giá so sánh,COMMERCIAL,CAMERA,/camera-fpt/play-3/,VARIANT_MAPPED
camera play 3 fpt giá đăng ký,COMMERCIAL,CAMERA,/camera-fpt/play-3/,VARIANT_MAPPED
camera play 3 fpt giá mới nhất 2026,COMMERCIAL,CAMERA,/camera-fpt/play-3/,VARIANT_MAPPED
camera play 3 fpt giá bao nhiêu tiền,COMMERCIAL,CAMERA,/camera-fpt/play-3/,VARIANT_MAPPED
camera play 3 fpt đăng ký giá,COMMERCIAL,CAMERA,/camera-fpt/play-3/,VARIANT_MAPPED
camera play 3 fpt đăng ký review,COMMERCIAL,CAMERA,/camera-fpt/play-3/,VARIANT_MAPPED
camera play 3 fpt đăng ký có tốt không,COMMERCIAL,CAMERA,/camera-fpt/play-3/,VARIANT_MAPPED
camera play 3 fpt đăng ký phù hợp ai,COMMERCIAL,CAMERA,/camera-fpt/play-3/,VARIANT_MAPPED
camera play 3 fpt đăng ký nên dùng không,COMMERCIAL,CAMERA,/camera-fpt/play-3/,VARIANT_MAPPED
camera play 3 fpt đăng ký so sánh,COMMERCIAL,CAMERA,/camera-fpt/play-3/,VARIANT_MAPPED
camera play 3 fpt đăng ký đăng ký,COMMERCIAL,CAMERA,/camera-fpt/play-3/,VARIANT_MAPPED
camera play 3 fpt đăng ký mới nhất 2026,COMMERCIAL,CAMERA,/camera-fpt/play-3/,VARIANT_MAPPED
camera play 3 fpt đăng ký bao nhiêu tiền,COMMERCIAL,CAMERA,/camera-fpt/play-3/,VARIANT_MAPPED
camera play 4 fpt review,COMMERCIAL,CAMERA,/camera-fpt/play-4/,VARIANT_MAPPED
camera play 4 fpt có tốt không,COMMERCIAL,CAMERA,/camera-fpt/play-4/,VARIANT_MAPPED
camera play 4 fpt phù hợp ai,COMMERCIAL,CAMERA,/camera-fpt/play-4/,VARIANT_MAPPED
camera play 4 fpt nên dùng không,COMMERCIAL,CAMERA,/camera-fpt/play-4/,VARIANT_MAPPED
camera play 4 fpt so sánh,COMMERCIAL,CAMERA,/camera-fpt/play-4/,VARIANT_MAPPED
camera play 4 fpt mới nhất 2026,COMMERCIAL,CAMERA,/camera-fpt/play-4/,VARIANT_MAPPED
camera play 4 fpt bao nhiêu tiền,COMMERCIAL,CAMERA,/camera-fpt/play-4/,VARIANT_MAPPED
camera play 4 fpt giá giá,COMMERCIAL,CAMERA,/camera-fpt/play-4/,VARIANT_MAPPED
camera play 4 fpt giá review,COMMERCIAL,CAMERA,/camera-fpt/play-4/,VARIANT_MAPPED
camera play 4 fpt giá có tốt không,COMMERCIAL,CAMERA,/camera-fpt/play-4/,VARIANT_MAPPED
camera play 4 fpt giá phù hợp ai,COMMERCIAL,CAMERA,/camera-fpt/play-4/,VARIANT_MAPPED
camera play 4 fpt giá nên dùng không,COMMERCIAL,CAMERA,/camera-fpt/play-4/,VARIANT_MAPPED
camera play 4 fpt giá so sánh,COMMERCIAL,CAMERA,/camera-fpt/play-4/,VARIANT_MAPPED
camera play 4 fpt giá đăng ký,COMMERCIAL,CAMERA,/camera-fpt/play-4/,VARIANT_MAPPED
camera play 4 fpt giá mới nhất 2026,COMMERCIAL,CAMERA,/camera-fpt/play-4/,VARIANT_MAPPED
camera play 4 fpt giá bao nhiêu tiền,COMMERCIAL,CAMERA,/camera-fpt/play-4/,VARIANT_MAPPED
camera play 4 fpt đăng ký giá,COMMERCIAL,CAMERA,/camera-fpt/play-4/,VARIANT_MAPPED
camera play 4 fpt đăng ký review,COMMERCIAL,CAMERA,/camera-fpt/play-4/,VARIANT_MAPPED
camera play 4 fpt đăng ký có tốt không,COMMERCIAL,CAMERA,/camera-fpt/play-4/,VARIANT_MAPPED
camera play 4 fpt đăng ký phù hợp ai,COMMERCIAL,CAMERA,/camera-fpt/play-4/,VARIANT_MAPPED
camera play 4 fpt đăng ký nên dùng không,COMMERCIAL,CAMERA,/camera-fpt/play-4/,VARIANT_MAPPED
camera play 4 fpt đăng ký so sánh,COMMERCIAL,CAMERA,/camera-fpt/play-4/,VARIANT_MAPPED
camera play 4 fpt đăng ký đăng ký,COMMERCIAL,CAMERA,/camera-fpt/play-4/,VARIANT_MAPPED
camera play 4 fpt đăng ký mới nhất 2026,COMMERCIAL,CAMERA,/camera-fpt/play-4/,VARIANT_MAPPED
camera play 4 fpt đăng ký bao nhiêu tiền,COMMERCIAL,CAMERA,/camera-fpt/play-4/,VARIANT_MAPPED
mạng fpt cho gia đình review,COMMERCIAL,USE_FAMILY,/giai-phap/gia-dinh/,VARIANT_MAPPED
mạng fpt cho gia đình có tốt không,COMMERCIAL,USE_FAMILY,/giai-phap/gia-dinh/,VARIANT_MAPPED
mạng fpt cho gia đình phù hợp ai,COMMERCIAL,USE_FAMILY,/giai-phap/gia-dinh/,VARIANT_MAPPED
mạng fpt cho gia đình nên dùng không,COMMERCIAL,USE_FAMILY,/giai-phap/gia-dinh/,VARIANT_MAPPED
mạng fpt cho gia đình so sánh,COMMERCIAL,USE_FAMILY,/giai-phap/gia-dinh/,VARIANT_MAPPED
mạng fpt cho gia đình mới nhất 2026,COMMERCIAL,USE_FAMILY,/giai-phap/gia-dinh/,VARIANT_MAPPED
mạng fpt cho gia đình bao nhiêu tiền,COMMERCIAL,USE_FAMILY,/giai-phap/gia-dinh/,VARIANT_MAPPED
wifi fpt gia đình giá,COMMERCIAL,USE_FAMILY,/giai-phap/gia-dinh/,VARIANT_MAPPED
wifi fpt gia đình review,COMMERCIAL,USE_FAMILY,/giai-phap/gia-dinh/,VARIANT_MAPPED
wifi fpt gia đình có tốt không,COMMERCIAL,USE_FAMILY,/giai-phap/gia-dinh/,VARIANT_MAPPED
wifi fpt gia đình phù hợp ai,COMMERCIAL,USE_FAMILY,/giai-phap/gia-dinh/,VARIANT_MAPPED
wifi fpt gia đình nên dùng không,COMMERCIAL,USE_FAMILY,/giai-phap/gia-dinh/,VARIANT_MAPPED
wifi fpt gia đình so sánh,COMMERCIAL,USE_FAMILY,/giai-phap/gia-dinh/,VARIANT_MAPPED
wifi fpt gia đình đăng ký,COMMERCIAL,USE_FAMILY,/giai-phap/gia-dinh/,VARIANT_MAPPED
wifi fpt gia đình mới nhất 2026,COMMERCIAL,USE_FAMILY,/giai-phap/gia-dinh/,VARIANT_MAPPED
wifi fpt gia đình bao nhiêu tiền,COMMERCIAL,USE_FAMILY,/giai-phap/gia-dinh/,VARIANT_MAPPED
mạng fpt cho gia đình giá giá,COMMERCIAL,USE_FAMILY,/giai-phap/gia-dinh/,VARIANT_MAPPED
mạng fpt cho gia đình giá review,COMMERCIAL,USE_FAMILY,/giai-phap/gia-dinh/,VARIANT_MAPPED
mạng fpt cho gia đình giá có tốt không,COMMERCIAL,USE_FAMILY,/giai-phap/gia-dinh/,VARIANT_MAPPED
mạng fpt cho gia đình giá phù hợp ai,COMMERCIAL,USE_FAMILY,/giai-phap/gia-dinh/,VARIANT_MAPPED
mạng fpt cho gia đình giá nên dùng không,COMMERCIAL,USE_FAMILY,/giai-phap/gia-dinh/,VARIANT_MAPPED
mạng fpt cho gia đình giá so sánh,COMMERCIAL,USE_FAMILY,/giai-phap/gia-dinh/,VARIANT_MAPPED
mạng fpt cho gia đình giá đăng ký,COMMERCIAL,USE_FAMILY,/giai-phap/gia-dinh/,VARIANT_MAPPED
mạng fpt cho gia đình giá mới nhất 2026,COMMERCIAL,USE_FAMILY,/giai-phap/gia-dinh/,VARIANT_MAPPED
mạng fpt cho gia đình giá bao nhiêu tiền,COMMERCIAL,USE_FAMILY,/giai-phap/gia-dinh/,VARIANT_MAPPED
wifi fpt cho nhà nhiều tầng review,COMMERCIAL,USE_MULTIFLOOR,/giai-phap/nha-nhieu-tang/,VARIANT_MAPPED
wifi fpt cho nhà nhiều tầng có tốt không,COMMERCIAL,USE_MULTIFLOOR,/giai-phap/nha-nhieu-tang/,VARIANT_MAPPED
wifi fpt cho nhà nhiều tầng phù hợp ai,COMMERCIAL,USE_MULTIFLOOR,/giai-phap/nha-nhieu-tang/,VARIANT_MAPPED
wifi fpt cho nhà nhiều tầng nên dùng không,COMMERCIAL,USE_MULTIFLOOR,/giai-phap/nha-nhieu-tang/,VARIANT_MAPPED
wifi fpt cho nhà nhiều tầng so sánh,COMMERCIAL,USE_MULTIFLOOR,/giai-phap/nha-nhieu-tang/,VARIANT_MAPPED
wifi fpt cho nhà nhiều tầng mới nhất 2026,COMMERCIAL,USE_MULTIFLOOR,/giai-phap/nha-nhieu-tang/,VARIANT_MAPPED
wifi fpt cho nhà nhiều tầng bao nhiêu tiền,COMMERCIAL,USE_MULTIFLOOR,/giai-phap/nha-nhieu-tang/,VARIANT_MAPPED
wifi fpt nhà nhiều tầng giá,COMMERCIAL,USE_MULTIFLOOR,/giai-phap/nha-nhieu-tang/,VARIANT_MAPPED
wifi fpt nhà nhiều tầng review,COMMERCIAL,USE_MULTIFLOOR,/giai-phap/nha-nhieu-tang/,VARIANT_MAPPED
wifi fpt nhà nhiều tầng có tốt không,COMMERCIAL,USE_MULTIFLOOR,/giai-phap/nha-nhieu-tang/,VARIANT_MAPPED
wifi fpt nhà nhiều tầng phù hợp ai,COMMERCIAL,USE_MULTIFLOOR,/giai-phap/nha-nhieu-tang/,VARIANT_MAPPED
wifi fpt nhà nhiều tầng nên dùng không,COMMERCIAL,USE_MULTIFLOOR,/giai-phap/nha-nhieu-tang/,VARIANT_MAPPED
wifi fpt nhà nhiều tầng so sánh,COMMERCIAL,USE_MULTIFLOOR,/giai-phap/nha-nhieu-tang/,VARIANT_MAPPED
wifi fpt nhà nhiều tầng đăng ký,COMMERCIAL,USE_MULTIFLOOR,/giai-phap/nha-nhieu-tang/,VARIANT_MAPPED
wifi fpt nhà nhiều tầng mới nhất 2026,COMMERCIAL,USE_MULTIFLOOR,/giai-phap/nha-nhieu-tang/,VARIANT_MAPPED
wifi fpt nhà nhiều tầng bao nhiêu tiền,COMMERCIAL,USE_MULTIFLOOR,/giai-phap/nha-nhieu-tang/,VARIANT_MAPPED
mạng fpt nhà 3 tầng giá,COMMERCIAL,USE_MULTIFLOOR,/giai-phap/nha-nhieu-tang/,VARIANT_MAPPED
mạng fpt nhà 3 tầng review,COMMERCIAL,USE_MULTIFLOOR,/giai-phap/nha-nhieu-tang/,VARIANT_MAPPED
mạng fpt nhà 3 tầng có tốt không,COMMERCIAL,USE_MULTIFLOOR,/giai-phap/nha-nhieu-tang/,VARIANT_MAPPED
mạng fpt nhà 3 tầng phù hợp ai,COMMERCIAL,USE_MULTIFLOOR,/giai-phap/nha-nhieu-tang/,VARIANT_MAPPED
mạng fpt nhà 3 tầng nên dùng không,COMMERCIAL,USE_MULTIFLOOR,/giai-phap/nha-nhieu-tang/,VARIANT_MAPPED
mạng fpt nhà 3 tầng so sánh,COMMERCIAL,USE_MULTIFLOOR,/giai-phap/nha-nhieu-tang/,VARIANT_MAPPED
mạng fpt nhà 3 tầng đăng ký,COMMERCIAL,USE_MULTIFLOOR,/giai-phap/nha-nhieu-tang/,VARIANT_MAPPED
mạng fpt nhà 3 tầng mới nhất 2026,COMMERCIAL,USE_MULTIFLOOR,/giai-phap/nha-nhieu-tang/,VARIANT_MAPPED
mạng fpt nhà 3 tầng bao nhiêu tiền,COMMERCIAL,USE_MULTIFLOOR,/giai-phap/nha-nhieu-tang/,VARIANT_MAPPED
mạng fpt cho chung cư review,COMMERCIAL,USE_APARTMENT,/giai-phap/chung-cu/,VARIANT_MAPPED
mạng fpt cho chung cư có tốt không,COMMERCIAL,USE_APARTMENT,/giai-phap/chung-cu/,VARIANT_MAPPED
mạng fpt cho chung cư phù hợp ai,COMMERCIAL,USE_APARTMENT,/giai-phap/chung-cu/,VARIANT_MAPPED
mạng fpt cho chung cư nên dùng không,COMMERCIAL,USE_APARTMENT,/giai-phap/chung-cu/,VARIANT_MAPPED
mạng fpt cho chung cư so sánh,COMMERCIAL,USE_APARTMENT,/giai-phap/chung-cu/,VARIANT_MAPPED
mạng fpt cho chung cư mới nhất 2026,COMMERCIAL,USE_APARTMENT,/giai-phap/chung-cu/,VARIANT_MAPPED
mạng fpt cho chung cư bao nhiêu tiền,COMMERCIAL,USE_APARTMENT,/giai-phap/chung-cu/,VARIANT_MAPPED
mạng fpt chung cư giá,COMMERCIAL,USE_APARTMENT,/giai-phap/chung-cu/,VARIANT_MAPPED
mạng fpt chung cư review,COMMERCIAL,USE_APARTMENT,/giai-phap/chung-cu/,VARIANT_MAPPED
mạng fpt chung cư có tốt không,COMMERCIAL,USE_APARTMENT,/giai-phap/chung-cu/,VARIANT_MAPPED
mạng fpt chung cư phù hợp ai,COMMERCIAL,USE_APARTMENT,/giai-phap/chung-cu/,VARIANT_MAPPED
mạng fpt chung cư nên dùng không,COMMERCIAL,USE_APARTMENT,/giai-phap/chung-cu/,VARIANT_MAPPED
mạng fpt chung cư so sánh,COMMERCIAL,USE_APARTMENT,/giai-phap/chung-cu/,VARIANT_MAPPED
mạng fpt chung cư đăng ký,COMMERCIAL,USE_APARTMENT,/giai-phap/chung-cu/,VARIANT_MAPPED
mạng fpt chung cư mới nhất 2026,COMMERCIAL,USE_APARTMENT,/giai-phap/chung-cu/,VARIANT_MAPPED
mạng fpt chung cư bao nhiêu tiền,COMMERCIAL,USE_APARTMENT,/giai-phap/chung-cu/,VARIANT_MAPPED
internet fpt căn hộ giá,COMMERCIAL,USE_APARTMENT,/giai-phap/chung-cu/,VARIANT_MAPPED
internet fpt căn hộ review,COMMERCIAL,USE_APARTMENT,/giai-phap/chung-cu/,VARIANT_MAPPED
internet fpt căn hộ có tốt không,COMMERCIAL,USE_APARTMENT,/giai-phap/chung-cu/,VARIANT_MAPPED
internet fpt căn hộ phù hợp ai,COMMERCIAL,USE_APARTMENT,/giai-phap/chung-cu/,VARIANT_MAPPED
internet fpt căn hộ nên dùng không,COMMERCIAL,USE_APARTMENT,/giai-phap/chung-cu/,VARIANT_MAPPED
internet fpt căn hộ so sánh,COMMERCIAL,USE_APARTMENT,/giai-phap/chung-cu/,VARIANT_MAPPED
internet fpt căn hộ đăng ký,COMMERCIAL,USE_APARTMENT,/giai-phap/chung-cu/,VARIANT_MAPPED
internet fpt căn hộ mới nhất 2026,COMMERCIAL,USE_APARTMENT,/giai-phap/chung-cu/,VARIANT_MAPPED
internet fpt căn hộ bao nhiêu tiền,COMMERCIAL,USE_APARTMENT,/giai-phap/chung-cu/,VARIANT_MAPPED
mạng fpt cho game thủ review,COMMERCIAL,USE_GAME,/giai-phap/game-thu/,VARIANT_MAPPED
mạng fpt cho game thủ có tốt không,COMMERCIAL,USE_GAME,/giai-phap/game-thu/,VARIANT_MAPPED
mạng fpt cho game thủ phù hợp ai,COMMERCIAL,USE_GAME,/giai-phap/game-thu/,VARIANT_MAPPED
mạng fpt cho game thủ nên dùng không,COMMERCIAL,USE_GAME,/giai-phap/game-thu/,VARIANT_MAPPED
mạng fpt cho game thủ so sánh,COMMERCIAL,USE_GAME,/giai-phap/game-thu/,VARIANT_MAPPED
mạng fpt cho game thủ mới nhất 2026,COMMERCIAL,USE_GAME,/giai-phap/game-thu/,VARIANT_MAPPED
mạng fpt cho game thủ bao nhiêu tiền,COMMERCIAL,USE_GAME,/giai-phap/game-thu/,VARIANT_MAPPED
mạng fpt chơi game giá,COMMERCIAL,USE_GAME,/giai-phap/game-thu/,VARIANT_MAPPED
mạng fpt chơi game review,COMMERCIAL,USE_GAME,/giai-phap/game-thu/,VARIANT_MAPPED
mạng fpt chơi game có tốt không,COMMERCIAL,USE_GAME,/giai-phap/game-thu/,VARIANT_MAPPED
mạng fpt chơi game phù hợp ai,COMMERCIAL,USE_GAME,/giai-phap/game-thu/,VARIANT_MAPPED
mạng fpt chơi game nên dùng không,COMMERCIAL,USE_GAME,/giai-phap/game-thu/,VARIANT_MAPPED
mạng fpt chơi game so sánh,COMMERCIAL,USE_GAME,/giai-phap/game-thu/,VARIANT_MAPPED
mạng fpt chơi game đăng ký,COMMERCIAL,USE_GAME,/giai-phap/game-thu/,VARIANT_MAPPED
mạng fpt chơi game mới nhất 2026,COMMERCIAL,USE_GAME,/giai-phap/game-thu/,VARIANT_MAPPED
mạng fpt chơi game bao nhiêu tiền,COMMERCIAL,USE_GAME,/giai-phap/game-thu/,VARIANT_MAPPED
internet fpt game thủ giá,COMMERCIAL,USE_GAME,/giai-phap/game-thu/,VARIANT_MAPPED
internet fpt game thủ review,COMMERCIAL,USE_GAME,/giai-phap/game-thu/,VARIANT_MAPPED
internet fpt game thủ có tốt không,COMMERCIAL,USE_GAME,/giai-phap/game-thu/,VARIANT_MAPPED
internet fpt game thủ phù hợp ai,COMMERCIAL,USE_GAME,/giai-phap/game-thu/,VARIANT_MAPPED
internet fpt game thủ nên dùng không,COMMERCIAL,USE_GAME,/giai-phap/game-thu/,VARIANT_MAPPED
internet fpt game thủ so sánh,COMMERCIAL,USE_GAME,/giai-phap/game-thu/,VARIANT_MAPPED
internet fpt game thủ đăng ký,COMMERCIAL,USE_GAME,/giai-phap/game-thu/,VARIANT_MAPPED
internet fpt game thủ mới nhất 2026,COMMERCIAL,USE_GAME,/giai-phap/game-thu/,VARIANT_MAPPED
internet fpt game thủ bao nhiêu tiền,COMMERCIAL,USE_GAME,/giai-phap/game-thu/,VARIANT_MAPPED
mạng fpt cho livestream review,COMMERCIAL,USE_STREAM,/giai-phap/livestream/,VARIANT_MAPPED
mạng fpt cho livestream có tốt không,COMMERCIAL,USE_STREAM,/giai-phap/livestream/,VARIANT_MAPPED
mạng fpt cho livestream phù hợp ai,COMMERCIAL,USE_STREAM,/giai-phap/livestream/,VARIANT_MAPPED
mạng fpt cho livestream nên dùng không,COMMERCIAL,USE_STREAM,/giai-phap/livestream/,VARIANT_MAPPED
mạng fpt cho livestream so sánh,COMMERCIAL,USE_STREAM,/giai-phap/livestream/,VARIANT_MAPPED
mạng fpt cho livestream mới nhất 2026,COMMERCIAL,USE_STREAM,/giai-phap/livestream/,VARIANT_MAPPED
mạng fpt cho livestream bao nhiêu tiền,COMMERCIAL,USE_STREAM,/giai-phap/livestream/,VARIANT_MAPPED
mạng fpt livestream giá,COMMERCIAL,USE_STREAM,/giai-phap/livestream/,VARIANT_MAPPED
mạng fpt livestream review,COMMERCIAL,USE_STREAM,/giai-phap/livestream/,VARIANT_MAPPED
mạng fpt livestream có tốt không,COMMERCIAL,USE_STREAM,/giai-phap/livestream/,VARIANT_MAPPED
mạng fpt livestream phù hợp ai,COMMERCIAL,USE_STREAM,/giai-phap/livestream/,VARIANT_MAPPED
mạng fpt livestream nên dùng không,COMMERCIAL,USE_STREAM,/giai-phap/livestream/,VARIANT_MAPPED
mạng fpt livestream so sánh,COMMERCIAL,USE_STREAM,/giai-phap/livestream/,VARIANT_MAPPED
mạng fpt livestream đăng ký,COMMERCIAL,USE_STREAM,/giai-phap/livestream/,VARIANT_MAPPED
mạng fpt livestream mới nhất 2026,COMMERCIAL,USE_STREAM,/giai-phap/livestream/,VARIANT_MAPPED
mạng fpt livestream bao nhiêu tiền,COMMERCIAL,USE_STREAM,/giai-phap/livestream/,VARIANT_MAPPED
internet upload cao fpt giá,COMMERCIAL,USE_STREAM,/giai-phap/livestream/,VARIANT_MAPPED
internet upload cao fpt review,COMMERCIAL,USE_STREAM,/giai-phap/livestream/,VARIANT_MAPPED
internet upload cao fpt có tốt không,COMMERCIAL,USE_STREAM,/giai-phap/livestream/,VARIANT_MAPPED
internet upload cao fpt phù hợp ai,COMMERCIAL,USE_STREAM,/giai-phap/livestream/,VARIANT_MAPPED
internet upload cao fpt nên dùng không,COMMERCIAL,USE_STREAM,/giai-phap/livestream/,VARIANT_MAPPED
internet upload cao fpt so sánh,COMMERCIAL,USE_STREAM,/giai-phap/livestream/,VARIANT_MAPPED
internet upload cao fpt đăng ký,COMMERCIAL,USE_STREAM,/giai-phap/livestream/,VARIANT_MAPPED
internet upload cao fpt mới nhất 2026,COMMERCIAL,USE_STREAM,/giai-phap/livestream/,VARIANT_MAPPED
internet upload cao fpt bao nhiêu tiền,COMMERCIAL,USE_STREAM,/giai-phap/livestream/,VARIANT_MAPPED
mạng fpt cho camera review,COMMERCIAL,USE_CAMERA,/giai-phap/camera/,VARIANT_MAPPED
mạng fpt cho camera có tốt không,COMMERCIAL,USE_CAMERA,/giai-phap/camera/,VARIANT_MAPPED
mạng fpt cho camera phù hợp ai,COMMERCIAL,USE_CAMERA,/giai-phap/camera/,VARIANT_MAPPED
mạng fpt cho camera nên dùng không,COMMERCIAL,USE_CAMERA,/giai-phap/camera/,VARIANT_MAPPED
mạng fpt cho camera so sánh,COMMERCIAL,USE_CAMERA,/giai-phap/camera/,VARIANT_MAPPED
mạng fpt cho camera mới nhất 2026,COMMERCIAL,USE_CAMERA,/giai-phap/camera/,VARIANT_MAPPED
mạng fpt cho camera bao nhiêu tiền,COMMERCIAL,USE_CAMERA,/giai-phap/camera/,VARIANT_MAPPED
wifi cho camera giá,COMMERCIAL,USE_CAMERA,/giai-phap/camera/,VARIANT_MAPPED
wifi cho camera review,COMMERCIAL,USE_CAMERA,/giai-phap/camera/,VARIANT_MAPPED
wifi cho camera có tốt không,COMMERCIAL,USE_CAMERA,/giai-phap/camera/,VARIANT_MAPPED
wifi cho camera phù hợp ai,COMMERCIAL,USE_CAMERA,/giai-phap/camera/,VARIANT_MAPPED
wifi cho camera nên dùng không,COMMERCIAL,USE_CAMERA,/giai-phap/camera/,VARIANT_MAPPED
wifi cho camera so sánh,COMMERCIAL,USE_CAMERA,/giai-phap/camera/,VARIANT_MAPPED
wifi cho camera đăng ký,COMMERCIAL,USE_CAMERA,/giai-phap/camera/,VARIANT_MAPPED
wifi cho camera mới nhất 2026,COMMERCIAL,USE_CAMERA,/giai-phap/camera/,VARIANT_MAPPED
wifi cho camera bao nhiêu tiền,COMMERCIAL,USE_CAMERA,/giai-phap/camera/,VARIANT_MAPPED
mạng fpt cho camera giá giá,COMMERCIAL,USE_CAMERA,/giai-phap/camera/,VARIANT_MAPPED
mạng fpt cho camera giá review,COMMERCIAL,USE_CAMERA,/giai-phap/camera/,VARIANT_MAPPED
mạng fpt cho camera giá có tốt không,COMMERCIAL,USE_CAMERA,/giai-phap/camera/,VARIANT_MAPPED
mạng fpt cho camera giá phù hợp ai,COMMERCIAL,USE_CAMERA,/giai-phap/camera/,VARIANT_MAPPED
mạng fpt cho camera giá nên dùng không,COMMERCIAL,USE_CAMERA,/giai-phap/camera/,VARIANT_MAPPED
mạng fpt cho camera giá so sánh,COMMERCIAL,USE_CAMERA,/giai-phap/camera/,VARIANT_MAPPED
mạng fpt cho camera giá đăng ký,COMMERCIAL,USE_CAMERA,/giai-phap/camera/,VARIANT_MAPPED
mạng fpt cho camera giá mới nhất 2026,COMMERCIAL,USE_CAMERA,/giai-phap/camera/,VARIANT_MAPPED
mạng fpt cho camera giá bao nhiêu tiền,COMMERCIAL,USE_CAMERA,/giai-phap/camera/,VARIANT_MAPPED
internet fpt cho smart home review,COMMERCIAL,USE_SMARTHOME,/giai-phap/smart-home/,VARIANT_MAPPED
internet fpt cho smart home có tốt không,COMMERCIAL,USE_SMARTHOME,/giai-phap/smart-home/,VARIANT_MAPPED
internet fpt cho smart home phù hợp ai,COMMERCIAL,USE_SMARTHOME,/giai-phap/smart-home/,VARIANT_MAPPED
internet fpt cho smart home nên dùng không,COMMERCIAL,USE_SMARTHOME,/giai-phap/smart-home/,VARIANT_MAPPED
internet fpt cho smart home so sánh,COMMERCIAL,USE_SMARTHOME,/giai-phap/smart-home/,VARIANT_MAPPED
internet fpt cho smart home mới nhất 2026,COMMERCIAL,USE_SMARTHOME,/giai-phap/smart-home/,VARIANT_MAPPED
internet fpt cho smart home bao nhiêu tiền,COMMERCIAL,USE_SMARTHOME,/giai-phap/smart-home/,VARIANT_MAPPED
internet fpt smart home giá,COMMERCIAL,USE_SMARTHOME,/giai-phap/smart-home/,VARIANT_MAPPED
internet fpt smart home review,COMMERCIAL,USE_SMARTHOME,/giai-phap/smart-home/,VARIANT_MAPPED
internet fpt smart home có tốt không,COMMERCIAL,USE_SMARTHOME,/giai-phap/smart-home/,VARIANT_MAPPED
internet fpt smart home phù hợp ai,COMMERCIAL,USE_SMARTHOME,/giai-phap/smart-home/,VARIANT_MAPPED
internet fpt smart home nên dùng không,COMMERCIAL,USE_SMARTHOME,/giai-phap/smart-home/,VARIANT_MAPPED
internet fpt smart home so sánh,COMMERCIAL,USE_SMARTHOME,/giai-phap/smart-home/,VARIANT_MAPPED
internet fpt smart home đăng ký,COMMERCIAL,USE_SMARTHOME,/giai-phap/smart-home/,VARIANT_MAPPED
internet fpt smart home mới nhất 2026,COMMERCIAL,USE_SMARTHOME,/giai-phap/smart-home/,VARIANT_MAPPED
internet fpt smart home bao nhiêu tiền,COMMERCIAL,USE_SMARTHOME,/giai-phap/smart-home/,VARIANT_MAPPED
wifi fpt nhiều thiết bị giá,COMMERCIAL,USE_SMARTHOME,/giai-phap/smart-home/,VARIANT_MAPPED
wifi fpt nhiều thiết bị review,COMMERCIAL,USE_SMARTHOME,/giai-phap/smart-home/,VARIANT_MAPPED
wifi fpt nhiều thiết bị có tốt không,COMMERCIAL,USE_SMARTHOME,/giai-phap/smart-home/,VARIANT_MAPPED
wifi fpt nhiều thiết bị phù hợp ai,COMMERCIAL,USE_SMARTHOME,/giai-phap/smart-home/,VARIANT_MAPPED
wifi fpt nhiều thiết bị nên dùng không,COMMERCIAL,USE_SMARTHOME,/giai-phap/smart-home/,VARIANT_MAPPED
wifi fpt nhiều thiết bị so sánh,COMMERCIAL,USE_SMARTHOME,/giai-phap/smart-home/,VARIANT_MAPPED
wifi fpt nhiều thiết bị đăng ký,COMMERCIAL,USE_SMARTHOME,/giai-phap/smart-home/,VARIANT_MAPPED
wifi fpt nhiều thiết bị mới nhất 2026,COMMERCIAL,USE_SMARTHOME,/giai-phap/smart-home/,VARIANT_MAPPED
wifi fpt nhiều thiết bị bao nhiêu tiền,COMMERCIAL,USE_SMARTHOME,/giai-phap/smart-home/,VARIANT_MAPPED
mạng fpt cho văn phòng review,COMMERCIAL,USE_OFFICE,/giai-phap/van-phong/,VARIANT_MAPPED
mạng fpt cho văn phòng có tốt không,COMMERCIAL,USE_OFFICE,/giai-phap/van-phong/,VARIANT_MAPPED
mạng fpt cho văn phòng phù hợp ai,COMMERCIAL,USE_OFFICE,/giai-phap/van-phong/,VARIANT_MAPPED
mạng fpt cho văn phòng nên dùng không,COMMERCIAL,USE_OFFICE,/giai-phap/van-phong/,VARIANT_MAPPED
mạng fpt cho văn phòng so sánh,COMMERCIAL,USE_OFFICE,/giai-phap/van-phong/,VARIANT_MAPPED
mạng fpt cho văn phòng mới nhất 2026,COMMERCIAL,USE_OFFICE,/giai-phap/van-phong/,VARIANT_MAPPED
mạng fpt cho văn phòng bao nhiêu tiền,COMMERCIAL,USE_OFFICE,/giai-phap/van-phong/,VARIANT_MAPPED
mạng fpt văn phòng giá,COMMERCIAL,USE_OFFICE,/giai-phap/van-phong/,VARIANT_MAPPED
mạng fpt văn phòng review,COMMERCIAL,USE_OFFICE,/giai-phap/van-phong/,VARIANT_MAPPED
mạng fpt văn phòng có tốt không,COMMERCIAL,USE_OFFICE,/giai-phap/van-phong/,VARIANT_MAPPED
mạng fpt văn phòng phù hợp ai,COMMERCIAL,USE_OFFICE,/giai-phap/van-phong/,VARIANT_MAPPED
mạng fpt văn phòng nên dùng không,COMMERCIAL,USE_OFFICE,/giai-phap/van-phong/,VARIANT_MAPPED
mạng fpt văn phòng so sánh,COMMERCIAL,USE_OFFICE,/giai-phap/van-phong/,VARIANT_MAPPED
mạng fpt văn phòng đăng ký,COMMERCIAL,USE_OFFICE,/giai-phap/van-phong/,VARIANT_MAPPED
mạng fpt văn phòng mới nhất 2026,COMMERCIAL,USE_OFFICE,/giai-phap/van-phong/,VARIANT_MAPPED
mạng fpt văn phòng bao nhiêu tiền,COMMERCIAL,USE_OFFICE,/giai-phap/van-phong/,VARIANT_MAPPED
internet fpt văn phòng giá,COMMERCIAL,USE_OFFICE,/giai-phap/van-phong/,VARIANT_MAPPED
internet fpt văn phòng review,COMMERCIAL,USE_OFFICE,/giai-phap/van-phong/,VARIANT_MAPPED
internet fpt văn phòng có tốt không,COMMERCIAL,USE_OFFICE,/giai-phap/van-phong/,VARIANT_MAPPED
internet fpt văn phòng phù hợp ai,COMMERCIAL,USE_OFFICE,/giai-phap/van-phong/,VARIANT_MAPPED
internet fpt văn phòng nên dùng không,COMMERCIAL,USE_OFFICE,/giai-phap/van-phong/,VARIANT_MAPPED
internet fpt văn phòng so sánh,COMMERCIAL,USE_OFFICE,/giai-phap/van-phong/,VARIANT_MAPPED
internet fpt văn phòng đăng ký,COMMERCIAL,USE_OFFICE,/giai-phap/van-phong/,VARIANT_MAPPED
internet fpt văn phòng mới nhất 2026,COMMERCIAL,USE_OFFICE,/giai-phap/van-phong/,VARIANT_MAPPED
internet fpt văn phòng bao nhiêu tiền,COMMERCIAL,USE_OFFICE,/giai-phap/van-phong/,VARIANT_MAPPED
mạng fpt cho doanh nghiệp nhỏ review,COMMERCIAL,USE_SME,/giai-phap/doanh-nghiep-nho/,VARIANT_MAPPED
mạng fpt cho doanh nghiệp nhỏ có tốt không,COMMERCIAL,USE_SME,/giai-phap/doanh-nghiep-nho/,VARIANT_MAPPED
mạng fpt cho doanh nghiệp nhỏ phù hợp ai,COMMERCIAL,USE_SME,/giai-phap/doanh-nghiep-nho/,VARIANT_MAPPED
mạng fpt cho doanh nghiệp nhỏ nên dùng không,COMMERCIAL,USE_SME,/giai-phap/doanh-nghiep-nho/,VARIANT_MAPPED
mạng fpt cho doanh nghiệp nhỏ so sánh,COMMERCIAL,USE_SME,/giai-phap/doanh-nghiep-nho/,VARIANT_MAPPED
mạng fpt cho doanh nghiệp nhỏ mới nhất 2026,COMMERCIAL,USE_SME,/giai-phap/doanh-nghiep-nho/,VARIANT_MAPPED
mạng fpt cho doanh nghiệp nhỏ bao nhiêu tiền,COMMERCIAL,USE_SME,/giai-phap/doanh-nghiep-nho/,VARIANT_MAPPED
internet fpt doanh nghiệp nhỏ giá,COMMERCIAL,USE_SME,/giai-phap/doanh-nghiep-nho/,VARIANT_MAPPED
internet fpt doanh nghiệp nhỏ review,COMMERCIAL,USE_SME,/giai-phap/doanh-nghiep-nho/,VARIANT_MAPPED
internet fpt doanh nghiệp nhỏ có tốt không,COMMERCIAL,USE_SME,/giai-phap/doanh-nghiep-nho/,VARIANT_MAPPED
internet fpt doanh nghiệp nhỏ phù hợp ai,COMMERCIAL,USE_SME,/giai-phap/doanh-nghiep-nho/,VARIANT_MAPPED
internet fpt doanh nghiệp nhỏ nên dùng không,COMMERCIAL,USE_SME,/giai-phap/doanh-nghiep-nho/,VARIANT_MAPPED
internet fpt doanh nghiệp nhỏ so sánh,COMMERCIAL,USE_SME,/giai-phap/doanh-nghiep-nho/,VARIANT_MAPPED
internet fpt doanh nghiệp nhỏ đăng ký,COMMERCIAL,USE_SME,/giai-phap/doanh-nghiep-nho/,VARIANT_MAPPED
internet fpt doanh nghiệp nhỏ mới nhất 2026,COMMERCIAL,USE_SME,/giai-phap/doanh-nghiep-nho/,VARIANT_MAPPED
internet fpt doanh nghiệp nhỏ bao nhiêu tiền,COMMERCIAL,USE_SME,/giai-phap/doanh-nghiep-nho/,VARIANT_MAPPED
mạng fpt công ty giá,COMMERCIAL,USE_SME,/giai-phap/doanh-nghiep-nho/,VARIANT_MAPPED
mạng fpt công ty review,COMMERCIAL,USE_SME,/giai-phap/doanh-nghiep-nho/,VARIANT_MAPPED
mạng fpt công ty có tốt không,COMMERCIAL,USE_SME,/giai-phap/doanh-nghiep-nho/,VARIANT_MAPPED
mạng fpt công ty phù hợp ai,COMMERCIAL,USE_SME,/giai-phap/doanh-nghiep-nho/,VARIANT_MAPPED
mạng fpt công ty nên dùng không,COMMERCIAL,USE_SME,/giai-phap/doanh-nghiep-nho/,VARIANT_MAPPED
mạng fpt công ty so sánh,COMMERCIAL,USE_SME,/giai-phap/doanh-nghiep-nho/,VARIANT_MAPPED
mạng fpt công ty đăng ký,COMMERCIAL,USE_SME,/giai-phap/doanh-nghiep-nho/,VARIANT_MAPPED
mạng fpt công ty mới nhất 2026,COMMERCIAL,USE_SME,/giai-phap/doanh-nghiep-nho/,VARIANT_MAPPED
mạng fpt công ty bao nhiêu tiền,COMMERCIAL,USE_SME,/giai-phap/doanh-nghiep-nho/,VARIANT_MAPPED
mạng fpt cho quán cafe review,COMMERCIAL,USE_CAFE,/giai-phap/quan-cafe/,VARIANT_MAPPED
mạng fpt cho quán cafe có tốt không,COMMERCIAL,USE_CAFE,/giai-phap/quan-cafe/,VARIANT_MAPPED
mạng fpt cho quán cafe phù hợp ai,COMMERCIAL,USE_CAFE,/giai-phap/quan-cafe/,VARIANT_MAPPED
mạng fpt cho quán cafe nên dùng không,COMMERCIAL,USE_CAFE,/giai-phap/quan-cafe/,VARIANT_MAPPED
mạng fpt cho quán cafe so sánh,COMMERCIAL,USE_CAFE,/giai-phap/quan-cafe/,VARIANT_MAPPED
mạng fpt cho quán cafe mới nhất 2026,COMMERCIAL,USE_CAFE,/giai-phap/quan-cafe/,VARIANT_MAPPED
mạng fpt cho quán cafe bao nhiêu tiền,COMMERCIAL,USE_CAFE,/giai-phap/quan-cafe/,VARIANT_MAPPED
mạng fpt quán cafe giá,COMMERCIAL,USE_CAFE,/giai-phap/quan-cafe/,VARIANT_MAPPED
mạng fpt quán cafe review,COMMERCIAL,USE_CAFE,/giai-phap/quan-cafe/,VARIANT_MAPPED
mạng fpt quán cafe có tốt không,COMMERCIAL,USE_CAFE,/giai-phap/quan-cafe/,VARIANT_MAPPED
mạng fpt quán cafe phù hợp ai,COMMERCIAL,USE_CAFE,/giai-phap/quan-cafe/,VARIANT_MAPPED
mạng fpt quán cafe nên dùng không,COMMERCIAL,USE_CAFE,/giai-phap/quan-cafe/,VARIANT_MAPPED
mạng fpt quán cafe so sánh,COMMERCIAL,USE_CAFE,/giai-phap/quan-cafe/,VARIANT_MAPPED
mạng fpt quán cafe đăng ký,COMMERCIAL,USE_CAFE,/giai-phap/quan-cafe/,VARIANT_MAPPED
mạng fpt quán cafe mới nhất 2026,COMMERCIAL,USE_CAFE,/giai-phap/quan-cafe/,VARIANT_MAPPED
mạng fpt quán cafe bao nhiêu tiền,COMMERCIAL,USE_CAFE,/giai-phap/quan-cafe/,VARIANT_MAPPED
wifi quán cafe fpt giá,COMMERCIAL,USE_CAFE,/giai-phap/quan-cafe/,VARIANT_MAPPED
wifi quán cafe fpt review,COMMERCIAL,USE_CAFE,/giai-phap/quan-cafe/,VARIANT_MAPPED
wifi quán cafe fpt có tốt không,COMMERCIAL,USE_CAFE,/giai-phap/quan-cafe/,VARIANT_MAPPED
wifi quán cafe fpt phù hợp ai,COMMERCIAL,USE_CAFE,/giai-phap/quan-cafe/,VARIANT_MAPPED
wifi quán cafe fpt nên dùng không,COMMERCIAL,USE_CAFE,/giai-phap/quan-cafe/,VARIANT_MAPPED
wifi quán cafe fpt so sánh,COMMERCIAL,USE_CAFE,/giai-phap/quan-cafe/,VARIANT_MAPPED
wifi quán cafe fpt đăng ký,COMMERCIAL,USE_CAFE,/giai-phap/quan-cafe/,VARIANT_MAPPED
wifi quán cafe fpt mới nhất 2026,COMMERCIAL,USE_CAFE,/giai-phap/quan-cafe/,VARIANT_MAPPED
wifi quán cafe fpt bao nhiêu tiền,COMMERCIAL,USE_CAFE,/giai-phap/quan-cafe/,VARIANT_MAPPED
mạng fpt cho homestay review,COMMERCIAL,USE_HOMESTAY,/giai-phap/homestay/,VARIANT_MAPPED
mạng fpt cho homestay có tốt không,COMMERCIAL,USE_HOMESTAY,/giai-phap/homestay/,VARIANT_MAPPED
mạng fpt cho homestay phù hợp ai,COMMERCIAL,USE_HOMESTAY,/giai-phap/homestay/,VARIANT_MAPPED
mạng fpt cho homestay nên dùng không,COMMERCIAL,USE_HOMESTAY,/giai-phap/homestay/,VARIANT_MAPPED
mạng fpt cho homestay so sánh,COMMERCIAL,USE_HOMESTAY,/giai-phap/homestay/,VARIANT_MAPPED
mạng fpt cho homestay mới nhất 2026,COMMERCIAL,USE_HOMESTAY,/giai-phap/homestay/,VARIANT_MAPPED
mạng fpt cho homestay bao nhiêu tiền,COMMERCIAL,USE_HOMESTAY,/giai-phap/homestay/,VARIANT_MAPPED
wifi fpt homestay giá,COMMERCIAL,USE_HOMESTAY,/giai-phap/homestay/,VARIANT_MAPPED
wifi fpt homestay review,COMMERCIAL,USE_HOMESTAY,/giai-phap/homestay/,VARIANT_MAPPED
wifi fpt homestay có tốt không,COMMERCIAL,USE_HOMESTAY,/giai-phap/homestay/,VARIANT_MAPPED
wifi fpt homestay phù hợp ai,COMMERCIAL,USE_HOMESTAY,/giai-phap/homestay/,VARIANT_MAPPED
wifi fpt homestay nên dùng không,COMMERCIAL,USE_HOMESTAY,/giai-phap/homestay/,VARIANT_MAPPED
wifi fpt homestay so sánh,COMMERCIAL,USE_HOMESTAY,/giai-phap/homestay/,VARIANT_MAPPED
wifi fpt homestay đăng ký,COMMERCIAL,USE_HOMESTAY,/giai-phap/homestay/,VARIANT_MAPPED
wifi fpt homestay mới nhất 2026,COMMERCIAL,USE_HOMESTAY,/giai-phap/homestay/,VARIANT_MAPPED
wifi fpt homestay bao nhiêu tiền,COMMERCIAL,USE_HOMESTAY,/giai-phap/homestay/,VARIANT_MAPPED
mạng fpt nhà nghỉ giá,COMMERCIAL,USE_HOMESTAY,/giai-phap/homestay/,VARIANT_MAPPED
mạng fpt nhà nghỉ review,COMMERCIAL,USE_HOMESTAY,/giai-phap/homestay/,VARIANT_MAPPED
mạng fpt nhà nghỉ có tốt không,COMMERCIAL,USE_HOMESTAY,/giai-phap/homestay/,VARIANT_MAPPED
mạng fpt nhà nghỉ phù hợp ai,COMMERCIAL,USE_HOMESTAY,/giai-phap/homestay/,VARIANT_MAPPED
mạng fpt nhà nghỉ nên dùng không,COMMERCIAL,USE_HOMESTAY,/giai-phap/homestay/,VARIANT_MAPPED
mạng fpt nhà nghỉ so sánh,COMMERCIAL,USE_HOMESTAY,/giai-phap/homestay/,VARIANT_MAPPED
mạng fpt nhà nghỉ đăng ký,COMMERCIAL,USE_HOMESTAY,/giai-phap/homestay/,VARIANT_MAPPED
mạng fpt nhà nghỉ mới nhất 2026,COMMERCIAL,USE_HOMESTAY,/giai-phap/homestay/,VARIANT_MAPPED
mạng fpt nhà nghỉ bao nhiêu tiền,COMMERCIAL,USE_HOMESTAY,/giai-phap/homestay/,VARIANT_MAPPED
mạng fpt cho cửa hàng review,COMMERCIAL,USE_RETAIL,/giai-phap/cua-hang/,VARIANT_MAPPED
mạng fpt cho cửa hàng có tốt không,COMMERCIAL,USE_RETAIL,/giai-phap/cua-hang/,VARIANT_MAPPED
mạng fpt cho cửa hàng phù hợp ai,COMMERCIAL,USE_RETAIL,/giai-phap/cua-hang/,VARIANT_MAPPED
mạng fpt cho cửa hàng nên dùng không,COMMERCIAL,USE_RETAIL,/giai-phap/cua-hang/,VARIANT_MAPPED
mạng fpt cho cửa hàng so sánh,COMMERCIAL,USE_RETAIL,/giai-phap/cua-hang/,VARIANT_MAPPED
mạng fpt cho cửa hàng mới nhất 2026,COMMERCIAL,USE_RETAIL,/giai-phap/cua-hang/,VARIANT_MAPPED
mạng fpt cho cửa hàng bao nhiêu tiền,COMMERCIAL,USE_RETAIL,/giai-phap/cua-hang/,VARIANT_MAPPED
mạng fpt cửa hàng giá,COMMERCIAL,USE_RETAIL,/giai-phap/cua-hang/,VARIANT_MAPPED
mạng fpt cửa hàng review,COMMERCIAL,USE_RETAIL,/giai-phap/cua-hang/,VARIANT_MAPPED
mạng fpt cửa hàng có tốt không,COMMERCIAL,USE_RETAIL,/giai-phap/cua-hang/,VARIANT_MAPPED
mạng fpt cửa hàng phù hợp ai,COMMERCIAL,USE_RETAIL,/giai-phap/cua-hang/,VARIANT_MAPPED
mạng fpt cửa hàng nên dùng không,COMMERCIAL,USE_RETAIL,/giai-phap/cua-hang/,VARIANT_MAPPED
mạng fpt cửa hàng so sánh,COMMERCIAL,USE_RETAIL,/giai-phap/cua-hang/,VARIANT_MAPPED
mạng fpt cửa hàng đăng ký,COMMERCIAL,USE_RETAIL,/giai-phap/cua-hang/,VARIANT_MAPPED
mạng fpt cửa hàng mới nhất 2026,COMMERCIAL,USE_RETAIL,/giai-phap/cua-hang/,VARIANT_MAPPED
mạng fpt cửa hàng bao nhiêu tiền,COMMERCIAL,USE_RETAIL,/giai-phap/cua-hang/,VARIANT_MAPPED
internet fpt shop giá,COMMERCIAL,USE_RETAIL,/giai-phap/cua-hang/,VARIANT_MAPPED
internet fpt shop review,COMMERCIAL,USE_RETAIL,/giai-phap/cua-hang/,VARIANT_MAPPED
internet fpt shop có tốt không,COMMERCIAL,USE_RETAIL,/giai-phap/cua-hang/,VARIANT_MAPPED
internet fpt shop phù hợp ai,COMMERCIAL,USE_RETAIL,/giai-phap/cua-hang/,VARIANT_MAPPED
internet fpt shop nên dùng không,COMMERCIAL,USE_RETAIL,/giai-phap/cua-hang/,VARIANT_MAPPED
internet fpt shop so sánh,COMMERCIAL,USE_RETAIL,/giai-phap/cua-hang/,VARIANT_MAPPED
internet fpt shop đăng ký,COMMERCIAL,USE_RETAIL,/giai-phap/cua-hang/,VARIANT_MAPPED
internet fpt shop mới nhất 2026,COMMERCIAL,USE_RETAIL,/giai-phap/cua-hang/,VARIANT_MAPPED
internet fpt shop bao nhiêu tiền,COMMERCIAL,USE_RETAIL,/giai-phap/cua-hang/,VARIANT_MAPPED
fpt vs viettel so sánh chi tiết,COMPARISON,COMPARE,/so-sanh/fpt-vs-viettel/,VARIANT_MAPPED
fpt vs viettel khác nhau gì,COMPARISON,COMPARE,/so-sanh/fpt-vs-viettel/,VARIANT_MAPPED
fpt vs viettel nên chọn cái nào,COMPARISON,COMPARE,/so-sanh/fpt-vs-viettel/,VARIANT_MAPPED
fpt vs viettel cái nào phù hợp hơn,COMPARISON,COMPARE,/so-sanh/fpt-vs-viettel/,VARIANT_MAPPED
fpt vs viettel 2026,COMPARISON,COMPARE,/so-sanh/fpt-vs-viettel/,VARIANT_MAPPED
mạng fpt hay viettel so sánh chi tiết,COMPARISON,COMPARE,/so-sanh/fpt-vs-viettel/,VARIANT_MAPPED
mạng fpt hay viettel khác nhau gì,COMPARISON,COMPARE,/so-sanh/fpt-vs-viettel/,VARIANT_MAPPED
mạng fpt hay viettel nên chọn cái nào,COMPARISON,COMPARE,/so-sanh/fpt-vs-viettel/,VARIANT_MAPPED
mạng fpt hay viettel cái nào phù hợp hơn,COMPARISON,COMPARE,/so-sanh/fpt-vs-viettel/,VARIANT_MAPPED
mạng fpt hay viettel 2026,COMPARISON,COMPARE,/so-sanh/fpt-vs-viettel/,VARIANT_MAPPED
fpt vs vnpt so sánh chi tiết,COMPARISON,COMPARE,/so-sanh/fpt-vs-vnpt/,VARIANT_MAPPED
fpt vs vnpt khác nhau gì,COMPARISON,COMPARE,/so-sanh/fpt-vs-vnpt/,VARIANT_MAPPED
fpt vs vnpt nên chọn cái nào,COMPARISON,COMPARE,/so-sanh/fpt-vs-vnpt/,VARIANT_MAPPED
fpt vs vnpt cái nào phù hợp hơn,COMPARISON,COMPARE,/so-sanh/fpt-vs-vnpt/,VARIANT_MAPPED
fpt vs vnpt 2026,COMPARISON,COMPARE,/so-sanh/fpt-vs-vnpt/,VARIANT_MAPPED
mạng fpt hay vnpt so sánh chi tiết,COMPARISON,COMPARE,/so-sanh/fpt-vs-vnpt/,VARIANT_MAPPED
mạng fpt hay vnpt khác nhau gì,COMPARISON,COMPARE,/so-sanh/fpt-vs-vnpt/,VARIANT_MAPPED
mạng fpt hay vnpt nên chọn cái nào,COMPARISON,COMPARE,/so-sanh/fpt-vs-vnpt/,VARIANT_MAPPED
mạng fpt hay vnpt cái nào phù hợp hơn,COMPARISON,COMPARE,/so-sanh/fpt-vs-vnpt/,VARIANT_MAPPED
mạng fpt hay vnpt 2026,COMPARISON,COMPARE,/so-sanh/fpt-vs-vnpt/,VARIANT_MAPPED
wifi 6 vs wifi 7 so sánh chi tiết,COMPARISON,COMPARE,/so-sanh/wifi-6-vs-wifi-7/,VARIANT_MAPPED
wifi 6 vs wifi 7 khác nhau gì,COMPARISON,COMPARE,/so-sanh/wifi-6-vs-wifi-7/,VARIANT_MAPPED
wifi 6 vs wifi 7 nên chọn cái nào,COMPARISON,COMPARE,/so-sanh/wifi-6-vs-wifi-7/,VARIANT_MAPPED
wifi 6 vs wifi 7 cái nào phù hợp hơn,COMPARISON,COMPARE,/so-sanh/wifi-6-vs-wifi-7/,VARIANT_MAPPED
wifi 6 vs wifi 7 2026,COMPARISON,COMPARE,/so-sanh/wifi-6-vs-wifi-7/,VARIANT_MAPPED
wifi 7 khác wifi 6 so sánh chi tiết,COMPARISON,COMPARE,/so-sanh/wifi-6-vs-wifi-7/,VARIANT_MAPPED
wifi 7 khác wifi 6 khác nhau gì,COMPARISON,COMPARE,/so-sanh/wifi-6-vs-wifi-7/,VARIANT_MAPPED
wifi 7 khác wifi 6 nên chọn cái nào,COMPARISON,COMPARE,/so-sanh/wifi-6-vs-wifi-7/,VARIANT_MAPPED
wifi 7 khác wifi 6 cái nào phù hợp hơn,COMPARISON,COMPARE,/so-sanh/wifi-6-vs-wifi-7/,VARIANT_MAPPED
wifi 7 khác wifi 6 2026,COMPARISON,COMPARE,/so-sanh/wifi-6-vs-wifi-7/,VARIANT_MAPPED
giga vs sky fpt so sánh chi tiết,COMPARISON,COMPARE,/so-sanh/giga-vs-sky/,VARIANT_MAPPED
giga vs sky fpt khác nhau gì,COMPARISON,COMPARE,/so-sanh/giga-vs-sky/,VARIANT_MAPPED
giga vs sky fpt nên chọn cái nào,COMPARISON,COMPARE,/so-sanh/giga-vs-sky/,VARIANT_MAPPED
giga vs sky fpt cái nào phù hợp hơn,COMPARISON,COMPARE,/so-sanh/giga-vs-sky/,VARIANT_MAPPED
giga vs sky fpt 2026,COMPARISON,COMPARE,/so-sanh/giga-vs-sky/,VARIANT_MAPPED
so sánh giga sky so sánh chi tiết,COMPARISON,COMPARE,/so-sanh/giga-vs-sky/,VARIANT_MAPPED
so sánh giga sky khác nhau gì,COMPARISON,COMPARE,/so-sanh/giga-vs-sky/,VARIANT_MAPPED
so sánh giga sky nên chọn cái nào,COMPARISON,COMPARE,/so-sanh/giga-vs-sky/,VARIANT_MAPPED
so sánh giga sky cái nào phù hợp hơn,COMPARISON,COMPARE,/so-sanh/giga-vs-sky/,VARIANT_MAPPED
so sánh giga sky 2026,COMPARISON,COMPARE,/so-sanh/giga-vs-sky/,VARIANT_MAPPED
sky vs meta fpt so sánh chi tiết,COMPARISON,COMPARE,/so-sanh/sky-vs-meta/,VARIANT_MAPPED
sky vs meta fpt khác nhau gì,COMPARISON,COMPARE,/so-sanh/sky-vs-meta/,VARIANT_MAPPED
sky vs meta fpt nên chọn cái nào,COMPARISON,COMPARE,/so-sanh/sky-vs-meta/,VARIANT_MAPPED
sky vs meta fpt cái nào phù hợp hơn,COMPARISON,COMPARE,/so-sanh/sky-vs-meta/,VARIANT_MAPPED
sky vs meta fpt 2026,COMPARISON,COMPARE,/so-sanh/sky-vs-meta/,VARIANT_MAPPED
so sánh sky meta so sánh chi tiết,COMPARISON,COMPARE,/so-sanh/sky-vs-meta/,VARIANT_MAPPED
so sánh sky meta khác nhau gì,COMPARISON,COMPARE,/so-sanh/sky-vs-meta/,VARIANT_MAPPED
so sánh sky meta nên chọn cái nào,COMPARISON,COMPARE,/so-sanh/sky-vs-meta/,VARIANT_MAPPED
so sánh sky meta cái nào phù hợp hơn,COMPARISON,COMPARE,/so-sanh/sky-vs-meta/,VARIANT_MAPPED
so sánh sky meta 2026,COMPARISON,COMPARE,/so-sanh/sky-vs-meta/,VARIANT_MAPPED
f-game vs meta fpt so sánh chi tiết,COMPARISON,COMPARE,/so-sanh/f-game-vs-meta/,VARIANT_MAPPED
f-game vs meta fpt khác nhau gì,COMPARISON,COMPARE,/so-sanh/f-game-vs-meta/,VARIANT_MAPPED
f-game vs meta fpt nên chọn cái nào,COMPARISON,COMPARE,/so-sanh/f-game-vs-meta/,VARIANT_MAPPED
f-game vs meta fpt cái nào phù hợp hơn,COMPARISON,COMPARE,/so-sanh/f-game-vs-meta/,VARIANT_MAPPED
f-game vs meta fpt 2026,COMPARISON,COMPARE,/so-sanh/f-game-vs-meta/,VARIANT_MAPPED
f-game vs meta so sánh chi tiết,COMPARISON,COMPARE,/so-sanh/f-game-vs-meta/,VARIANT_MAPPED
f-game vs meta khác nhau gì,COMPARISON,COMPARE,/so-sanh/f-game-vs-meta/,VARIANT_MAPPED
f-game vs meta nên chọn cái nào,COMPARISON,COMPARE,/so-sanh/f-game-vs-meta/,VARIANT_MAPPED
f-game vs meta cái nào phù hợp hơn,COMPARISON,COMPARE,/so-sanh/f-game-vs-meta/,VARIANT_MAPPED
f-game vs meta 2026,COMPARISON,COMPARE,/so-sanh/f-game-vs-meta/,VARIANT_MAPPED
so sánh fgame meta so sánh chi tiết,COMPARISON,COMPARE,/so-sanh/f-game-vs-meta/,VARIANT_MAPPED
so sánh fgame meta khác nhau gì,COMPARISON,COMPARE,/so-sanh/f-game-vs-meta/,VARIANT_MAPPED
so sánh fgame meta nên chọn cái nào,COMPARISON,COMPARE,/so-sanh/f-game-vs-meta/,VARIANT_MAPPED
so sánh fgame meta cái nào phù hợp hơn,COMPARISON,COMPARE,/so-sanh/f-game-vs-meta/,VARIANT_MAPPED
so sánh fgame meta 2026,COMPARISON,COMPARE,/so-sanh/f-game-vs-meta/,VARIANT_MAPPED
lắp mạng fpt mất bao lâu? là gì,INFORMATIONAL,SUPPORT,/ho-tro/lap-mang-fpt-mat-bao-lau/,VARIANT_MAPPED
lắp mạng fpt mất bao lâu? hoạt động thế nào,INFORMATIONAL,SUPPORT,/ho-tro/lap-mang-fpt-mat-bao-lau/,VARIANT_MAPPED
lắp mạng fpt mất bao lâu? có gì mới,INFORMATIONAL,SUPPORT,/ho-tro/lap-mang-fpt-mat-bao-lau/,VARIANT_MAPPED
lắp mạng fpt mất bao lâu? hướng dẫn,INFORMATIONAL,SUPPORT,/ho-tro/lap-mang-fpt-mat-bao-lau/,VARIANT_MAPPED
lắp mạng fpt mất bao lâu? có nên dùng,INFORMATIONAL,SUPPORT,/ho-tro/lap-mang-fpt-mat-bao-lau/,VARIANT_MAPPED
lắp mạng fpt mất bao lâu? ưu nhược điểm,INFORMATIONAL,SUPPORT,/ho-tro/lap-mang-fpt-mat-bao-lau/,VARIANT_MAPPED
lắp mạng fpt mất bao lâu? 2026,INFORMATIONAL,SUPPORT,/ho-tro/lap-mang-fpt-mat-bao-lau/,VARIANT_MAPPED
lắp mạng fpt mất bao lâu là gì,INFORMATIONAL,SUPPORT,/ho-tro/lap-mang-fpt-mat-bao-lau/,VARIANT_MAPPED
lắp mạng fpt mất bao lâu hoạt động thế nào,INFORMATIONAL,SUPPORT,/ho-tro/lap-mang-fpt-mat-bao-lau/,VARIANT_MAPPED
lắp mạng fpt mất bao lâu có gì mới,INFORMATIONAL,SUPPORT,/ho-tro/lap-mang-fpt-mat-bao-lau/,VARIANT_MAPPED
lắp mạng fpt mất bao lâu hướng dẫn,INFORMATIONAL,SUPPORT,/ho-tro/lap-mang-fpt-mat-bao-lau/,VARIANT_MAPPED
lắp mạng fpt mất bao lâu có nên dùng,INFORMATIONAL,SUPPORT,/ho-tro/lap-mang-fpt-mat-bao-lau/,VARIANT_MAPPED
lắp mạng fpt mất bao lâu ưu nhược điểm,INFORMATIONAL,SUPPORT,/ho-tro/lap-mang-fpt-mat-bao-lau/,VARIANT_MAPPED
lắp mạng fpt mất bao lâu 2026,INFORMATIONAL,SUPPORT,/ho-tro/lap-mang-fpt-mat-bao-lau/,VARIANT_MAPPED
phí lắp đặt fpt là gì,INFORMATIONAL,SUPPORT,/ho-tro/phi-lap-dat-fpt/,VARIANT_MAPPED
phí lắp đặt fpt hoạt động thế nào,INFORMATIONAL,SUPPORT,/ho-tro/phi-lap-dat-fpt/,VARIANT_MAPPED
phí lắp đặt fpt có gì mới,INFORMATIONAL,SUPPORT,/ho-tro/phi-lap-dat-fpt/,VARIANT_MAPPED
phí lắp đặt fpt hướng dẫn,INFORMATIONAL,SUPPORT,/ho-tro/phi-lap-dat-fpt/,VARIANT_MAPPED
phí lắp đặt fpt có nên dùng,INFORMATIONAL,SUPPORT,/ho-tro/phi-lap-dat-fpt/,VARIANT_MAPPED
phí lắp đặt fpt ưu nhược điểm,INFORMATIONAL,SUPPORT,/ho-tro/phi-lap-dat-fpt/,VARIANT_MAPPED
phí lắp đặt fpt 2026,INFORMATIONAL,SUPPORT,/ho-tro/phi-lap-dat-fpt/,VARIANT_MAPPED
lắp fpt có mất phí không là gì,INFORMATIONAL,SUPPORT,/ho-tro/phi-lap-dat-fpt/,VARIANT_MAPPED
lắp fpt có mất phí không hoạt động thế nào,INFORMATIONAL,SUPPORT,/ho-tro/phi-lap-dat-fpt/,VARIANT_MAPPED
lắp fpt có mất phí không có gì mới,INFORMATIONAL,SUPPORT,/ho-tro/phi-lap-dat-fpt/,VARIANT_MAPPED
lắp fpt có mất phí không hướng dẫn,INFORMATIONAL,SUPPORT,/ho-tro/phi-lap-dat-fpt/,VARIANT_MAPPED
lắp fpt có mất phí không có nên dùng,INFORMATIONAL,SUPPORT,/ho-tro/phi-lap-dat-fpt/,VARIANT_MAPPED
lắp fpt có mất phí không ưu nhược điểm,INFORMATIONAL,SUPPORT,/ho-tro/phi-lap-dat-fpt/,VARIANT_MAPPED
lắp fpt có mất phí không 2026,INFORMATIONAL,SUPPORT,/ho-tro/phi-lap-dat-fpt/,VARIANT_MAPPED
đổi mật khẩu wifi fpt là gì,INFORMATIONAL,SUPPORT,/ho-tro/doi-mat-khau-wifi-fpt/,VARIANT_MAPPED
đổi mật khẩu wifi fpt hoạt động thế nào,INFORMATIONAL,SUPPORT,/ho-tro/doi-mat-khau-wifi-fpt/,VARIANT_MAPPED
đổi mật khẩu wifi fpt có gì mới,INFORMATIONAL,SUPPORT,/ho-tro/doi-mat-khau-wifi-fpt/,VARIANT_MAPPED
đổi mật khẩu wifi fpt hướng dẫn,INFORMATIONAL,SUPPORT,/ho-tro/doi-mat-khau-wifi-fpt/,VARIANT_MAPPED
đổi mật khẩu wifi fpt có nên dùng,INFORMATIONAL,SUPPORT,/ho-tro/doi-mat-khau-wifi-fpt/,VARIANT_MAPPED
đổi mật khẩu wifi fpt ưu nhược điểm,INFORMATIONAL,SUPPORT,/ho-tro/doi-mat-khau-wifi-fpt/,VARIANT_MAPPED
đổi mật khẩu wifi fpt 2026,INFORMATIONAL,SUPPORT,/ho-tro/doi-mat-khau-wifi-fpt/,VARIANT_MAPPED
cách đổi pass wifi fpt là gì,INFORMATIONAL,SUPPORT,/ho-tro/doi-mat-khau-wifi-fpt/,VARIANT_MAPPED
cách đổi pass wifi fpt hoạt động thế nào,INFORMATIONAL,SUPPORT,/ho-tro/doi-mat-khau-wifi-fpt/,VARIANT_MAPPED
cách đổi pass wifi fpt có gì mới,INFORMATIONAL,SUPPORT,/ho-tro/doi-mat-khau-wifi-fpt/,VARIANT_MAPPED
cách đổi pass wifi fpt hướng dẫn,INFORMATIONAL,SUPPORT,/ho-tro/doi-mat-khau-wifi-fpt/,VARIANT_MAPPED
cách đổi pass wifi fpt có nên dùng,INFORMATIONAL,SUPPORT,/ho-tro/doi-mat-khau-wifi-fpt/,VARIANT_MAPPED
cách đổi pass wifi fpt ưu nhược điểm,INFORMATIONAL,SUPPORT,/ho-tro/doi-mat-khau-wifi-fpt/,VARIANT_MAPPED
cách đổi pass wifi fpt 2026,INFORMATIONAL,SUPPORT,/ho-tro/doi-mat-khau-wifi-fpt/,VARIANT_MAPPED
wifi fpt yếu là gì,INFORMATIONAL,SUPPORT,/ho-tro/wifi-fpt-yeu/,VARIANT_MAPPED
wifi fpt yếu hoạt động thế nào,INFORMATIONAL,SUPPORT,/ho-tro/wifi-fpt-yeu/,VARIANT_MAPPED
wifi fpt yếu có gì mới,INFORMATIONAL,SUPPORT,/ho-tro/wifi-fpt-yeu/,VARIANT_MAPPED
wifi fpt yếu hướng dẫn,INFORMATIONAL,SUPPORT,/ho-tro/wifi-fpt-yeu/,VARIANT_MAPPED
wifi fpt yếu có nên dùng,INFORMATIONAL,SUPPORT,/ho-tro/wifi-fpt-yeu/,VARIANT_MAPPED
wifi fpt yếu ưu nhược điểm,INFORMATIONAL,SUPPORT,/ho-tro/wifi-fpt-yeu/,VARIANT_MAPPED
wifi fpt yếu 2026,INFORMATIONAL,SUPPORT,/ho-tro/wifi-fpt-yeu/,VARIANT_MAPPED
wifi fpt chậm là gì,INFORMATIONAL,SUPPORT,/ho-tro/wifi-fpt-yeu/,VARIANT_MAPPED
wifi fpt chậm hoạt động thế nào,INFORMATIONAL,SUPPORT,/ho-tro/wifi-fpt-yeu/,VARIANT_MAPPED
wifi fpt chậm có gì mới,INFORMATIONAL,SUPPORT,/ho-tro/wifi-fpt-yeu/,VARIANT_MAPPED
wifi fpt chậm hướng dẫn,INFORMATIONAL,SUPPORT,/ho-tro/wifi-fpt-yeu/,VARIANT_MAPPED
wifi fpt chậm có nên dùng,INFORMATIONAL,SUPPORT,/ho-tro/wifi-fpt-yeu/,VARIANT_MAPPED
wifi fpt chậm ưu nhược điểm,INFORMATIONAL,SUPPORT,/ho-tro/wifi-fpt-yeu/,VARIANT_MAPPED
wifi fpt chậm 2026,INFORMATIONAL,SUPPORT,/ho-tro/wifi-fpt-yeu/,VARIANT_MAPPED
mạng fpt chậm là gì,INFORMATIONAL,SUPPORT,/ho-tro/mang-fpt-cham/,VARIANT_MAPPED
mạng fpt chậm hoạt động thế nào,INFORMATIONAL,SUPPORT,/ho-tro/mang-fpt-cham/,VARIANT_MAPPED
mạng fpt chậm có gì mới,INFORMATIONAL,SUPPORT,/ho-tro/mang-fpt-cham/,VARIANT_MAPPED
mạng fpt chậm hướng dẫn,INFORMATIONAL,SUPPORT,/ho-tro/mang-fpt-cham/,VARIANT_MAPPED
mạng fpt chậm có nên dùng,INFORMATIONAL,SUPPORT,/ho-tro/mang-fpt-cham/,VARIANT_MAPPED
mạng fpt chậm ưu nhược điểm,INFORMATIONAL,SUPPORT,/ho-tro/mang-fpt-cham/,VARIANT_MAPPED
mạng fpt chậm 2026,INFORMATIONAL,SUPPORT,/ho-tro/mang-fpt-cham/,VARIANT_MAPPED
internet fpt chậm là gì,INFORMATIONAL,SUPPORT,/ho-tro/mang-fpt-cham/,VARIANT_MAPPED
internet fpt chậm hoạt động thế nào,INFORMATIONAL,SUPPORT,/ho-tro/mang-fpt-cham/,VARIANT_MAPPED
internet fpt chậm có gì mới,INFORMATIONAL,SUPPORT,/ho-tro/mang-fpt-cham/,VARIANT_MAPPED
internet fpt chậm hướng dẫn,INFORMATIONAL,SUPPORT,/ho-tro/mang-fpt-cham/,VARIANT_MAPPED
internet fpt chậm có nên dùng,INFORMATIONAL,SUPPORT,/ho-tro/mang-fpt-cham/,VARIANT_MAPPED
internet fpt chậm ưu nhược điểm,INFORMATIONAL,SUPPORT,/ho-tro/mang-fpt-cham/,VARIANT_MAPPED
internet fpt chậm 2026,INFORMATIONAL,SUPPORT,/ho-tro/mang-fpt-cham/,VARIANT_MAPPED
mất mạng fpt là gì,INFORMATIONAL,SUPPORT,/ho-tro/mat-mang-fpt/,VARIANT_MAPPED
mất mạng fpt hoạt động thế nào,INFORMATIONAL,SUPPORT,/ho-tro/mat-mang-fpt/,VARIANT_MAPPED
mất mạng fpt có gì mới,INFORMATIONAL,SUPPORT,/ho-tro/mat-mang-fpt/,VARIANT_MAPPED
mất mạng fpt hướng dẫn,INFORMATIONAL,SUPPORT,/ho-tro/mat-mang-fpt/,VARIANT_MAPPED
mất mạng fpt có nên dùng,INFORMATIONAL,SUPPORT,/ho-tro/mat-mang-fpt/,VARIANT_MAPPED
mất mạng fpt ưu nhược điểm,INFORMATIONAL,SUPPORT,/ho-tro/mat-mang-fpt/,VARIANT_MAPPED
mất mạng fpt 2026,INFORMATIONAL,SUPPORT,/ho-tro/mat-mang-fpt/,VARIANT_MAPPED
fpt mất mạng là gì,INFORMATIONAL,SUPPORT,/ho-tro/mat-mang-fpt/,VARIANT_MAPPED
fpt mất mạng hoạt động thế nào,INFORMATIONAL,SUPPORT,/ho-tro/mat-mang-fpt/,VARIANT_MAPPED
fpt mất mạng có gì mới,INFORMATIONAL,SUPPORT,/ho-tro/mat-mang-fpt/,VARIANT_MAPPED
fpt mất mạng hướng dẫn,INFORMATIONAL,SUPPORT,/ho-tro/mat-mang-fpt/,VARIANT_MAPPED
fpt mất mạng có nên dùng,INFORMATIONAL,SUPPORT,/ho-tro/mat-mang-fpt/,VARIANT_MAPPED
fpt mất mạng ưu nhược điểm,INFORMATIONAL,SUPPORT,/ho-tro/mat-mang-fpt/,VARIANT_MAPPED
fpt mất mạng 2026,INFORMATIONAL,SUPPORT,/ho-tro/mat-mang-fpt/,VARIANT_MAPPED
chuyển địa điểm fpt là gì,INFORMATIONAL,SUPPORT,/ho-tro/chuyen-dia-diem-fpt/,VARIANT_MAPPED
chuyển địa điểm fpt hoạt động thế nào,INFORMATIONAL,SUPPORT,/ho-tro/chuyen-dia-diem-fpt/,VARIANT_MAPPED
chuyển địa điểm fpt có gì mới,INFORMATIONAL,SUPPORT,/ho-tro/chuyen-dia-diem-fpt/,VARIANT_MAPPED
chuyển địa điểm fpt hướng dẫn,INFORMATIONAL,SUPPORT,/ho-tro/chuyen-dia-diem-fpt/,VARIANT_MAPPED
chuyển địa điểm fpt có nên dùng,INFORMATIONAL,SUPPORT,/ho-tro/chuyen-dia-diem-fpt/,VARIANT_MAPPED
chuyển địa điểm fpt ưu nhược điểm,INFORMATIONAL,SUPPORT,/ho-tro/chuyen-dia-diem-fpt/,VARIANT_MAPPED
chuyển địa điểm fpt 2026,INFORMATIONAL,SUPPORT,/ho-tro/chuyen-dia-diem-fpt/,VARIANT_MAPPED
chuyển mạng fpt là gì,INFORMATIONAL,SUPPORT,/ho-tro/chuyen-dia-diem-fpt/,VARIANT_MAPPED
chuyển mạng fpt hoạt động thế nào,INFORMATIONAL,SUPPORT,/ho-tro/chuyen-dia-diem-fpt/,VARIANT_MAPPED
chuyển mạng fpt có gì mới,INFORMATIONAL,SUPPORT,/ho-tro/chuyen-dia-diem-fpt/,VARIANT_MAPPED
chuyển mạng fpt hướng dẫn,INFORMATIONAL,SUPPORT,/ho-tro/chuyen-dia-diem-fpt/,VARIANT_MAPPED
chuyển mạng fpt có nên dùng,INFORMATIONAL,SUPPORT,/ho-tro/chuyen-dia-diem-fpt/,VARIANT_MAPPED
chuyển mạng fpt ưu nhược điểm,INFORMATIONAL,SUPPORT,/ho-tro/chuyen-dia-diem-fpt/,VARIANT_MAPPED
chuyển mạng fpt 2026,INFORMATIONAL,SUPPORT,/ho-tro/chuyen-dia-diem-fpt/,VARIANT_MAPPED
nâng cấp gói fpt là gì,INFORMATIONAL,SUPPORT,/ho-tro/nang-cap-goi-fpt/,VARIANT_MAPPED
nâng cấp gói fpt hoạt động thế nào,INFORMATIONAL,SUPPORT,/ho-tro/nang-cap-goi-fpt/,VARIANT_MAPPED
nâng cấp gói fpt có gì mới,INFORMATIONAL,SUPPORT,/ho-tro/nang-cap-goi-fpt/,VARIANT_MAPPED
nâng cấp gói fpt hướng dẫn,INFORMATIONAL,SUPPORT,/ho-tro/nang-cap-goi-fpt/,VARIANT_MAPPED
nâng cấp gói fpt có nên dùng,INFORMATIONAL,SUPPORT,/ho-tro/nang-cap-goi-fpt/,VARIANT_MAPPED
nâng cấp gói fpt ưu nhược điểm,INFORMATIONAL,SUPPORT,/ho-tro/nang-cap-goi-fpt/,VARIANT_MAPPED
nâng cấp gói fpt 2026,INFORMATIONAL,SUPPORT,/ho-tro/nang-cap-goi-fpt/,VARIANT_MAPPED
nâng cấp wifi fpt là gì,INFORMATIONAL,SUPPORT,/ho-tro/nang-cap-goi-fpt/,VARIANT_MAPPED
nâng cấp wifi fpt hoạt động thế nào,INFORMATIONAL,SUPPORT,/ho-tro/nang-cap-goi-fpt/,VARIANT_MAPPED
nâng cấp wifi fpt có gì mới,INFORMATIONAL,SUPPORT,/ho-tro/nang-cap-goi-fpt/,VARIANT_MAPPED
nâng cấp wifi fpt hướng dẫn,INFORMATIONAL,SUPPORT,/ho-tro/nang-cap-goi-fpt/,VARIANT_MAPPED
nâng cấp wifi fpt có nên dùng,INFORMATIONAL,SUPPORT,/ho-tro/nang-cap-goi-fpt/,VARIANT_MAPPED
nâng cấp wifi fpt ưu nhược điểm,INFORMATIONAL,SUPPORT,/ho-tro/nang-cap-goi-fpt/,VARIANT_MAPPED
nâng cấp wifi fpt 2026,INFORMATIONAL,SUPPORT,/ho-tro/nang-cap-goi-fpt/,VARIANT_MAPPED
hủy dịch vụ fpt là gì,INFORMATIONAL,SUPPORT,/ho-tro/huy-goi-fpt/,VARIANT_MAPPED
hủy dịch vụ fpt hoạt động thế nào,INFORMATIONAL,SUPPORT,/ho-tro/huy-goi-fpt/,VARIANT_MAPPED
hủy dịch vụ fpt có gì mới,INFORMATIONAL,SUPPORT,/ho-tro/huy-goi-fpt/,VARIANT_MAPPED
hủy dịch vụ fpt hướng dẫn,INFORMATIONAL,SUPPORT,/ho-tro/huy-goi-fpt/,VARIANT_MAPPED
hủy dịch vụ fpt có nên dùng,INFORMATIONAL,SUPPORT,/ho-tro/huy-goi-fpt/,VARIANT_MAPPED
hủy dịch vụ fpt ưu nhược điểm,INFORMATIONAL,SUPPORT,/ho-tro/huy-goi-fpt/,VARIANT_MAPPED
hủy dịch vụ fpt 2026,INFORMATIONAL,SUPPORT,/ho-tro/huy-goi-fpt/,VARIANT_MAPPED
hủy mạng fpt là gì,INFORMATIONAL,SUPPORT,/ho-tro/huy-goi-fpt/,VARIANT_MAPPED
hủy mạng fpt hoạt động thế nào,INFORMATIONAL,SUPPORT,/ho-tro/huy-goi-fpt/,VARIANT_MAPPED
hủy mạng fpt có gì mới,INFORMATIONAL,SUPPORT,/ho-tro/huy-goi-fpt/,VARIANT_MAPPED
hủy mạng fpt hướng dẫn,INFORMATIONAL,SUPPORT,/ho-tro/huy-goi-fpt/,VARIANT_MAPPED
hủy mạng fpt có nên dùng,INFORMATIONAL,SUPPORT,/ho-tro/huy-goi-fpt/,VARIANT_MAPPED
hủy mạng fpt ưu nhược điểm,INFORMATIONAL,SUPPORT,/ho-tro/huy-goi-fpt/,VARIANT_MAPPED
hủy mạng fpt 2026,INFORMATIONAL,SUPPORT,/ho-tro/huy-goi-fpt/,VARIANT_MAPPED
kiểm tra tốc độ mạng fpt là gì,INFORMATIONAL,SUPPORT,/ho-tro/kiem-tra-toc-do-mang-fpt/,VARIANT_MAPPED
kiểm tra tốc độ mạng fpt hoạt động thế nào,INFORMATIONAL,SUPPORT,/ho-tro/kiem-tra-toc-do-mang-fpt/,VARIANT_MAPPED
kiểm tra tốc độ mạng fpt có gì mới,INFORMATIONAL,SUPPORT,/ho-tro/kiem-tra-toc-do-mang-fpt/,VARIANT_MAPPED
kiểm tra tốc độ mạng fpt hướng dẫn,INFORMATIONAL,SUPPORT,/ho-tro/kiem-tra-toc-do-mang-fpt/,VARIANT_MAPPED
kiểm tra tốc độ mạng fpt có nên dùng,INFORMATIONAL,SUPPORT,/ho-tro/kiem-tra-toc-do-mang-fpt/,VARIANT_MAPPED
kiểm tra tốc độ mạng fpt ưu nhược điểm,INFORMATIONAL,SUPPORT,/ho-tro/kiem-tra-toc-do-mang-fpt/,VARIANT_MAPPED
kiểm tra tốc độ mạng fpt 2026,INFORMATIONAL,SUPPORT,/ho-tro/kiem-tra-toc-do-mang-fpt/,VARIANT_MAPPED
speedtest fpt là gì,INFORMATIONAL,SUPPORT,/ho-tro/kiem-tra-toc-do-mang-fpt/,VARIANT_MAPPED
speedtest fpt hoạt động thế nào,INFORMATIONAL,SUPPORT,/ho-tro/kiem-tra-toc-do-mang-fpt/,VARIANT_MAPPED
speedtest fpt có gì mới,INFORMATIONAL,SUPPORT,/ho-tro/kiem-tra-toc-do-mang-fpt/,VARIANT_MAPPED
speedtest fpt hướng dẫn,INFORMATIONAL,SUPPORT,/ho-tro/kiem-tra-toc-do-mang-fpt/,VARIANT_MAPPED
speedtest fpt có nên dùng,INFORMATIONAL,SUPPORT,/ho-tro/kiem-tra-toc-do-mang-fpt/,VARIANT_MAPPED
speedtest fpt ưu nhược điểm,INFORMATIONAL,SUPPORT,/ho-tro/kiem-tra-toc-do-mang-fpt/,VARIANT_MAPPED
speedtest fpt 2026,INFORMATIONAL,SUPPORT,/ho-tro/kiem-tra-toc-do-mang-fpt/,VARIANT_MAPPED
modem wifi 6 fpt là gì,INFORMATIONAL,SUPPORT,/kien-thuc/modem-wifi-6-fpt/,VARIANT_MAPPED
modem wifi 6 fpt hoạt động thế nào,INFORMATIONAL,SUPPORT,/kien-thuc/modem-wifi-6-fpt/,VARIANT_MAPPED
modem wifi 6 fpt có gì mới,INFORMATIONAL,SUPPORT,/kien-thuc/modem-wifi-6-fpt/,VARIANT_MAPPED
modem wifi 6 fpt hướng dẫn,INFORMATIONAL,SUPPORT,/kien-thuc/modem-wifi-6-fpt/,VARIANT_MAPPED
modem wifi 6 fpt có nên dùng,INFORMATIONAL,SUPPORT,/kien-thuc/modem-wifi-6-fpt/,VARIANT_MAPPED
modem wifi 6 fpt ưu nhược điểm,INFORMATIONAL,SUPPORT,/kien-thuc/modem-wifi-6-fpt/,VARIANT_MAPPED
modem wifi 6 fpt 2026,INFORMATIONAL,SUPPORT,/kien-thuc/modem-wifi-6-fpt/,VARIANT_MAPPED
mesh wifi là gì? là gì,INFORMATIONAL,SUPPORT,/kien-thuc/mesh-wifi-la-gi/,VARIANT_MAPPED
mesh wifi là gì? hoạt động thế nào,INFORMATIONAL,SUPPORT,/kien-thuc/mesh-wifi-la-gi/,VARIANT_MAPPED
mesh wifi là gì? có gì mới,INFORMATIONAL,SUPPORT,/kien-thuc/mesh-wifi-la-gi/,VARIANT_MAPPED
mesh wifi là gì? hướng dẫn,INFORMATIONAL,SUPPORT,/kien-thuc/mesh-wifi-la-gi/,VARIANT_MAPPED
mesh wifi là gì? có nên dùng,INFORMATIONAL,SUPPORT,/kien-thuc/mesh-wifi-la-gi/,VARIANT_MAPPED
mesh wifi là gì? ưu nhược điểm,INFORMATIONAL,SUPPORT,/kien-thuc/mesh-wifi-la-gi/,VARIANT_MAPPED
mesh wifi là gì? 2026,INFORMATIONAL,SUPPORT,/kien-thuc/mesh-wifi-la-gi/,VARIANT_MAPPED
mesh wifi là gì là gì,INFORMATIONAL,SUPPORT,/kien-thuc/mesh-wifi-la-gi/,VARIANT_MAPPED
mesh wifi là gì hoạt động thế nào,INFORMATIONAL,SUPPORT,/kien-thuc/mesh-wifi-la-gi/,VARIANT_MAPPED
mesh wifi là gì có gì mới,INFORMATIONAL,SUPPORT,/kien-thuc/mesh-wifi-la-gi/,VARIANT_MAPPED
mesh wifi là gì hướng dẫn,INFORMATIONAL,SUPPORT,/kien-thuc/mesh-wifi-la-gi/,VARIANT_MAPPED
mesh wifi là gì có nên dùng,INFORMATIONAL,SUPPORT,/kien-thuc/mesh-wifi-la-gi/,VARIANT_MAPPED
mesh wifi là gì ưu nhược điểm,INFORMATIONAL,SUPPORT,/kien-thuc/mesh-wifi-la-gi/,VARIANT_MAPPED
mesh wifi là gì 2026,INFORMATIONAL,SUPPORT,/kien-thuc/mesh-wifi-la-gi/,VARIANT_MAPPED
mesh fpt là gì là gì,INFORMATIONAL,SUPPORT,/kien-thuc/mesh-wifi-la-gi/,VARIANT_MAPPED
mesh fpt là gì hoạt động thế nào,INFORMATIONAL,SUPPORT,/kien-thuc/mesh-wifi-la-gi/,VARIANT_MAPPED
mesh fpt là gì có gì mới,INFORMATIONAL,SUPPORT,/kien-thuc/mesh-wifi-la-gi/,VARIANT_MAPPED
mesh fpt là gì hướng dẫn,INFORMATIONAL,SUPPORT,/kien-thuc/mesh-wifi-la-gi/,VARIANT_MAPPED
mesh fpt là gì có nên dùng,INFORMATIONAL,SUPPORT,/kien-thuc/mesh-wifi-la-gi/,VARIANT_MAPPED
mesh fpt là gì ưu nhược điểm,INFORMATIONAL,SUPPORT,/kien-thuc/mesh-wifi-la-gi/,VARIANT_MAPPED
mesh fpt là gì 2026,INFORMATIONAL,SUPPORT,/kien-thuc/mesh-wifi-la-gi/,VARIANT_MAPPED
300 mbps đủ dùng không? là gì,INFORMATIONAL,SUPPORT,/kien-thuc/300mbps-du-khong/,VARIANT_MAPPED
300 mbps đủ dùng không? hoạt động thế nào,INFORMATIONAL,SUPPORT,/kien-thuc/300mbps-du-khong/,VARIANT_MAPPED
300 mbps đủ dùng không? có gì mới,INFORMATIONAL,SUPPORT,/kien-thuc/300mbps-du-khong/,VARIANT_MAPPED
300 mbps đủ dùng không? hướng dẫn,INFORMATIONAL,SUPPORT,/kien-thuc/300mbps-du-khong/,VARIANT_MAPPED
300 mbps đủ dùng không? có nên dùng,INFORMATIONAL,SUPPORT,/kien-thuc/300mbps-du-khong/,VARIANT_MAPPED
300 mbps đủ dùng không? ưu nhược điểm,INFORMATIONAL,SUPPORT,/kien-thuc/300mbps-du-khong/,VARIANT_MAPPED
300 mbps đủ dùng không? 2026,INFORMATIONAL,SUPPORT,/kien-thuc/300mbps-du-khong/,VARIANT_MAPPED
300mbps đủ không là gì,INFORMATIONAL,SUPPORT,/kien-thuc/300mbps-du-khong/,VARIANT_MAPPED
300mbps đủ không hoạt động thế nào,INFORMATIONAL,SUPPORT,/kien-thuc/300mbps-du-khong/,VARIANT_MAPPED
300mbps đủ không có gì mới,INFORMATIONAL,SUPPORT,/kien-thuc/300mbps-du-khong/,VARIANT_MAPPED
300mbps đủ không hướng dẫn,INFORMATIONAL,SUPPORT,/kien-thuc/300mbps-du-khong/,VARIANT_MAPPED
300mbps đủ không có nên dùng,INFORMATIONAL,SUPPORT,/kien-thuc/300mbps-du-khong/,VARIANT_MAPPED
300mbps đủ không ưu nhược điểm,INFORMATIONAL,SUPPORT,/kien-thuc/300mbps-du-khong/,VARIANT_MAPPED
300mbps đủ không 2026,INFORMATIONAL,SUPPORT,/kien-thuc/300mbps-du-khong/,VARIANT_MAPPED
300 mbps dùng được bao nhiêu thiết bị là gì,INFORMATIONAL,SUPPORT,/kien-thuc/300mbps-du-khong/,VARIANT_MAPPED
300 mbps dùng được bao nhiêu thiết bị hoạt động thế nào,INFORMATIONAL,SUPPORT,/kien-thuc/300mbps-du-khong/,VARIANT_MAPPED
300 mbps dùng được bao nhiêu thiết bị có gì mới,INFORMATIONAL,SUPPORT,/kien-thuc/300mbps-du-khong/,VARIANT_MAPPED
300 mbps dùng được bao nhiêu thiết bị hướng dẫn,INFORMATIONAL,SUPPORT,/kien-thuc/300mbps-du-khong/,VARIANT_MAPPED
300 mbps dùng được bao nhiêu thiết bị có nên dùng,INFORMATIONAL,SUPPORT,/kien-thuc/300mbps-du-khong/,VARIANT_MAPPED
300 mbps dùng được bao nhiêu thiết bị ưu nhược điểm,INFORMATIONAL,SUPPORT,/kien-thuc/300mbps-du-khong/,VARIANT_MAPPED
300 mbps dùng được bao nhiêu thiết bị 2026,INFORMATIONAL,SUPPORT,/kien-thuc/300mbps-du-khong/,VARIANT_MAPPED
1 gbps dùng được bao nhiêu thiết bị? là gì,INFORMATIONAL,SUPPORT,/kien-thuc/1gbps-bao-nhieu-thiet-bi/,VARIANT_MAPPED
1 gbps dùng được bao nhiêu thiết bị? hoạt động thế nào,INFORMATIONAL,SUPPORT,/kien-thuc/1gbps-bao-nhieu-thiet-bi/,VARIANT_MAPPED
1 gbps dùng được bao nhiêu thiết bị? có gì mới,INFORMATIONAL,SUPPORT,/kien-thuc/1gbps-bao-nhieu-thiet-bi/,VARIANT_MAPPED
1 gbps dùng được bao nhiêu thiết bị? hướng dẫn,INFORMATIONAL,SUPPORT,/kien-thuc/1gbps-bao-nhieu-thiet-bi/,VARIANT_MAPPED
1 gbps dùng được bao nhiêu thiết bị? có nên dùng,INFORMATIONAL,SUPPORT,/kien-thuc/1gbps-bao-nhieu-thiet-bi/,VARIANT_MAPPED
1 gbps dùng được bao nhiêu thiết bị? ưu nhược điểm,INFORMATIONAL,SUPPORT,/kien-thuc/1gbps-bao-nhieu-thiet-bi/,VARIANT_MAPPED
1 gbps dùng được bao nhiêu thiết bị? 2026,INFORMATIONAL,SUPPORT,/kien-thuc/1gbps-bao-nhieu-thiet-bi/,VARIANT_MAPPED
1gbps bao nhiêu thiết bị là gì,INFORMATIONAL,SUPPORT,/kien-thuc/1gbps-bao-nhieu-thiet-bi/,VARIANT_MAPPED
1gbps bao nhiêu thiết bị hoạt động thế nào,INFORMATIONAL,SUPPORT,/kien-thuc/1gbps-bao-nhieu-thiet-bi/,VARIANT_MAPPED
1gbps bao nhiêu thiết bị có gì mới,INFORMATIONAL,SUPPORT,/kien-thuc/1gbps-bao-nhieu-thiet-bi/,VARIANT_MAPPED
1gbps bao nhiêu thiết bị hướng dẫn,INFORMATIONAL,SUPPORT,/kien-thuc/1gbps-bao-nhieu-thiet-bi/,VARIANT_MAPPED
1gbps bao nhiêu thiết bị có nên dùng,INFORMATIONAL,SUPPORT,/kien-thuc/1gbps-bao-nhieu-thiet-bi/,VARIANT_MAPPED
1gbps bao nhiêu thiết bị ưu nhược điểm,INFORMATIONAL,SUPPORT,/kien-thuc/1gbps-bao-nhieu-thiet-bi/,VARIANT_MAPPED
1gbps bao nhiêu thiết bị 2026,INFORMATIONAL,SUPPORT,/kien-thuc/1gbps-bao-nhieu-thiet-bi/,VARIANT_MAPPED
1 gbps đủ không là gì,INFORMATIONAL,SUPPORT,/kien-thuc/1gbps-bao-nhieu-thiet-bi/,VARIANT_MAPPED
1 gbps đủ không hoạt động thế nào,INFORMATIONAL,SUPPORT,/kien-thuc/1gbps-bao-nhieu-thiet-bi/,VARIANT_MAPPED
1 gbps đủ không có gì mới,INFORMATIONAL,SUPPORT,/kien-thuc/1gbps-bao-nhieu-thiet-bi/,VARIANT_MAPPED
1 gbps đủ không hướng dẫn,INFORMATIONAL,SUPPORT,/kien-thuc/1gbps-bao-nhieu-thiet-bi/,VARIANT_MAPPED
1 gbps đủ không có nên dùng,INFORMATIONAL,SUPPORT,/kien-thuc/1gbps-bao-nhieu-thiet-bi/,VARIANT_MAPPED
1 gbps đủ không ưu nhược điểm,INFORMATIONAL,SUPPORT,/kien-thuc/1gbps-bao-nhieu-thiet-bi/,VARIANT_MAPPED
1 gbps đủ không 2026,INFORMATIONAL,SUPPORT,/kien-thuc/1gbps-bao-nhieu-thiet-bi/,VARIANT_MAPPED
ftth là gì? là gì,INFORMATIONAL,SUPPORT,/kien-thuc/ftth-la-gi/,VARIANT_MAPPED
ftth là gì? hoạt động thế nào,INFORMATIONAL,SUPPORT,/kien-thuc/ftth-la-gi/,VARIANT_MAPPED
ftth là gì? có gì mới,INFORMATIONAL,SUPPORT,/kien-thuc/ftth-la-gi/,VARIANT_MAPPED
ftth là gì? hướng dẫn,INFORMATIONAL,SUPPORT,/kien-thuc/ftth-la-gi/,VARIANT_MAPPED
ftth là gì? có nên dùng,INFORMATIONAL,SUPPORT,/kien-thuc/ftth-la-gi/,VARIANT_MAPPED
ftth là gì? ưu nhược điểm,INFORMATIONAL,SUPPORT,/kien-thuc/ftth-la-gi/,VARIANT_MAPPED
ftth là gì? 2026,INFORMATIONAL,SUPPORT,/kien-thuc/ftth-la-gi/,VARIANT_MAPPED
ftth là gì là gì,INFORMATIONAL,SUPPORT,/kien-thuc/ftth-la-gi/,VARIANT_MAPPED
ftth là gì hoạt động thế nào,INFORMATIONAL,SUPPORT,/kien-thuc/ftth-la-gi/,VARIANT_MAPPED
ftth là gì có gì mới,INFORMATIONAL,SUPPORT,/kien-thuc/ftth-la-gi/,VARIANT_MAPPED
ftth là gì hướng dẫn,INFORMATIONAL,SUPPORT,/kien-thuc/ftth-la-gi/,VARIANT_MAPPED
ftth là gì có nên dùng,INFORMATIONAL,SUPPORT,/kien-thuc/ftth-la-gi/,VARIANT_MAPPED
ftth là gì ưu nhược điểm,INFORMATIONAL,SUPPORT,/kien-thuc/ftth-la-gi/,VARIANT_MAPPED
ftth là gì 2026,INFORMATIONAL,SUPPORT,/kien-thuc/ftth-la-gi/,VARIANT_MAPPED
cáp quang ftth là gì,INFORMATIONAL,SUPPORT,/kien-thuc/ftth-la-gi/,VARIANT_MAPPED
cáp quang ftth hoạt động thế nào,INFORMATIONAL,SUPPORT,/kien-thuc/ftth-la-gi/,VARIANT_MAPPED
cáp quang ftth có gì mới,INFORMATIONAL,SUPPORT,/kien-thuc/ftth-la-gi/,VARIANT_MAPPED
cáp quang ftth hướng dẫn,INFORMATIONAL,SUPPORT,/kien-thuc/ftth-la-gi/,VARIANT_MAPPED
cáp quang ftth có nên dùng,INFORMATIONAL,SUPPORT,/kien-thuc/ftth-la-gi/,VARIANT_MAPPED
cáp quang ftth ưu nhược điểm,INFORMATIONAL,SUPPORT,/kien-thuc/ftth-la-gi/,VARIANT_MAPPED
cáp quang ftth 2026,INFORMATIONAL,SUPPORT,/kien-thuc/ftth-la-gi/,VARIANT_MAPPED
xgs-pon là gì? là gì,INFORMATIONAL,SUPPORT,/kien-thuc/xgs-pon-la-gi/,VARIANT_MAPPED
xgs-pon là gì? hoạt động thế nào,INFORMATIONAL,SUPPORT,/kien-thuc/xgs-pon-la-gi/,VARIANT_MAPPED
xgs-pon là gì? có gì mới,INFORMATIONAL,SUPPORT,/kien-thuc/xgs-pon-la-gi/,VARIANT_MAPPED
xgs-pon là gì? hướng dẫn,INFORMATIONAL,SUPPORT,/kien-thuc/xgs-pon-la-gi/,VARIANT_MAPPED
xgs-pon là gì? có nên dùng,INFORMATIONAL,SUPPORT,/kien-thuc/xgs-pon-la-gi/,VARIANT_MAPPED
xgs-pon là gì? ưu nhược điểm,INFORMATIONAL,SUPPORT,/kien-thuc/xgs-pon-la-gi/,VARIANT_MAPPED
xgs-pon là gì? 2026,INFORMATIONAL,SUPPORT,/kien-thuc/xgs-pon-la-gi/,VARIANT_MAPPED
xgs-pon là gì là gì,INFORMATIONAL,SUPPORT,/kien-thuc/xgs-pon-la-gi/,VARIANT_MAPPED
xgs-pon là gì hoạt động thế nào,INFORMATIONAL,SUPPORT,/kien-thuc/xgs-pon-la-gi/,VARIANT_MAPPED
xgs-pon là gì có gì mới,INFORMATIONAL,SUPPORT,/kien-thuc/xgs-pon-la-gi/,VARIANT_MAPPED
xgs-pon là gì hướng dẫn,INFORMATIONAL,SUPPORT,/kien-thuc/xgs-pon-la-gi/,VARIANT_MAPPED
xgs-pon là gì có nên dùng,INFORMATIONAL,SUPPORT,/kien-thuc/xgs-pon-la-gi/,VARIANT_MAPPED
xgs-pon là gì ưu nhược điểm,INFORMATIONAL,SUPPORT,/kien-thuc/xgs-pon-la-gi/,VARIANT_MAPPED
xgs-pon là gì 2026,INFORMATIONAL,SUPPORT,/kien-thuc/xgs-pon-la-gi/,VARIANT_MAPPED
xgspon là gì là gì,INFORMATIONAL,SUPPORT,/kien-thuc/xgs-pon-la-gi/,VARIANT_MAPPED
xgspon là gì hoạt động thế nào,INFORMATIONAL,SUPPORT,/kien-thuc/xgs-pon-la-gi/,VARIANT_MAPPED
xgspon là gì có gì mới,INFORMATIONAL,SUPPORT,/kien-thuc/xgs-pon-la-gi/,VARIANT_MAPPED
xgspon là gì hướng dẫn,INFORMATIONAL,SUPPORT,/kien-thuc/xgs-pon-la-gi/,VARIANT_MAPPED
xgspon là gì có nên dùng,INFORMATIONAL,SUPPORT,/kien-thuc/xgs-pon-la-gi/,VARIANT_MAPPED
xgspon là gì ưu nhược điểm,INFORMATIONAL,SUPPORT,/kien-thuc/xgs-pon-la-gi/,VARIANT_MAPPED
xgspon là gì 2026,INFORMATIONAL,SUPPORT,/kien-thuc/xgs-pon-la-gi/,VARIANT_MAPPED
giải pháp internet fpt review,COMMERCIAL,USE_CASE,/giai-phap/,VARIANT_MAPPED
giải pháp internet fpt có tốt không,COMMERCIAL,USE_CASE,/giai-phap/,VARIANT_MAPPED
giải pháp internet fpt phù hợp ai,COMMERCIAL,USE_CASE,/giai-phap/,VARIANT_MAPPED
giải pháp internet fpt nên dùng không,COMMERCIAL,USE_CASE,/giai-phap/,VARIANT_MAPPED
giải pháp internet fpt so sánh,COMMERCIAL,USE_CASE,/giai-phap/,VARIANT_MAPPED
giải pháp internet fpt mới nhất 2026,COMMERCIAL,USE_CASE,/giai-phap/,VARIANT_MAPPED
giải pháp internet fpt bao nhiêu tiền,COMMERCIAL,USE_CASE,/giai-phap/,VARIANT_MAPPED
mạng fpt theo nhu cầu giá,COMMERCIAL,USE_CASE,/giai-phap/,VARIANT_MAPPED
mạng fpt theo nhu cầu review,COMMERCIAL,USE_CASE,/giai-phap/,VARIANT_MAPPED
mạng fpt theo nhu cầu có tốt không,COMMERCIAL,USE_CASE,/giai-phap/,VARIANT_MAPPED
mạng fpt theo nhu cầu phù hợp ai,COMMERCIAL,USE_CASE,/giai-phap/,VARIANT_MAPPED
mạng fpt theo nhu cầu nên dùng không,COMMERCIAL,USE_CASE,/giai-phap/,VARIANT_MAPPED
mạng fpt theo nhu cầu so sánh,COMMERCIAL,USE_CASE,/giai-phap/,VARIANT_MAPPED
mạng fpt theo nhu cầu đăng ký,COMMERCIAL,USE_CASE,/giai-phap/,VARIANT_MAPPED
mạng fpt theo nhu cầu mới nhất 2026,COMMERCIAL,USE_CASE,/giai-phap/,VARIANT_MAPPED
mạng fpt theo nhu cầu bao nhiêu tiền,COMMERCIAL,USE_CASE,/giai-phap/,VARIANT_MAPPED
giải pháp internet fpt giá giá,COMMERCIAL,USE_CASE,/giai-phap/,VARIANT_MAPPED
giải pháp internet fpt giá review,COMMERCIAL,USE_CASE,/giai-phap/,VARIANT_MAPPED
giải pháp internet fpt giá có tốt không,COMMERCIAL,USE_CASE,/giai-phap/,VARIANT_MAPPED
giải pháp internet fpt giá phù hợp ai,COMMERCIAL,USE_CASE,/giai-phap/,VARIANT_MAPPED
giải pháp internet fpt giá nên dùng không,COMMERCIAL,USE_CASE,/giai-phap/,VARIANT_MAPPED
giải pháp internet fpt giá so sánh,COMMERCIAL,USE_CASE,/giai-phap/,VARIANT_MAPPED
giải pháp internet fpt giá đăng ký,COMMERCIAL,USE_CASE,/giai-phap/,VARIANT_MAPPED
giải pháp internet fpt giá mới nhất 2026,COMMERCIAL,USE_CASE,/giai-phap/,VARIANT_MAPPED
giải pháp internet fpt giá bao nhiêu tiền,COMMERCIAL,USE_CASE,/giai-phap/,VARIANT_MAPPED
so sánh internet fpt so sánh chi tiết,COMPARISON,COMPARE,/so-sanh/,VARIANT_MAPPED
so sánh internet fpt khác nhau gì,COMPARISON,COMPARE,/so-sanh/,VARIANT_MAPPED
so sánh internet fpt nên chọn cái nào,COMPARISON,COMPARE,/so-sanh/,VARIANT_MAPPED
so sánh internet fpt cái nào phù hợp hơn,COMPARISON,COMPARE,/so-sanh/,VARIANT_MAPPED
so sánh internet fpt 2026,COMPARISON,COMPARE,/so-sanh/,VARIANT_MAPPED
so sánh mạng fpt so sánh chi tiết,COMPARISON,COMPARE,/so-sanh/,VARIANT_MAPPED
so sánh mạng fpt khác nhau gì,COMPARISON,COMPARE,/so-sanh/,VARIANT_MAPPED
so sánh mạng fpt nên chọn cái nào,COMPARISON,COMPARE,/so-sanh/,VARIANT_MAPPED
so sánh mạng fpt cái nào phù hợp hơn,COMPARISON,COMPARE,/so-sanh/,VARIANT_MAPPED
so sánh mạng fpt 2026,COMPARISON,COMPARE,/so-sanh/,VARIANT_MAPPED
so sánh gói fpt so sánh chi tiết,COMPARISON,COMPARE,/so-sanh/,VARIANT_MAPPED
so sánh gói fpt khác nhau gì,COMPARISON,COMPARE,/so-sanh/,VARIANT_MAPPED
so sánh gói fpt nên chọn cái nào,COMPARISON,COMPARE,/so-sanh/,VARIANT_MAPPED
so sánh gói fpt cái nào phù hợp hơn,COMPARISON,COMPARE,/so-sanh/,VARIANT_MAPPED
so sánh gói fpt 2026,COMPARISON,COMPARE,/so-sanh/,VARIANT_MAPPED
hỗ trợ internet fpt cách xử lý,SUPPORT,SUPPORT,/ho-tro/,VARIANT_MAPPED
hỗ trợ internet fpt hướng dẫn,SUPPORT,SUPPORT,/ho-tro/,VARIANT_MAPPED
hỗ trợ internet fpt bị lỗi,SUPPORT,SUPPORT,/ho-tro/,VARIANT_MAPPED
hỗ trợ internet fpt không dùng được,SUPPORT,SUPPORT,/ho-tro/,VARIANT_MAPPED
hỗ trợ internet fpt cách kiểm tra,SUPPORT,SUPPORT,/ho-tro/,VARIANT_MAPPED
hỗ trợ internet fpt 2026,SUPPORT,SUPPORT,/ho-tro/,VARIANT_MAPPED
hỗ trợ fpt cách xử lý,SUPPORT,SUPPORT,/ho-tro/,VARIANT_MAPPED
hỗ trợ fpt hướng dẫn,SUPPORT,SUPPORT,/ho-tro/,VARIANT_MAPPED
hỗ trợ fpt bị lỗi,SUPPORT,SUPPORT,/ho-tro/,VARIANT_MAPPED
hỗ trợ fpt không dùng được,SUPPORT,SUPPORT,/ho-tro/,VARIANT_MAPPED
hỗ trợ fpt cách kiểm tra,SUPPORT,SUPPORT,/ho-tro/,VARIANT_MAPPED
hỗ trợ fpt 2026,SUPPORT,SUPPORT,/ho-tro/,VARIANT_MAPPED
hướng dẫn fpt cách xử lý,SUPPORT,SUPPORT,/ho-tro/,VARIANT_MAPPED
hướng dẫn fpt hướng dẫn,SUPPORT,SUPPORT,/ho-tro/,VARIANT_MAPPED
hướng dẫn fpt bị lỗi,SUPPORT,SUPPORT,/ho-tro/,VARIANT_MAPPED
hướng dẫn fpt không dùng được,SUPPORT,SUPPORT,/ho-tro/,VARIANT_MAPPED
hướng dẫn fpt cách kiểm tra,SUPPORT,SUPPORT,/ho-tro/,VARIANT_MAPPED
hướng dẫn fpt 2026,SUPPORT,SUPPORT,/ho-tro/,VARIANT_MAPPED
kiến thức internet fpt là gì,INFORMATIONAL,KNOWLEDGE,/kien-thuc/,VARIANT_MAPPED
kiến thức internet fpt hoạt động thế nào,INFORMATIONAL,KNOWLEDGE,/kien-thuc/,VARIANT_MAPPED
kiến thức internet fpt có gì mới,INFORMATIONAL,KNOWLEDGE,/kien-thuc/,VARIANT_MAPPED
kiến thức internet fpt hướng dẫn,INFORMATIONAL,KNOWLEDGE,/kien-thuc/,VARIANT_MAPPED
kiến thức internet fpt có nên dùng,INFORMATIONAL,KNOWLEDGE,/kien-thuc/,VARIANT_MAPPED
kiến thức internet fpt ưu nhược điểm,INFORMATIONAL,KNOWLEDGE,/kien-thuc/,VARIANT_MAPPED
kiến thức internet fpt 2026,INFORMATIONAL,KNOWLEDGE,/kien-thuc/,VARIANT_MAPPED
wifi fpt là gì là gì,INFORMATIONAL,KNOWLEDGE,/kien-thuc/,VARIANT_MAPPED
wifi fpt là gì hoạt động thế nào,INFORMATIONAL,KNOWLEDGE,/kien-thuc/,VARIANT_MAPPED
wifi fpt là gì có gì mới,INFORMATIONAL,KNOWLEDGE,/kien-thuc/,VARIANT_MAPPED
wifi fpt là gì hướng dẫn,INFORMATIONAL,KNOWLEDGE,/kien-thuc/,VARIANT_MAPPED
wifi fpt là gì có nên dùng,INFORMATIONAL,KNOWLEDGE,/kien-thuc/,VARIANT_MAPPED
wifi fpt là gì ưu nhược điểm,INFORMATIONAL,KNOWLEDGE,/kien-thuc/,VARIANT_MAPPED
wifi fpt là gì 2026,INFORMATIONAL,KNOWLEDGE,/kien-thuc/,VARIANT_MAPPED
lắp mạng fpt theo khu vực đăng ký,LOCAL_TRANSACTIONAL,LOCAL,/khu-vuc/,VARIANT_MAPPED
lắp mạng fpt theo khu vực giá,LOCAL_TRANSACTIONAL,LOCAL,/khu-vuc/,VARIANT_MAPPED
lắp mạng fpt theo khu vực lắp đặt,LOCAL_TRANSACTIONAL,LOCAL,/khu-vuc/,VARIANT_MAPPED
lắp mạng fpt theo khu vực khuyến mãi,LOCAL_TRANSACTIONAL,LOCAL,/khu-vuc/,VARIANT_MAPPED
lắp mạng fpt theo khu vực tư vấn,LOCAL_TRANSACTIONAL,LOCAL,/khu-vuc/,VARIANT_MAPPED
fpt gần đây đăng ký,LOCAL_TRANSACTIONAL,LOCAL,/khu-vuc/,VARIANT_MAPPED
fpt gần đây giá,LOCAL_TRANSACTIONAL,LOCAL,/khu-vuc/,VARIANT_MAPPED
fpt gần đây lắp đặt,LOCAL_TRANSACTIONAL,LOCAL,/khu-vuc/,VARIANT_MAPPED
fpt gần đây khuyến mãi,LOCAL_TRANSACTIONAL,LOCAL,/khu-vuc/,VARIANT_MAPPED
fpt gần đây tư vấn,LOCAL_TRANSACTIONAL,LOCAL,/khu-vuc/,VARIANT_MAPPED
lắp mạng fpt đăng ký,TRANSACTIONAL,INSTALL,/lap-mang-fpt/,VARIANT_MAPPED
lắp mạng fpt lắp đặt,TRANSACTIONAL,INSTALL,/lap-mang-fpt/,VARIANT_MAPPED
lắp mạng fpt giá bao nhiêu,TRANSACTIONAL,INSTALL,/lap-mang-fpt/,VARIANT_MAPPED
lắp mạng fpt ở đâu,TRANSACTIONAL,INSTALL,/lap-mang-fpt/,VARIANT_MAPPED
lắp mạng fpt tư vấn,TRANSACTIONAL,INSTALL,/lap-mang-fpt/,VARIANT_MAPPED
lắp mạng fpt khuyến mãi,TRANSACTIONAL,INSTALL,/lap-mang-fpt/,VARIANT_MAPPED
lắp mạng fpt mới nhất 2026,TRANSACTIONAL,INSTALL,/lap-mang-fpt/,VARIANT_MAPPED
lắp mạng fpt thủ tục,TRANSACTIONAL,INSTALL,/lap-mang-fpt/,VARIANT_MAPPED
internet fpt giá,COMMERCIAL,INTERNET,/internet-fpt/,VARIANT_MAPPED
internet fpt review,COMMERCIAL,INTERNET,/internet-fpt/,VARIANT_MAPPED
internet fpt có tốt không,COMMERCIAL,INTERNET,/internet-fpt/,VARIANT_MAPPED
internet fpt phù hợp ai,COMMERCIAL,INTERNET,/internet-fpt/,VARIANT_MAPPED
internet fpt nên dùng không,COMMERCIAL,INTERNET,/internet-fpt/,VARIANT_MAPPED
internet fpt so sánh,COMMERCIAL,INTERNET,/internet-fpt/,VARIANT_MAPPED
internet fpt đăng ký,COMMERCIAL,INTERNET,/internet-fpt/,VARIANT_MAPPED
internet fpt mới nhất 2026,COMMERCIAL,INTERNET,/internet-fpt/,VARIANT_MAPPED
internet fpt bao nhiêu tiền,COMMERCIAL,INTERNET,/internet-fpt/,VARIANT_MAPPED
wifi fpt giá,COMMERCIAL,WIFI,/wifi-fpt/,VARIANT_MAPPED
wifi fpt review,COMMERCIAL,WIFI,/wifi-fpt/,VARIANT_MAPPED
wifi fpt có tốt không,COMMERCIAL,WIFI,/wifi-fpt/,VARIANT_MAPPED
wifi fpt phù hợp ai,COMMERCIAL,WIFI,/wifi-fpt/,VARIANT_MAPPED
wifi fpt nên dùng không,COMMERCIAL,WIFI,/wifi-fpt/,VARIANT_MAPPED
wifi fpt so sánh,COMMERCIAL,WIFI,/wifi-fpt/,VARIANT_MAPPED
wifi fpt đăng ký,COMMERCIAL,WIFI,/wifi-fpt/,VARIANT_MAPPED
wifi fpt mới nhất 2026,COMMERCIAL,WIFI,/wifi-fpt/,VARIANT_MAPPED
wifi fpt bao nhiêu tiền,COMMERCIAL,WIFI,/wifi-fpt/,VARIANT_MAPPED
cáp quang fpt là gì,INFORMATIONAL,FTTH,/cap-quang-fpt/,VARIANT_MAPPED
cáp quang fpt hoạt động thế nào,INFORMATIONAL,FTTH,/cap-quang-fpt/,VARIANT_MAPPED
cáp quang fpt có gì mới,INFORMATIONAL,FTTH,/cap-quang-fpt/,VARIANT_MAPPED
cáp quang fpt hướng dẫn,INFORMATIONAL,FTTH,/cap-quang-fpt/,VARIANT_MAPPED
cáp quang fpt có nên dùng,INFORMATIONAL,FTTH,/cap-quang-fpt/,VARIANT_MAPPED
cáp quang fpt ưu nhược điểm,INFORMATIONAL,FTTH,/cap-quang-fpt/,VARIANT_MAPPED
cáp quang fpt 2026,INFORMATIONAL,FTTH,/cap-quang-fpt/,VARIANT_MAPPED
wifi 7 fpt giá,COMMERCIAL,WIFI7,/wifi-7/,VARIANT_MAPPED
wifi 7 fpt review,COMMERCIAL,WIFI7,/wifi-7/,VARIANT_MAPPED
wifi 7 fpt có tốt không,COMMERCIAL,WIFI7,/wifi-7/,VARIANT_MAPPED
wifi 7 fpt phù hợp ai,COMMERCIAL,WIFI7,/wifi-7/,VARIANT_MAPPED
wifi 7 fpt nên dùng không,COMMERCIAL,WIFI7,/wifi-7/,VARIANT_MAPPED
wifi 7 fpt so sánh,COMMERCIAL,WIFI7,/wifi-7/,VARIANT_MAPPED
wifi 7 fpt đăng ký,COMMERCIAL,WIFI7,/wifi-7/,VARIANT_MAPPED
wifi 7 fpt mới nhất 2026,COMMERCIAL,WIFI7,/wifi-7/,VARIANT_MAPPED
wifi 7 fpt bao nhiêu tiền,COMMERCIAL,WIFI7,/wifi-7/,VARIANT_MAPPED
camera fpt giá,COMMERCIAL,CAMERA,/camera-fpt/,VARIANT_MAPPED
camera fpt review,COMMERCIAL,CAMERA,/camera-fpt/,VARIANT_MAPPED
camera fpt có tốt không,COMMERCIAL,CAMERA,/camera-fpt/,VARIANT_MAPPED
camera fpt phù hợp ai,COMMERCIAL,CAMERA,/camera-fpt/,VARIANT_MAPPED
camera fpt nên dùng không,COMMERCIAL,CAMERA,/camera-fpt/,VARIANT_MAPPED
camera fpt so sánh,COMMERCIAL,CAMERA,/camera-fpt/,VARIANT_MAPPED
camera fpt đăng ký,COMMERCIAL,CAMERA,/camera-fpt/,VARIANT_MAPPED
camera fpt mới nhất 2026,COMMERCIAL,CAMERA,/camera-fpt/,VARIANT_MAPPED
camera fpt bao nhiêu tiền,COMMERCIAL,CAMERA,/camera-fpt/,VARIANT_MAPPED
fpt play giá,COMMERCIAL,PLAY,/fpt-play/,VARIANT_MAPPED
fpt play review,COMMERCIAL,PLAY,/fpt-play/,VARIANT_MAPPED
fpt play có tốt không,COMMERCIAL,PLAY,/fpt-play/,VARIANT_MAPPED
fpt play phù hợp ai,COMMERCIAL,PLAY,/fpt-play/,VARIANT_MAPPED
fpt play nên dùng không,COMMERCIAL,PLAY,/fpt-play/,VARIANT_MAPPED
fpt play so sánh,COMMERCIAL,PLAY,/fpt-play/,VARIANT_MAPPED
fpt play đăng ký,COMMERCIAL,PLAY,/fpt-play/,VARIANT_MAPPED
fpt play mới nhất 2026,COMMERCIAL,PLAY,/fpt-play/,VARIANT_MAPPED
fpt play bao nhiêu tiền,COMMERCIAL,PLAY,/fpt-play/,VARIANT_MAPPED
hỗ trợ fpt cách xử lý,SUPPORT,SUPPORT,/support/,VARIANT_MAPPED
hỗ trợ fpt hướng dẫn,SUPPORT,SUPPORT,/support/,VARIANT_MAPPED
hỗ trợ fpt bị lỗi,SUPPORT,SUPPORT,/support/,VARIANT_MAPPED
hỗ trợ fpt không dùng được,SUPPORT,SUPPORT,/support/,VARIANT_MAPPED
hỗ trợ fpt cách kiểm tra,SUPPORT,SUPPORT,/support/,VARIANT_MAPPED
hỗ trợ fpt 2026,SUPPORT,SUPPORT,/support/,VARIANT_MAPPED
tin tức fpt là gì,INFORMATIONAL,NEWS,/tin-tuc/,VARIANT_MAPPED
tin tức fpt hoạt động thế nào,INFORMATIONAL,NEWS,/tin-tuc/,VARIANT_MAPPED
tin tức fpt có gì mới,INFORMATIONAL,NEWS,/tin-tuc/,VARIANT_MAPPED
tin tức fpt hướng dẫn,INFORMATIONAL,NEWS,/tin-tuc/,VARIANT_MAPPED
tin tức fpt có nên dùng,INFORMATIONAL,NEWS,/tin-tuc/,VARIANT_MAPPED
tin tức fpt ưu nhược điểm,INFORMATIONAL,NEWS,/tin-tuc/,VARIANT_MAPPED
tin tức fpt 2026,INFORMATIONAL,NEWS,/tin-tuc/,VARIANT_MAPPED
liên hệ fpt đăng ký,TRANSACTIONAL,CONTACT,/lien-he/,VARIANT_MAPPED
liên hệ fpt lắp đặt,TRANSACTIONAL,CONTACT,/lien-he/,VARIANT_MAPPED
liên hệ fpt giá bao nhiêu,TRANSACTIONAL,CONTACT,/lien-he/,VARIANT_MAPPED
liên hệ fpt ở đâu,TRANSACTIONAL,CONTACT,/lien-he/,VARIANT_MAPPED
liên hệ fpt tư vấn,TRANSACTIONAL,CONTACT,/lien-he/,VARIANT_MAPPED
liên hệ fpt khuyến mãi,TRANSACTIONAL,CONTACT,/lien-he/,VARIANT_MAPPED
liên hệ fpt mới nhất 2026,TRANSACTIONAL,CONTACT,/lien-he/,VARIANT_MAPPED
liên hệ fpt thủ tục,TRANSACTIONAL,CONTACT,/lien-he/,VARIANT_MAPPED
giga fpt giá,COMMERCIAL,PACKAGES,/goi-cuoc/giga/,VARIANT_MAPPED
giga fpt review,COMMERCIAL,PACKAGES,/goi-cuoc/giga/,VARIANT_MAPPED
giga fpt có tốt không,COMMERCIAL,PACKAGES,/goi-cuoc/giga/,VARIANT_MAPPED
giga fpt phù hợp ai,COMMERCIAL,PACKAGES,/goi-cuoc/giga/,VARIANT_MAPPED
giga fpt nên dùng không,COMMERCIAL,PACKAGES,/goi-cuoc/giga/,VARIANT_MAPPED
giga fpt so sánh,COMMERCIAL,PACKAGES,/goi-cuoc/giga/,VARIANT_MAPPED
giga fpt đăng ký,COMMERCIAL,PACKAGES,/goi-cuoc/giga/,VARIANT_MAPPED
giga fpt mới nhất 2026,COMMERCIAL,PACKAGES,/goi-cuoc/giga/,VARIANT_MAPPED
giga fpt bao nhiêu tiền,COMMERCIAL,PACKAGES,/goi-cuoc/giga/,VARIANT_MAPPED
sky fpt giá,COMMERCIAL,PACKAGES,/goi-cuoc/sky/,VARIANT_MAPPED
sky fpt review,COMMERCIAL,PACKAGES,/goi-cuoc/sky/,VARIANT_MAPPED
sky fpt có tốt không,COMMERCIAL,PACKAGES,/goi-cuoc/sky/,VARIANT_MAPPED
sky fpt phù hợp ai,COMMERCIAL,PACKAGES,/goi-cuoc/sky/,VARIANT_MAPPED
sky fpt nên dùng không,COMMERCIAL,PACKAGES,/goi-cuoc/sky/,VARIANT_MAPPED
sky fpt so sánh,COMMERCIAL,PACKAGES,/goi-cuoc/sky/,VARIANT_MAPPED
sky fpt đăng ký,COMMERCIAL,PACKAGES,/goi-cuoc/sky/,VARIANT_MAPPED
sky fpt mới nhất 2026,COMMERCIAL,PACKAGES,/goi-cuoc/sky/,VARIANT_MAPPED
sky fpt bao nhiêu tiền,COMMERCIAL,PACKAGES,/goi-cuoc/sky/,VARIANT_MAPPED
meta fpt giá,COMMERCIAL,PACKAGES,/goi-cuoc/meta/,VARIANT_MAPPED
meta fpt review,COMMERCIAL,PACKAGES,/goi-cuoc/meta/,VARIANT_MAPPED
meta fpt có tốt không,COMMERCIAL,PACKAGES,/goi-cuoc/meta/,VARIANT_MAPPED
meta fpt phù hợp ai,COMMERCIAL,PACKAGES,/goi-cuoc/meta/,VARIANT_MAPPED
meta fpt nên dùng không,COMMERCIAL,PACKAGES,/goi-cuoc/meta/,VARIANT_MAPPED
meta fpt so sánh,COMMERCIAL,PACKAGES,/goi-cuoc/meta/,VARIANT_MAPPED
meta fpt đăng ký,COMMERCIAL,PACKAGES,/goi-cuoc/meta/,VARIANT_MAPPED
meta fpt mới nhất 2026,COMMERCIAL,PACKAGES,/goi-cuoc/meta/,VARIANT_MAPPED
meta fpt bao nhiêu tiền,COMMERCIAL,PACKAGES,/goi-cuoc/meta/,VARIANT_MAPPED
gói cước fpt phù hợp với ai?,INFORMATIONAL,PACKAGES,/goi-cuoc-fpt/,AEO_QUESTION
gói cước fpt có tốt không?,INFORMATIONAL,PACKAGES,/goi-cuoc-fpt/,AEO_QUESTION
gói cước fpt khác gì lựa chọn khác?,INFORMATIONAL,PACKAGES,/goi-cuoc-fpt/,AEO_QUESTION
khi nào nên chọn gói cước fpt?,INFORMATIONAL,PACKAGES,/goi-cuoc-fpt/,AEO_QUESTION
bảng giá fpt phù hợp với ai?,INFORMATIONAL,PACKAGES,/bang-gia-fpt/,AEO_QUESTION
bảng giá fpt có tốt không?,INFORMATIONAL,PACKAGES,/bang-gia-fpt/,AEO_QUESTION
bảng giá fpt khác gì lựa chọn khác?,INFORMATIONAL,PACKAGES,/bang-gia-fpt/,AEO_QUESTION
khi nào nên chọn bảng giá fpt?,INFORMATIONAL,PACKAGES,/bang-gia-fpt/,AEO_QUESTION
combo fpt phù hợp với ai?,INFORMATIONAL,COMBO,/combo-fpt/,AEO_QUESTION
combo fpt có tốt không?,INFORMATIONAL,COMBO,/combo-fpt/,AEO_QUESTION
combo fpt khác gì lựa chọn khác?,INFORMATIONAL,COMBO,/combo-fpt/,AEO_QUESTION
khi nào nên chọn combo fpt?,INFORMATIONAL,COMBO,/combo-fpt/,AEO_QUESTION
internet + truyền hình fpt phù hợp với ai?,INFORMATIONAL,COMBO,/internet-truyen-hinh-fpt/,AEO_QUESTION
internet + truyền hình fpt có tốt không?,INFORMATIONAL,COMBO,/internet-truyen-hinh-fpt/,AEO_QUESTION
internet + truyền hình fpt khác gì lựa chọn khác?,INFORMATIONAL,COMBO,/internet-truyen-hinh-fpt/,AEO_QUESTION
khi nào nên chọn internet + truyền hình fpt?,INFORMATIONAL,COMBO,/internet-truyen-hinh-fpt/,AEO_QUESTION
f-game fpt phù hợp với ai?,INFORMATIONAL,GAMING,/f-game-fpt/,AEO_QUESTION
f-game fpt có tốt không?,INFORMATIONAL,GAMING,/f-game-fpt/,AEO_QUESTION
f-game fpt khác gì lựa chọn khác?,INFORMATIONAL,GAMING,/f-game-fpt/,AEO_QUESTION
khi nào nên chọn f-game fpt?,INFORMATIONAL,GAMING,/f-game-fpt/,AEO_QUESTION
mesh wifi fpt phù hợp với ai?,INFORMATIONAL,WIFI,/mesh-wifi-fpt/,AEO_QUESTION
mesh wifi fpt có tốt không?,INFORMATIONAL,WIFI,/mesh-wifi-fpt/,AEO_QUESTION
mesh wifi fpt khác gì lựa chọn khác?,INFORMATIONAL,WIFI,/mesh-wifi-fpt/,AEO_QUESTION
khi nào nên chọn mesh wifi fpt?,INFORMATIONAL,WIFI,/mesh-wifi-fpt/,AEO_QUESTION
wifi 6 fpt là gì?,INFORMATIONAL,WIFI,/wifi-6-fpt/,AEO_QUESTION
wifi 6 fpt hoạt động thế nào?,INFORMATIONAL,WIFI,/wifi-6-fpt/,AEO_QUESTION
wifi 6 fpt có ưu nhược điểm gì?,INFORMATIONAL,WIFI,/wifi-6-fpt/,AEO_QUESTION
khi nào cần wifi 6 fpt?,INFORMATIONAL,WIFI,/wifi-6-fpt/,AEO_QUESTION
xgs-pon fpt là gì?,INFORMATIONAL,WIFI7,/xgs-pon-fpt/,AEO_QUESTION
xgs-pon fpt hoạt động thế nào?,INFORMATIONAL,WIFI7,/xgs-pon-fpt/,AEO_QUESTION
xgs-pon fpt có ưu nhược điểm gì?,INFORMATIONAL,WIFI7,/xgs-pon-fpt/,AEO_QUESTION
khi nào cần xgs-pon fpt?,INFORMATIONAL,WIFI7,/xgs-pon-fpt/,AEO_QUESTION
speedx fpt phù hợp với ai?,INFORMATIONAL,WIFI7,/speedx-fpt/,AEO_QUESTION
speedx fpt có tốt không?,INFORMATIONAL,WIFI7,/speedx-fpt/,AEO_QUESTION
speedx fpt khác gì lựa chọn khác?,INFORMATIONAL,WIFI7,/speedx-fpt/,AEO_QUESTION
khi nào nên chọn speedx fpt?,INFORMATIONAL,WIFI7,/speedx-fpt/,AEO_QUESTION
gói f-game fpt phù hợp với ai?,INFORMATIONAL,PACKAGES,/goi-cuoc/f-game/,AEO_QUESTION
gói f-game fpt có tốt không?,INFORMATIONAL,PACKAGES,/goi-cuoc/f-game/,AEO_QUESTION
gói f-game fpt khác gì lựa chọn khác?,INFORMATIONAL,PACKAGES,/goi-cuoc/f-game/,AEO_QUESTION
khi nào nên chọn gói f-game fpt?,INFORMATIONAL,PACKAGES,/goi-cuoc/f-game/,AEO_QUESTION
combo giga fpt phù hợp với ai?,INFORMATIONAL,PACKAGES,/goi-cuoc/combo-giga/,AEO_QUESTION
combo giga fpt có tốt không?,INFORMATIONAL,PACKAGES,/goi-cuoc/combo-giga/,AEO_QUESTION
combo giga fpt khác gì lựa chọn khác?,INFORMATIONAL,PACKAGES,/goi-cuoc/combo-giga/,AEO_QUESTION
khi nào nên chọn combo giga fpt?,INFORMATIONAL,PACKAGES,/goi-cuoc/combo-giga/,AEO_QUESTION
combo sky fpt phù hợp với ai?,INFORMATIONAL,PACKAGES,/goi-cuoc/combo-sky/,AEO_QUESTION
combo sky fpt có tốt không?,INFORMATIONAL,PACKAGES,/goi-cuoc/combo-sky/,AEO_QUESTION
combo sky fpt khác gì lựa chọn khác?,INFORMATIONAL,PACKAGES,/goi-cuoc/combo-sky/,AEO_QUESTION
khi nào nên chọn combo sky fpt?,INFORMATIONAL,PACKAGES,/goi-cuoc/combo-sky/,AEO_QUESTION
combo meta fpt phù hợp với ai?,INFORMATIONAL,PACKAGES,/goi-cuoc/combo-meta/,AEO_QUESTION
combo meta fpt có tốt không?,INFORMATIONAL,PACKAGES,/goi-cuoc/combo-meta/,AEO_QUESTION
combo meta fpt khác gì lựa chọn khác?,INFORMATIONAL,PACKAGES,/goi-cuoc/combo-meta/,AEO_QUESTION
khi nào nên chọn combo meta fpt?,INFORMATIONAL,PACKAGES,/goi-cuoc/combo-meta/,AEO_QUESTION
combo f-game fpt phù hợp với ai?,INFORMATIONAL,PACKAGES,/goi-cuoc/combo-f-game/,AEO_QUESTION
combo f-game fpt có tốt không?,INFORMATIONAL,PACKAGES,/goi-cuoc/combo-f-game/,AEO_QUESTION
combo f-game fpt khác gì lựa chọn khác?,INFORMATIONAL,PACKAGES,/goi-cuoc/combo-f-game/,AEO_QUESTION
khi nào nên chọn combo f-game fpt?,INFORMATIONAL,PACKAGES,/goi-cuoc/combo-f-game/,AEO_QUESTION
speedx2 fpt phù hợp với ai?,INFORMATIONAL,PACKAGES,/goi-cuoc/speedx2/,AEO_QUESTION
speedx2 fpt có tốt không?,INFORMATIONAL,PACKAGES,/goi-cuoc/speedx2/,AEO_QUESTION
speedx2 fpt khác gì lựa chọn khác?,INFORMATIONAL,PACKAGES,/goi-cuoc/speedx2/,AEO_QUESTION
khi nào nên chọn speedx2 fpt?,INFORMATIONAL,PACKAGES,/goi-cuoc/speedx2/,AEO_QUESTION
speedx2 pro fpt phù hợp với ai?,INFORMATIONAL,PACKAGES,/goi-cuoc/speedx2-pro/,AEO_QUESTION
speedx2 pro fpt có tốt không?,INFORMATIONAL,PACKAGES,/goi-cuoc/speedx2-pro/,AEO_QUESTION
speedx2 pro fpt khác gì lựa chọn khác?,INFORMATIONAL,PACKAGES,/goi-cuoc/speedx2-pro/,AEO_QUESTION
khi nào nên chọn speedx2 pro fpt?,INFORMATIONAL,PACKAGES,/goi-cuoc/speedx2-pro/,AEO_QUESTION
speedx10 fpt phù hợp với ai?,INFORMATIONAL,PACKAGES,/goi-cuoc/speedx10/,AEO_QUESTION
speedx10 fpt có tốt không?,INFORMATIONAL,PACKAGES,/goi-cuoc/speedx10/,AEO_QUESTION
speedx10 fpt khác gì lựa chọn khác?,INFORMATIONAL,PACKAGES,/goi-cuoc/speedx10/,AEO_QUESTION
khi nào nên chọn speedx10 fpt?,INFORMATIONAL,PACKAGES,/goi-cuoc/speedx10/,AEO_QUESTION
speedx10 pro fpt phù hợp với ai?,INFORMATIONAL,PACKAGES,/goi-cuoc/speedx10-pro/,AEO_QUESTION
speedx10 pro fpt có tốt không?,INFORMATIONAL,PACKAGES,/goi-cuoc/speedx10-pro/,AEO_QUESTION
speedx10 pro fpt khác gì lựa chọn khác?,INFORMATIONAL,PACKAGES,/goi-cuoc/speedx10-pro/,AEO_QUESTION
khi nào nên chọn speedx10 pro fpt?,INFORMATIONAL,PACKAGES,/goi-cuoc/speedx10-pro/,AEO_QUESTION
camera play 3 fpt phù hợp với ai?,INFORMATIONAL,CAMERA,/camera-fpt/play-3/,AEO_QUESTION
camera play 3 fpt có tốt không?,INFORMATIONAL,CAMERA,/camera-fpt/play-3/,AEO_QUESTION
camera play 3 fpt khác gì lựa chọn khác?,INFORMATIONAL,CAMERA,/camera-fpt/play-3/,AEO_QUESTION
khi nào nên chọn camera play 3 fpt?,INFORMATIONAL,CAMERA,/camera-fpt/play-3/,AEO_QUESTION
camera play 4 fpt phù hợp với ai?,INFORMATIONAL,CAMERA,/camera-fpt/play-4/,AEO_QUESTION
camera play 4 fpt có tốt không?,INFORMATIONAL,CAMERA,/camera-fpt/play-4/,AEO_QUESTION
camera play 4 fpt khác gì lựa chọn khác?,INFORMATIONAL,CAMERA,/camera-fpt/play-4/,AEO_QUESTION
khi nào nên chọn camera play 4 fpt?,INFORMATIONAL,CAMERA,/camera-fpt/play-4/,AEO_QUESTION
mạng fpt cho gia đình phù hợp với ai?,INFORMATIONAL,USE_FAMILY,/giai-phap/gia-dinh/,AEO_QUESTION
mạng fpt cho gia đình có tốt không?,INFORMATIONAL,USE_FAMILY,/giai-phap/gia-dinh/,AEO_QUESTION
mạng fpt cho gia đình khác gì lựa chọn khác?,INFORMATIONAL,USE_FAMILY,/giai-phap/gia-dinh/,AEO_QUESTION
khi nào nên chọn mạng fpt cho gia đình?,INFORMATIONAL,USE_FAMILY,/giai-phap/gia-dinh/,AEO_QUESTION
wifi fpt cho nhà nhiều tầng phù hợp với ai?,INFORMATIONAL,USE_MULTIFLOOR,/giai-phap/nha-nhieu-tang/,AEO_QUESTION
wifi fpt cho nhà nhiều tầng có tốt không?,INFORMATIONAL,USE_MULTIFLOOR,/giai-phap/nha-nhieu-tang/,AEO_QUESTION
wifi fpt cho nhà nhiều tầng khác gì lựa chọn khác?,INFORMATIONAL,USE_MULTIFLOOR,/giai-phap/nha-nhieu-tang/,AEO_QUESTION
khi nào nên chọn wifi fpt cho nhà nhiều tầng?,INFORMATIONAL,USE_MULTIFLOOR,/giai-phap/nha-nhieu-tang/,AEO_QUESTION
mạng fpt cho chung cư phù hợp với ai?,INFORMATIONAL,USE_APARTMENT,/giai-phap/chung-cu/,AEO_QUESTION
mạng fpt cho chung cư có tốt không?,INFORMATIONAL,USE_APARTMENT,/giai-phap/chung-cu/,AEO_QUESTION
mạng fpt cho chung cư khác gì lựa chọn khác?,INFORMATIONAL,USE_APARTMENT,/giai-phap/chung-cu/,AEO_QUESTION
khi nào nên chọn mạng fpt cho chung cư?,INFORMATIONAL,USE_APARTMENT,/giai-phap/chung-cu/,AEO_QUESTION
mạng fpt cho game thủ phù hợp với ai?,INFORMATIONAL,USE_GAME,/giai-phap/game-thu/,AEO_QUESTION
mạng fpt cho game thủ có tốt không?,INFORMATIONAL,USE_GAME,/giai-phap/game-thu/,AEO_QUESTION
mạng fpt cho game thủ khác gì lựa chọn khác?,INFORMATIONAL,USE_GAME,/giai-phap/game-thu/,AEO_QUESTION
khi nào nên chọn mạng fpt cho game thủ?,INFORMATIONAL,USE_GAME,/giai-phap/game-thu/,AEO_QUESTION
mạng fpt cho livestream phù hợp với ai?,INFORMATIONAL,USE_STREAM,/giai-phap/livestream/,AEO_QUESTION
mạng fpt cho livestream có tốt không?,INFORMATIONAL,USE_STREAM,/giai-phap/livestream/,AEO_QUESTION
mạng fpt cho livestream khác gì lựa chọn khác?,INFORMATIONAL,USE_STREAM,/giai-phap/livestream/,AEO_QUESTION
khi nào nên chọn mạng fpt cho livestream?,INFORMATIONAL,USE_STREAM,/giai-phap/livestream/,AEO_QUESTION
mạng fpt cho camera phù hợp với ai?,INFORMATIONAL,USE_CAMERA,/giai-phap/camera/,AEO_QUESTION
mạng fpt cho camera có tốt không?,INFORMATIONAL,USE_CAMERA,/giai-phap/camera/,AEO_QUESTION
mạng fpt cho camera khác gì lựa chọn khác?,INFORMATIONAL,USE_CAMERA,/giai-phap/camera/,AEO_QUESTION
khi nào nên chọn mạng fpt cho camera?,INFORMATIONAL,USE_CAMERA,/giai-phap/camera/,AEO_QUESTION
internet fpt cho smart home phù hợp với ai?,INFORMATIONAL,USE_SMARTHOME,/giai-phap/smart-home/,AEO_QUESTION
internet fpt cho smart home có tốt không?,INFORMATIONAL,USE_SMARTHOME,/giai-phap/smart-home/,AEO_QUESTION
internet fpt cho smart home khác gì lựa chọn khác?,INFORMATIONAL,USE_SMARTHOME,/giai-phap/smart-home/,AEO_QUESTION
khi nào nên chọn internet fpt cho smart home?,INFORMATIONAL,USE_SMARTHOME,/giai-phap/smart-home/,AEO_QUESTION
mạng fpt cho văn phòng phù hợp với ai?,INFORMATIONAL,USE_OFFICE,/giai-phap/van-phong/,AEO_QUESTION
mạng fpt cho văn phòng có tốt không?,INFORMATIONAL,USE_OFFICE,/giai-phap/van-phong/,AEO_QUESTION
mạng fpt cho văn phòng khác gì lựa chọn khác?,INFORMATIONAL,USE_OFFICE,/giai-phap/van-phong/,AEO_QUESTION
khi nào nên chọn mạng fpt cho văn phòng?,INFORMATIONAL,USE_OFFICE,/giai-phap/van-phong/,AEO_QUESTION
mạng fpt cho doanh nghiệp nhỏ phù hợp với ai?,INFORMATIONAL,USE_SME,/giai-phap/doanh-nghiep-nho/,AEO_QUESTION
mạng fpt cho doanh nghiệp nhỏ có tốt không?,INFORMATIONAL,USE_SME,/giai-phap/doanh-nghiep-nho/,AEO_QUESTION
mạng fpt cho doanh nghiệp nhỏ khác gì lựa chọn khác?,INFORMATIONAL,USE_SME,/giai-phap/doanh-nghiep-nho/,AEO_QUESTION
khi nào nên chọn mạng fpt cho doanh nghiệp nhỏ?,INFORMATIONAL,USE_SME,/giai-phap/doanh-nghiep-nho/,AEO_QUESTION
mạng fpt cho quán cafe phù hợp với ai?,INFORMATIONAL,USE_CAFE,/giai-phap/quan-cafe/,AEO_QUESTION
mạng fpt cho quán cafe có tốt không?,INFORMATIONAL,USE_CAFE,/giai-phap/quan-cafe/,AEO_QUESTION
mạng fpt cho quán cafe khác gì lựa chọn khác?,INFORMATIONAL,USE_CAFE,/giai-phap/quan-cafe/,AEO_QUESTION
khi nào nên chọn mạng fpt cho quán cafe?,INFORMATIONAL,USE_CAFE,/giai-phap/quan-cafe/,AEO_QUESTION
mạng fpt cho homestay phù hợp với ai?,INFORMATIONAL,USE_HOMESTAY,/giai-phap/homestay/,AEO_QUESTION
mạng fpt cho homestay có tốt không?,INFORMATIONAL,USE_HOMESTAY,/giai-phap/homestay/,AEO_QUESTION
mạng fpt cho homestay khác gì lựa chọn khác?,INFORMATIONAL,USE_HOMESTAY,/giai-phap/homestay/,AEO_QUESTION
khi nào nên chọn mạng fpt cho homestay?,INFORMATIONAL,USE_HOMESTAY,/giai-phap/homestay/,AEO_QUESTION
mạng fpt cho cửa hàng phù hợp với ai?,INFORMATIONAL,USE_RETAIL,/giai-phap/cua-hang/,AEO_QUESTION
mạng fpt cho cửa hàng có tốt không?,INFORMATIONAL,USE_RETAIL,/giai-phap/cua-hang/,AEO_QUESTION
mạng fpt cho cửa hàng khác gì lựa chọn khác?,INFORMATIONAL,USE_RETAIL,/giai-phap/cua-hang/,AEO_QUESTION
khi nào nên chọn mạng fpt cho cửa hàng?,INFORMATIONAL,USE_RETAIL,/giai-phap/cua-hang/,AEO_QUESTION
fpt vs viettel khác nhau ở điểm nào?,INFORMATIONAL,COMPARE,/so-sanh/fpt-vs-viettel/,AEO_QUESTION
nên chọn fpt vs viettel trong trường hợp nào?,INFORMATIONAL,COMPARE,/so-sanh/fpt-vs-viettel/,AEO_QUESTION
fpt vs viettel cái nào phù hợp gia đình hơn?,INFORMATIONAL,COMPARE,/so-sanh/fpt-vs-viettel/,AEO_QUESTION
fpt vs vnpt khác nhau ở điểm nào?,INFORMATIONAL,COMPARE,/so-sanh/fpt-vs-vnpt/,AEO_QUESTION
nên chọn fpt vs vnpt trong trường hợp nào?,INFORMATIONAL,COMPARE,/so-sanh/fpt-vs-vnpt/,AEO_QUESTION
fpt vs vnpt cái nào phù hợp gia đình hơn?,INFORMATIONAL,COMPARE,/so-sanh/fpt-vs-vnpt/,AEO_QUESTION
wifi 6 vs wifi 7 khác nhau ở điểm nào?,INFORMATIONAL,COMPARE,/so-sanh/wifi-6-vs-wifi-7/,AEO_QUESTION
nên chọn wifi 6 vs wifi 7 trong trường hợp nào?,INFORMATIONAL,COMPARE,/so-sanh/wifi-6-vs-wifi-7/,AEO_QUESTION
wifi 6 vs wifi 7 cái nào phù hợp gia đình hơn?,INFORMATIONAL,COMPARE,/so-sanh/wifi-6-vs-wifi-7/,AEO_QUESTION
giga vs sky fpt khác nhau ở điểm nào?,INFORMATIONAL,COMPARE,/so-sanh/giga-vs-sky/,AEO_QUESTION
nên chọn giga vs sky fpt trong trường hợp nào?,INFORMATIONAL,COMPARE,/so-sanh/giga-vs-sky/,AEO_QUESTION
giga vs sky fpt cái nào phù hợp gia đình hơn?,INFORMATIONAL,COMPARE,/so-sanh/giga-vs-sky/,AEO_QUESTION
sky vs meta fpt khác nhau ở điểm nào?,INFORMATIONAL,COMPARE,/so-sanh/sky-vs-meta/,AEO_QUESTION
nên chọn sky vs meta fpt trong trường hợp nào?,INFORMATIONAL,COMPARE,/so-sanh/sky-vs-meta/,AEO_QUESTION
sky vs meta fpt cái nào phù hợp gia đình hơn?,INFORMATIONAL,COMPARE,/so-sanh/sky-vs-meta/,AEO_QUESTION
f-game vs meta fpt khác nhau ở điểm nào?,INFORMATIONAL,COMPARE,/so-sanh/f-game-vs-meta/,AEO_QUESTION
nên chọn f-game vs meta fpt trong trường hợp nào?,INFORMATIONAL,COMPARE,/so-sanh/f-game-vs-meta/,AEO_QUESTION
f-game vs meta fpt cái nào phù hợp gia đình hơn?,INFORMATIONAL,COMPARE,/so-sanh/f-game-vs-meta/,AEO_QUESTION
lắp mạng fpt mất bao lâu? là gì?,INFORMATIONAL,SUPPORT,/ho-tro/lap-mang-fpt-mat-bao-lau/,AEO_QUESTION
lắp mạng fpt mất bao lâu? hoạt động thế nào?,INFORMATIONAL,SUPPORT,/ho-tro/lap-mang-fpt-mat-bao-lau/,AEO_QUESTION
lắp mạng fpt mất bao lâu? có ưu nhược điểm gì?,INFORMATIONAL,SUPPORT,/ho-tro/lap-mang-fpt-mat-bao-lau/,AEO_QUESTION
khi nào cần lắp mạng fpt mất bao lâu??,INFORMATIONAL,SUPPORT,/ho-tro/lap-mang-fpt-mat-bao-lau/,AEO_QUESTION
phí lắp đặt fpt là gì?,INFORMATIONAL,SUPPORT,/ho-tro/phi-lap-dat-fpt/,AEO_QUESTION
phí lắp đặt fpt hoạt động thế nào?,INFORMATIONAL,SUPPORT,/ho-tro/phi-lap-dat-fpt/,AEO_QUESTION
phí lắp đặt fpt có ưu nhược điểm gì?,INFORMATIONAL,SUPPORT,/ho-tro/phi-lap-dat-fpt/,AEO_QUESTION
khi nào cần phí lắp đặt fpt?,INFORMATIONAL,SUPPORT,/ho-tro/phi-lap-dat-fpt/,AEO_QUESTION
đổi mật khẩu wifi fpt là gì?,INFORMATIONAL,SUPPORT,/ho-tro/doi-mat-khau-wifi-fpt/,AEO_QUESTION
đổi mật khẩu wifi fpt hoạt động thế nào?,INFORMATIONAL,SUPPORT,/ho-tro/doi-mat-khau-wifi-fpt/,AEO_QUESTION
đổi mật khẩu wifi fpt có ưu nhược điểm gì?,INFORMATIONAL,SUPPORT,/ho-tro/doi-mat-khau-wifi-fpt/,AEO_QUESTION
khi nào cần đổi mật khẩu wifi fpt?,INFORMATIONAL,SUPPORT,/ho-tro/doi-mat-khau-wifi-fpt/,AEO_QUESTION
wifi fpt yếu là gì?,INFORMATIONAL,SUPPORT,/ho-tro/wifi-fpt-yeu/,AEO_QUESTION
wifi fpt yếu hoạt động thế nào?,INFORMATIONAL,SUPPORT,/ho-tro/wifi-fpt-yeu/,AEO_QUESTION
wifi fpt yếu có ưu nhược điểm gì?,INFORMATIONAL,SUPPORT,/ho-tro/wifi-fpt-yeu/,AEO_QUESTION
khi nào cần wifi fpt yếu?,INFORMATIONAL,SUPPORT,/ho-tro/wifi-fpt-yeu/,AEO_QUESTION
mạng fpt chậm là gì?,INFORMATIONAL,SUPPORT,/ho-tro/mang-fpt-cham/,AEO_QUESTION
mạng fpt chậm hoạt động thế nào?,INFORMATIONAL,SUPPORT,/ho-tro/mang-fpt-cham/,AEO_QUESTION
mạng fpt chậm có ưu nhược điểm gì?,INFORMATIONAL,SUPPORT,/ho-tro/mang-fpt-cham/,AEO_QUESTION
khi nào cần mạng fpt chậm?,INFORMATIONAL,SUPPORT,/ho-tro/mang-fpt-cham/,AEO_QUESTION
mất mạng fpt là gì?,INFORMATIONAL,SUPPORT,/ho-tro/mat-mang-fpt/,AEO_QUESTION
mất mạng fpt hoạt động thế nào?,INFORMATIONAL,SUPPORT,/ho-tro/mat-mang-fpt/,AEO_QUESTION
mất mạng fpt có ưu nhược điểm gì?,INFORMATIONAL,SUPPORT,/ho-tro/mat-mang-fpt/,AEO_QUESTION
khi nào cần mất mạng fpt?,INFORMATIONAL,SUPPORT,/ho-tro/mat-mang-fpt/,AEO_QUESTION
chuyển địa điểm fpt là gì?,INFORMATIONAL,SUPPORT,/ho-tro/chuyen-dia-diem-fpt/,AEO_QUESTION
chuyển địa điểm fpt hoạt động thế nào?,INFORMATIONAL,SUPPORT,/ho-tro/chuyen-dia-diem-fpt/,AEO_QUESTION
chuyển địa điểm fpt có ưu nhược điểm gì?,INFORMATIONAL,SUPPORT,/ho-tro/chuyen-dia-diem-fpt/,AEO_QUESTION
khi nào cần chuyển địa điểm fpt?,INFORMATIONAL,SUPPORT,/ho-tro/chuyen-dia-diem-fpt/,AEO_QUESTION
nâng cấp gói fpt là gì?,INFORMATIONAL,SUPPORT,/ho-tro/nang-cap-goi-fpt/,AEO_QUESTION
nâng cấp gói fpt hoạt động thế nào?,INFORMATIONAL,SUPPORT,/ho-tro/nang-cap-goi-fpt/,AEO_QUESTION
nâng cấp gói fpt có ưu nhược điểm gì?,INFORMATIONAL,SUPPORT,/ho-tro/nang-cap-goi-fpt/,AEO_QUESTION
khi nào cần nâng cấp gói fpt?,INFORMATIONAL,SUPPORT,/ho-tro/nang-cap-goi-fpt/,AEO_QUESTION
hủy dịch vụ fpt là gì?,INFORMATIONAL,SUPPORT,/ho-tro/huy-goi-fpt/,AEO_QUESTION
hủy dịch vụ fpt hoạt động thế nào?,INFORMATIONAL,SUPPORT,/ho-tro/huy-goi-fpt/,AEO_QUESTION
hủy dịch vụ fpt có ưu nhược điểm gì?,INFORMATIONAL,SUPPORT,/ho-tro/huy-goi-fpt/,AEO_QUESTION
khi nào cần hủy dịch vụ fpt?,INFORMATIONAL,SUPPORT,/ho-tro/huy-goi-fpt/,AEO_QUESTION
kiểm tra tốc độ mạng fpt là gì?,INFORMATIONAL,SUPPORT,/ho-tro/kiem-tra-toc-do-mang-fpt/,AEO_QUESTION
kiểm tra tốc độ mạng fpt hoạt động thế nào?,INFORMATIONAL,SUPPORT,/ho-tro/kiem-tra-toc-do-mang-fpt/,AEO_QUESTION
kiểm tra tốc độ mạng fpt có ưu nhược điểm gì?,INFORMATIONAL,SUPPORT,/ho-tro/kiem-tra-toc-do-mang-fpt/,AEO_QUESTION
khi nào cần kiểm tra tốc độ mạng fpt?,INFORMATIONAL,SUPPORT,/ho-tro/kiem-tra-toc-do-mang-fpt/,AEO_QUESTION
modem wifi 6 fpt là gì?,INFORMATIONAL,SUPPORT,/kien-thuc/modem-wifi-6-fpt/,AEO_QUESTION
modem wifi 6 fpt hoạt động thế nào?,INFORMATIONAL,SUPPORT,/kien-thuc/modem-wifi-6-fpt/,AEO_QUESTION
modem wifi 6 fpt có ưu nhược điểm gì?,INFORMATIONAL,SUPPORT,/kien-thuc/modem-wifi-6-fpt/,AEO_QUESTION
khi nào cần modem wifi 6 fpt?,INFORMATIONAL,SUPPORT,/kien-thuc/modem-wifi-6-fpt/,AEO_QUESTION
mesh wifi là gì? là gì?,INFORMATIONAL,SUPPORT,/kien-thuc/mesh-wifi-la-gi/,AEO_QUESTION
mesh wifi là gì? hoạt động thế nào?,INFORMATIONAL,SUPPORT,/kien-thuc/mesh-wifi-la-gi/,AEO_QUESTION
mesh wifi là gì? có ưu nhược điểm gì?,INFORMATIONAL,SUPPORT,/kien-thuc/mesh-wifi-la-gi/,AEO_QUESTION
khi nào cần mesh wifi là gì??,INFORMATIONAL,SUPPORT,/kien-thuc/mesh-wifi-la-gi/,AEO_QUESTION
300 mbps đủ dùng không? là gì?,INFORMATIONAL,SUPPORT,/kien-thuc/300mbps-du-khong/,AEO_QUESTION
300 mbps đủ dùng không? hoạt động thế nào?,INFORMATIONAL,SUPPORT,/kien-thuc/300mbps-du-khong/,AEO_QUESTION
300 mbps đủ dùng không? có ưu nhược điểm gì?,INFORMATIONAL,SUPPORT,/kien-thuc/300mbps-du-khong/,AEO_QUESTION
khi nào cần 300 mbps đủ dùng không??,INFORMATIONAL,SUPPORT,/kien-thuc/300mbps-du-khong/,AEO_QUESTION
1 gbps dùng được bao nhiêu thiết bị? là gì?,INFORMATIONAL,SUPPORT,/kien-thuc/1gbps-bao-nhieu-thiet-bi/,AEO_QUESTION
1 gbps dùng được bao nhiêu thiết bị? hoạt động thế nào?,INFORMATIONAL,SUPPORT,/kien-thuc/1gbps-bao-nhieu-thiet-bi/,AEO_QUESTION
1 gbps dùng được bao nhiêu thiết bị? có ưu nhược điểm gì?,INFORMATIONAL,SUPPORT,/kien-thuc/1gbps-bao-nhieu-thiet-bi/,AEO_QUESTION
khi nào cần 1 gbps dùng được bao nhiêu thiết bị??,INFORMATIONAL,SUPPORT,/kien-thuc/1gbps-bao-nhieu-thiet-bi/,AEO_QUESTION
ftth là gì? là gì?,INFORMATIONAL,SUPPORT,/kien-thuc/ftth-la-gi/,AEO_QUESTION
ftth là gì? hoạt động thế nào?,INFORMATIONAL,SUPPORT,/kien-thuc/ftth-la-gi/,AEO_QUESTION
ftth là gì? có ưu nhược điểm gì?,INFORMATIONAL,SUPPORT,/kien-thuc/ftth-la-gi/,AEO_QUESTION
khi nào cần ftth là gì??,INFORMATIONAL,SUPPORT,/kien-thuc/ftth-la-gi/,AEO_QUESTION
xgs-pon là gì? là gì?,INFORMATIONAL,SUPPORT,/kien-thuc/xgs-pon-la-gi/,AEO_QUESTION
xgs-pon là gì? hoạt động thế nào?,INFORMATIONAL,SUPPORT,/kien-thuc/xgs-pon-la-gi/,AEO_QUESTION
xgs-pon là gì? có ưu nhược điểm gì?,INFORMATIONAL,SUPPORT,/kien-thuc/xgs-pon-la-gi/,AEO_QUESTION
khi nào cần xgs-pon là gì??,INFORMATIONAL,SUPPORT,/kien-thuc/xgs-pon-la-gi/,AEO_QUESTION
giải pháp internet fpt phù hợp với ai?,INFORMATIONAL,USE_CASE,/giai-phap/,AEO_QUESTION
giải pháp internet fpt có tốt không?,INFORMATIONAL,USE_CASE,/giai-phap/,AEO_QUESTION
giải pháp internet fpt khác gì lựa chọn khác?,INFORMATIONAL,USE_CASE,/giai-phap/,AEO_QUESTION
khi nào nên chọn giải pháp internet fpt?,INFORMATIONAL,USE_CASE,/giai-phap/,AEO_QUESTION
so sánh internet fpt khác nhau ở điểm nào?,INFORMATIONAL,COMPARE,/so-sanh/,AEO_QUESTION
nên chọn so sánh internet fpt trong trường hợp nào?,INFORMATIONAL,COMPARE,/so-sanh/,AEO_QUESTION
so sánh internet fpt cái nào phù hợp gia đình hơn?,INFORMATIONAL,COMPARE,/so-sanh/,AEO_QUESTION
cách xử lý hỗ trợ internet fpt?,SUPPORT,SUPPORT,/ho-tro/,AEO_QUESTION
vì sao hỗ trợ internet fpt?,SUPPORT,SUPPORT,/ho-tro/,AEO_QUESTION
khi nào cần gọi kỹ thuật về hỗ trợ internet fpt?,SUPPORT,SUPPORT,/ho-tro/,AEO_QUESTION
kiến thức internet fpt là gì?,INFORMATIONAL,KNOWLEDGE,/kien-thuc/,AEO_QUESTION
kiến thức internet fpt hoạt động thế nào?,INFORMATIONAL,KNOWLEDGE,/kien-thuc/,AEO_QUESTION
kiến thức internet fpt có ưu nhược điểm gì?,INFORMATIONAL,KNOWLEDGE,/kien-thuc/,AEO_QUESTION
khi nào cần kiến thức internet fpt?,INFORMATIONAL,KNOWLEDGE,/kien-thuc/,AEO_QUESTION
lắp mạng fpt theo khu vực là gì?,INFORMATIONAL,LOCAL,/khu-vuc/,AEO_QUESTION
lắp mạng fpt theo khu vực phù hợp với ai?,INFORMATIONAL,LOCAL,/khu-vuc/,AEO_QUESTION
lắp mạng fpt bao nhiêu tiền?,INFORMATIONAL,INSTALL,/lap-mang-fpt/,AEO_QUESTION
lắp mạng fpt mất bao lâu?,INFORMATIONAL,INSTALL,/lap-mang-fpt/,AEO_QUESTION
lắp mạng fpt cần thủ tục gì?,INFORMATIONAL,INSTALL,/lap-mang-fpt/,AEO_QUESTION
lắp mạng fpt có áp dụng ở khu vực của tôi không?,INFORMATIONAL,INSTALL,/lap-mang-fpt/,AEO_QUESTION
internet fpt phù hợp với ai?,INFORMATIONAL,INTERNET,/internet-fpt/,AEO_QUESTION
internet fpt có tốt không?,INFORMATIONAL,INTERNET,/internet-fpt/,AEO_QUESTION
internet fpt khác gì lựa chọn khác?,INFORMATIONAL,INTERNET,/internet-fpt/,AEO_QUESTION
khi nào nên chọn internet fpt?,INFORMATIONAL,INTERNET,/internet-fpt/,AEO_QUESTION
wifi fpt phù hợp với ai?,INFORMATIONAL,WIFI,/wifi-fpt/,AEO_QUESTION
wifi fpt có tốt không?,INFORMATIONAL,WIFI,/wifi-fpt/,AEO_QUESTION
wifi fpt khác gì lựa chọn khác?,INFORMATIONAL,WIFI,/wifi-fpt/,AEO_QUESTION
khi nào nên chọn wifi fpt?,INFORMATIONAL,WIFI,/wifi-fpt/,AEO_QUESTION
cáp quang fpt là gì?,INFORMATIONAL,FTTH,/cap-quang-fpt/,AEO_QUESTION
cáp quang fpt hoạt động thế nào?,INFORMATIONAL,FTTH,/cap-quang-fpt/,AEO_QUESTION
cáp quang fpt có ưu nhược điểm gì?,INFORMATIONAL,FTTH,/cap-quang-fpt/,AEO_QUESTION
khi nào cần cáp quang fpt?,INFORMATIONAL,FTTH,/cap-quang-fpt/,AEO_QUESTION
wifi 7 fpt phù hợp với ai?,INFORMATIONAL,WIFI7,/wifi-7/,AEO_QUESTION
wifi 7 fpt có tốt không?,INFORMATIONAL,WIFI7,/wifi-7/,AEO_QUESTION
wifi 7 fpt khác gì lựa chọn khác?,INFORMATIONAL,WIFI7,/wifi-7/,AEO_QUESTION
khi nào nên chọn wifi 7 fpt?,INFORMATIONAL,WIFI7,/wifi-7/,AEO_QUESTION
camera fpt phù hợp với ai?,INFORMATIONAL,CAMERA,/camera-fpt/,AEO_QUESTION
camera fpt có tốt không?,INFORMATIONAL,CAMERA,/camera-fpt/,AEO_QUESTION
camera fpt khác gì lựa chọn khác?,INFORMATIONAL,CAMERA,/camera-fpt/,AEO_QUESTION
khi nào nên chọn camera fpt?,INFORMATIONAL,CAMERA,/camera-fpt/,AEO_QUESTION
fpt play phù hợp với ai?,INFORMATIONAL,PLAY,/fpt-play/,AEO_QUESTION
fpt play có tốt không?,INFORMATIONAL,PLAY,/fpt-play/,AEO_QUESTION
fpt play khác gì lựa chọn khác?,INFORMATIONAL,PLAY,/fpt-play/,AEO_QUESTION
khi nào nên chọn fpt play?,INFORMATIONAL,PLAY,/fpt-play/,AEO_QUESTION
cách xử lý hỗ trợ fpt?,SUPPORT,SUPPORT,/support/,AEO_QUESTION
vì sao hỗ trợ fpt?,SUPPORT,SUPPORT,/support/,AEO_QUESTION
khi nào cần gọi kỹ thuật về hỗ trợ fpt?,SUPPORT,SUPPORT,/support/,AEO_QUESTION
tin tức fpt là gì?,INFORMATIONAL,NEWS,/tin-tuc/,AEO_QUESTION
tin tức fpt hoạt động thế nào?,INFORMATIONAL,NEWS,/tin-tuc/,AEO_QUESTION
tin tức fpt có ưu nhược điểm gì?,INFORMATIONAL,NEWS,/tin-tuc/,AEO_QUESTION
khi nào cần tin tức fpt?,INFORMATIONAL,NEWS,/tin-tuc/,AEO_QUESTION
liên hệ fpt bao nhiêu tiền?,INFORMATIONAL,CONTACT,/lien-he/,AEO_QUESTION
liên hệ fpt mất bao lâu?,INFORMATIONAL,CONTACT,/lien-he/,AEO_QUESTION
liên hệ fpt cần thủ tục gì?,INFORMATIONAL,CONTACT,/lien-he/,AEO_QUESTION
liên hệ fpt có áp dụng ở khu vực của tôi không?,INFORMATIONAL,CONTACT,/lien-he/,AEO_QUESTION
giga fpt phù hợp với ai?,INFORMATIONAL,PACKAGES,/goi-cuoc/giga/,AEO_QUESTION
giga fpt có tốt không?,INFORMATIONAL,PACKAGES,/goi-cuoc/giga/,AEO_QUESTION
giga fpt khác gì lựa chọn khác?,INFORMATIONAL,PACKAGES,/goi-cuoc/giga/,AEO_QUESTION
khi nào nên chọn giga fpt?,INFORMATIONAL,PACKAGES,/goi-cuoc/giga/,AEO_QUESTION
sky fpt phù hợp với ai?,INFORMATIONAL,PACKAGES,/goi-cuoc/sky/,AEO_QUESTION
sky fpt có tốt không?,INFORMATIONAL,PACKAGES,/goi-cuoc/sky/,AEO_QUESTION
sky fpt khác gì lựa chọn khác?,INFORMATIONAL,PACKAGES,/goi-cuoc/sky/,AEO_QUESTION
khi nào nên chọn sky fpt?,INFORMATIONAL,PACKAGES,/goi-cuoc/sky/,AEO_QUESTION
meta fpt phù hợp với ai?,INFORMATIONAL,PACKAGES,/goi-cuoc/meta/,AEO_QUESTION
meta fpt có tốt không?,INFORMATIONAL,PACKAGES,/goi-cuoc/meta/,AEO_QUESTION
meta fpt khác gì lựa chọn khác?,INFORMATIONAL,PACKAGES,/goi-cuoc/meta/,AEO_QUESTION
khi nào nên chọn meta fpt?,INFORMATIONAL,PACKAGES,/goi-cuoc/meta/,AEO_QUESTION
